[0, 0, 0, 475, -375]	2767900	[4, -1, 5, 5]	[1, 1, 1, 1]	1220832	IV	4.3970000000000000000000000000000000000
[0, 0, 0, -735, 686]	656208	[-1, 2, -1, 5]	[2, 1, 1, 1]	435456	IV	0.089000000000000000000000000000000000000
[0, 0, 0, 2166, -6859]	2573208	[3, 2, 5, -1]	[2, 1, 1, 2]	4447872	IV	0.042000000000000000000000000000000000000
[0, 0, 0, -75, -400]	1684800	[2, 2, 4, 5]	[1, 1, 3, 1]	419328	IV	0.34900000000000000000000000000000000000
[0, 0, 0, -289, 289]	1305124	[4, 4, 5]	[3, 3, 1]	1086696	IVmixed	2.9830000000000000000000000000000000000
[0, 0, 0, 169, 845]	3653104	[2, 5, 4, 5]	[1, 1, 1, 1]	1506816	IVmixed	5.2390000000000000000000000000000000000
[0, 0, 0, -250, 500]	713600	[3, -1, 5]	[2, 2, 1]	516096	IVmixed	0.27800000000000000000000000000000000000
[0, 0, 0, 2500, -6250]	2603200	[2, -2, 5]	[1, 1, 1]	2188800	IV*	0.72900000000000000000000000000000000000
[0, 0, 0, 98, -1127]	564872	[3, 4, 6, 5]	[2, 1, 2, 1]	297600	IVmixed	2.7940000000000000000000000000000000000
[0, 0, 0, 475, -375]	2767900	[4, -1, 5, 5]	[1, 1, 1, 1]	1220832	IVmixed	5.0180000000000000000000000000000000000
[0, 0, 0, 525, 350]	2910600	[-3, 2, 4, 2, 5]	[2, 1, 3, 1, 1]	2550528	IV	0.87700000000000000000000000000000000000
[0, 0, 0, 361, 5054]	607924	[-4, 4, 5]	[1, 1, 1]	259200	IV	1.3570000000000000000000000000000000000
[0, 0, 0, -2028, 6591]	1387152	[2, 2, -5, 5]	[1, 1, 4, 1]	1257984	IVmixed	0.37000000000000000000000000000000000000
[0, 0, 0, 121, 847]	1749176	[3, 4, 5, 5]	[2, 1, 1, 1]	425472	IV	6.3640000000000000000000000000000000000
[0, 0, 0, 500, -1000]	843200	[-1, -1, 5, 5]	[1, 2, 1, 1]	1142784	IVmixed	0.17000000000000000000000000000000000000
[0, 0, 0, 625, -4375]	1529200	[2, -4, 5]	[1, 1, 1]	671520	IV*	5.7580000000000000000000000000000000000
[0, 0, 0, -3125, 3125]	1247300	[4, -2, 5]	[3, 1, 1]	1400400	IV*	11.487000000000000000000000000000000000
[0, 0, 0, -2401, -9604]	3595424	[3, -4, 5]	[2, 1, 1]	9773568	IV*	11.644000000000000000000000000000000000
[0, 0, 0, -450, -250]	1857600	[2, 2, -5, 5]	[1, 1, 2, 1]	1382400	IV	0.90300000000000000000000000000000000000
[0, 0, 0, 441, 1029]	2476656	[2, 2, -1, 5]	[1, 1, 2, 1]	1658880	IVmixed	0.087000000000000000000000000000000000000
[0, 0, 0, -100, 75]	2462800	[2, 4, 5, 5]	[1, 1, 1, 1]	495936	IV	4.4140000000000000000000000000000000000
[0, 0, 0, -1250, -6875]	3346600	[3, -4, 5, 5]	[2, 3, 1, 1]	3191040	IV*	24.984000000000000000000000000000000000
[0, 0, 0, 100, 275]	3866800	[2, 4, 5, 5]	[1, 3, 1, 1]	585792	IVmixed	7.0860000000000000000000000000000000000
[0, 0, 0, 575, 750]	3971200	[2, -5, 5, 5]	[1, 2, 1, 1]	1594368	IV	7.9280000000000000000000000000000000000
[0, 0, 0, -242, -726]	1122880	[2, 6, 4, 5]	[1, 2, 3, 1]	245760	IVmixed	1.0010000000000000000000000000000000000
[0, 0, 0, -49, 539]	2407664	[2, 4, 5, 5]	[1, 3, 1, 1]	1199232	IV	3.1840000000000000000000000000000000000
[0, 0, 0, -2401, 21609]	1453732	[4, -4, 5]	[3, 3, 1]	1321488	IV*	7.7200000000000000000000000000000000000
[0, 0, 0, 625, 750]	1586800	[-1, -1, 5]	[2, 2, 1]	626688	IVmixed	1.2140000000000000000000000000000000000
[0, 0, 0, -3125, -625]	2550800	[2, -4, 7, 5]	[1, 3, 3, 1]	2643840	IV*	4.8970000000000000000000000000000000000
[0, 0, 0, 245, -1470]	2391200	[-1, 2, 4, 5]	[1, 1, 1, 1]	736704	IV	1.2590000000000000000000000000000000000
[0, 0, 0, 450, 500]	950400	[3, 2, -5, 5]	[2, 1, 2, 1]	460800	IVmixed	0.38600000000000000000000000000000000000
[0, 0, 0, 578, -24565]	3269168	[2, 5, -1, 5]	[1, 1, 2, 1]	9787392	IVmixed	0.23100000000000000000000000000000000000
[0, 0, 0, -1250, 2500]	3913600	[3, -4, 5]	[2, 3, 1]	2707200	IV*	7.1570000000000000000000000000000000000
[0, 0, 0, -14641, 161051]	884752	[2, -2, 5]	[1, 1, 1]	4359168	IV*	0.81900000000000000000000000000000000000
[0, 0, 0, -242, 1210]	2268992	[2, 4, 5]	[1, 1, 1]	1492224	IVmixed	1.8060000000000000000000000000000000000
[0, 0, 0, -475, 150]	1070200	[-2, 4, 5]	[1, 3, 1]	466560	IV	7.2810000000000000000000000000000000000
[0, 0, 0, 14641, 58564]	2330944	[2, 7, -4, 5]	[1, 1, 3, 1]	6082560	IV*	2.2160000000000000000000000000000000000
[0, 0, 0, 50, -300]	937600	[3, 4, 5]	[2, 1, 1]	154368	IV	1.4540000000000000000000000000000000000
[0, 0, 0, -4375, -6250]	854800	[-1, -2, 5]	[2, 1, 1]	3048960	IV*	3.2900000000000000000000000000000000000
[0, 0, 0, -775, 1150]	2608900	[-4, 4, 6, 5]	[3, 3, 2, 1]	3584736	IVmixed	20.263000000000000000000000000000000000
[0, 0, 0, -125, -425]	1878800	[2, 4, 5, 5, 5]	[1, 1, 1, 1, 1]	448128	IVmixed	3.1310000000000000000000000000000000000
[0, 0, 0, -775, -250]	2976400	[-1, -1, 5, 5]	[2, 1, 1, 1]	4478976	IVmixed	2.3810000000000000000000000000000000000
[0, 0, 0, -7203, 16807]	2063880	[3, 2, 5, -2, 5]	[2, 1, 1, 1, 1]	4467456	IV*	1.6100000000000000000000000000000000000
[0, 0, 0, -500, -375]	3175700	[4, -1, 5, 5]	[3, 2, 1, 1]	1683072	IV	4.8060000000000000000000000000000000000
[0, 0, 0, -392, 196]	1224020	[-4, 5, 4, 5]	[3, 1, 3, 1]	544320	IVmixed	5.9330000000000000000000000000000000000
[0, 0, 0, -475, 550]	2102600	[-3, 4, 5]	[2, 1, 1]	1982208	IV	14.835000000000000000000000000000000000
[0, 0, 0, 9604, -16807]	2463916	[4, -2, 5, 5]	[3, 1, 1, 1]	5188176	IV*	14.970000000000000000000000000000000000
[0, 0, 0, -147, -784]	1270080	[2, 2, 5, 4]	[1, 1, 1, 1]	366336	IV	0.19400000000000000000000000000000000000
[0, 0, 0, -3750, 6250]	2865600	[2, 3, -2, 5]	[1, 2, 1, 1]	3409920	IV*	1.8490000000000000000000000000000000000
[0, 0, 0, 245, 1470]	2391200	[-1, 2, 4, 5]	[2, 1, 3, 1]	736704	IV	1.2930000000000000000000000000000000000
[0, 0, 0, 605, 242]	1833392	[-6, 4, 5]	[4, 1, 1]	2755584	IV	2.9930000000000000000000000000000000000
[0, 0, 0, 1859, 2197]	3617276	[4, -1, 5]	[3, 2, 1]	6759936	IV	0.84800000000000000000000000000000000000
[0, 0, 0, -1452, 2662]	1463616	[2, 4, 5, -1]	[1, 3, 1, 2]	1228800	IVmixed	0.0070000000000000000000000000000000000000
[0, 0, 0, 600, -500]	1393200	[-1, 2, -1, 5]	[2, 1, 2, 1]	884736	IV	0.066000000000000000000000000000000000000
[0, 0, 0, -361, -12274]	2818688	[2, 4, 6]	[1, 3, 2]	3731328	IV	1.3990000000000000000000000000000000000
[0, 0, 0, -825, -875]	569700	[4, 2, -6, 5]	[1, 1, 2, 1]	311040	IV	1.0570000000000000000000000000000000000
[0, 0, 0, -392, 980]	1097012	[-4, 4, 5, 5]	[1, 1, 1, 1]	938016	IVmixed	5.5900000000000000000000000000000000000
[0, 0, 0, 2401, -14406]	518224	[-1, -4, 5]	[1, 3, 1]	473760	IV*	0.70000000000000000000000000000000000000
[0, 0, 0, 2401, -2401]	3775352	[3, -4, 5]	[2, 1, 1]	4430160	IV*	20.687000000000000000000000000000000000
[0, 0, 0, -196, 882]	2976064	[2, 4, 5, 5]	[1, 3, 1, 1]	656640	IV	0.67200000000000000000000000000000000000
[0, 0, 0, -121, 1573]	1974236	[4, 4, 5]	[1, 1, 1]	1534032	IV	6.5090000000000000000000000000000000000
[0, 0, 0, 121, -3630]	2998864	[-1, 4, 5]	[1, 3, 1]	1013760	IV	2.7840000000000000000000000000000000000
[0, 0, 0, -825, -375]	2870100	[4, 2, -5, 5]	[3, 1, 2, 1]	1461888	IVmixed	6.3610000000000000000000000000000000000
[0, 0, 0, 441, -1029]	1238328	[3, 2, -1, 5]	[2, 1, 2, 1]	829440	IV	0.12200000000000000000000000000000000000
[0, 0, 0, -3125, -625]	2550800	[2, -4, 7, 5]	[1, 3, 3, 1]	2643840	IV*	5.6410000000000000000000000000000000000
[0, 0, 0, -4802, -16807]	604072	[3, -2, 5, 5]	[2, 1, 1, 1]	717696	IV*	3.5080000000000000000000000000000000000
[0, 0, 0, -841, -10092]	3525472	[3, 4, 5]	[2, 1, 1]	1463040	IVmixed	2.4540000000000000000000000000000000000
[0, 0, 0, -150, 100]	604800	[3, 2, 4, 6]	[2, 1, 3, 2]	165888	IV	0.27100000000000000000000000000000000000
[0, 0, 0, 2312, -9826]	1424192	[2, 6, 5, -1]	[1, 2, 1, 2]	2949120	IV	0.012000000000000000000000000000000000000
[0, 0, 0, -147, 147]	1979208	[3, 2, 4, 5, 5]	[2, 1, 1, 1, 1]	567936	IV	2.4430000000000000000000000000000000000
[0, 0, 0, -300, -450]	3124800	[2, 3, 4, 6, 5]	[1, 2, 1, 2, 1]	1290240	IV	0.30600000000000000000000000000000000000
[0, 0, 0, 363, 3509]	3463020	[4, 2, 6, 4, 5]	[3, 1, 2, 1, 1]	1451520	IV	3.0020000000000000000000000000000000000
[0, 0, 0, -2057, 1331]	1519760	[2, 7, -1, 5]	[1, 3, 1, 1]	1647360	IV	0.16500000000000000000000000000000000000
[0, 0, 0, 75, -200]	885600	[3, 2, 4, 5]	[2, 1, 1, 1]	223488	IV	0.73200000000000000000000000000000000000
[0, 0, 0, -200, -600]	891200	[-1, 4, 5]	[2, 3, 1]	239616	IV	0.76400000000000000000000000000000000000
[0, 0, 0, 343, 1372]	707168	[3, -1, 5, 5]	[2, 1, 1, 1]	209664	IV	0.28100000000000000000000000000000000000
[0, 0, 0, 845, -10478]	3977584	[-7, 4, 5]	[4, 3, 1]	5986560	IVmixed	5.8170000000000000000000000000000000000
[0, 0, 0, -75, 100]	907200	[2, 2, 4, 5]	[1, 1, 3, 1]	170496	IV	0.23800000000000000000000000000000000000
[0, 0, 0, 625, -4375]	1529200	[2, -4, 5]	[1, 1, 1]	671520	IV*	5.3370000000000000000000000000000000000
[0, 0, 0, 150, -650]	1771200	[2, 4, 4, 5]	[1, 3, 3, 1]	676224	IV	0.82900000000000000000000000000000000000
[0, 0, 0, 1445, 21386]	2640304	[-9, 4, 5]	[4, 1, 1]	8293536	IVmixed	1.5380000000000000000000000000000000000
[0, 0, 0, 9604, -16807]	2463916	[4, -2, 5, 5]	[3, 1, 1, 1]	5188176	IV*	14.723000000000000000000000000000000000
[0, 0, 0, 294, 1372]	508032	[3, 2, -1]	[2, 1, 2]	276480	IVmixed	0.011000000000000000000000000000000000000
[0, 0, 0, 343, -686]	1160320	[2, 5, -1, 5]	[1, 1, 1, 1]	508032	IV	0.25900000000000000000000000000000000000
[0, 0, 0, 2401, 24010]	602896	[-1, -4, 5]	[1, 1, 1]	695520	IV*	0.89500000000000000000000000000000000000
[0, 0, 0, 147, 392]	917280	[3, 3, 5, 4, 5]	[2, 2, 1, 3, 1]	211968	IVmixed	0.74600000000000000000000000000000000000
[0, 0, 0, -2401, 28812]	2240672	[3, -4, 5]	[2, 1, 1]	2521344	IV*	6.6260000000000000000000000000000000000
[0, 0, 0, -100, 825]	2300300	[4, 4, 5]	[3, 1, 1]	493236	IV	16.459000000000000000000000000000000000
[0, 0, 0, -150, 575]	2926800	[2, 2, 4, 5]	[1, 1, 1, 1]	787968	IV	2.3870000000000000000000000000000000000
[0, 0, 0, 250, -200]	1196800	[3, 4, 5, 6]	[2, 1, 1, 2]	391680	IV	0.54400000000000000000000000000000000000
[0, 0, 0, -28561, -142805]	911248	[2, -4, 6]	[1, 1, 2]	5945472	IV*	0.67300000000000000000000000000000000000
[0, 0, 0, -100, -150]	2171200	[2, 4, 5, 5]	[1, 3, 1, 1]	311040	IV	0.49600000000000000000000000000000000000
[0, 0, 0, -2401, -7203]	1834756	[4, -4, 5, 5, 5]	[1, 3, 1, 1, 1]	2062368	IV*	9.9520000000000000000000000000000000000
[0, 0, 0, 5625, -1250]	3797100	[-4, 3, -4, 5]	[3, 2, 1, 1]	3994560	IV*	10.003000000000000000000000000000000000
[0, 0, 0, -98, 1715]	504112	[2, -1, 5]	[1, 1, 1]	338688	IV	0.17400000000000000000000000000000000000
[1, -1, 1, -527, 1097]	3185406	[5, 2, 5, 4]	[1, 1, 1, 1]	1767744	IVmixed	0.52400000000000000000000000000000000000
[0, 0, 0, 1875, 625]	2250900	[4, 3, -4, 5, 5]	[1, 2, 3, 1, 1]	1566720	IV*	5.7090000000000000000000000000000000000
[0, 0, 0, 2116, -16928]	1540448	[-7, 6, 5, 4]	[2, 2, 1, 1]	1142784	IVmixed	1.2530000000000000000000000000000000000
[0, 0, 0, -980, 1715]	3508400	[2, 2, -5, 5]	[1, 1, 2, 1]	1824768	IV	1.0180000000000000000000000000000000000
[0, 0, 0, -1875, 3750]	1663200	[-1, 2, -4, 5, 5]	[2, 1, 3, 1, 1]	1440000	IV*	1.4570000000000000000000000000000000000
[0, 0, 0, 625, -7500]	2555200	[2, -4, 5]	[1, 1, 1]	1824000	IV*	4.9110000000000000000000000000000000000
[0, 0, 0, -625, 3750]	611200	[2, -4, 5]	[1, 3, 1]	201600	IV*	1.1580000000000000000000000000000000000
[0, 0, 0, -125, 700]	1733600	[3, 4, 5, 5]	[2, 1, 1, 1]	294912	IVmixed	5.6230000000000000000000000000000000000
[0, 0, 0, 2500, -3125]	2570800	[2, -2, 5]	[1, 1, 1]	3173760	IV*	5.1380000000000000000000000000000000000
[0, 0, 0, -242, -363]	3512872	[3, 4, 5, 5]	[2, 1, 1, 1]	1392768	IV	10.919000000000000000000000000000000000
[0, 0, 0, 12005, 24010]	921200	[-10, 2, -4, 5]	[4, 1, 1, 1]	5225472	IV*	0.27500000000000000000000000000000000000
[0, 0, 0, 2401, 7203]	3860024	[3, -4, 5, 5]	[2, 1, 1, 1]	3798144	IV*	20.692000000000000000000000000000000000
[0, 0, 0, -1183, 10985]	1884688	[2, -1, 5, 5]	[1, 2, 1, 1]	3686400	IVmixed	0.22500000000000000000000000000000000000
[0, 0, 0, 725, -750]	2463200	[-1, -1, 5]	[1, 2, 1]	1593344	IV	2.0960000000000000000000000000000000000
[0, 0, 0, -450, -125]	3106800	[2, 3, -1, 5]	[1, 2, 1, 1]	1756160	IV	0.91100000000000000000000000000000000000
[0, 0, 0, 294, 1960]	3725568	[3, 4, 4, 5]	[2, 1, 1, 1]	1778688	IV	0.40100000000000000000000000000000000000
[0, 0, 0, 425, -850]	3265700	[-4, 4, 2, 5]	[3, 3, 1, 1]	3263328	IVmixed	1.4480000000000000000000000000000000000
[0, 0, 0, -250, 875]	1070800	[2, -1, 5]	[1, 2, 1]	617472	IV	0.71400000000000000000000000000000000000
[0, 0, 0, 2401, -14406]	518224	[-1, -4, 5]	[1, 3, 1]	473760	IV*	0.68600000000000000000000000000000000000
[0, 0, 0, 275, 375]	2226800	[2, -1, 5, 5]	[1, 2, 1, 1]	706560	IVmixed	0.87700000000000000000000000000000000000
[0, 0, 0, -1452, 4840]	1184832	[-1, -1, 4, 5]	[1, 2, 1, 1]	1695744	IV	0.065000000000000000000000000000000000000
[1, -1, 1, -347, -1127]	1098306	[5, 2, 5, 4]	[1, 1, 1, 3]	468720	IVmixed	0.43400000000000000000000000000000000000
[0, 0, 0, -1519, 686]	833392	[-1, -5, 5]	[2, 2, 1]	1990656	IVmixed	1.9890000000000000000000000000000000000
[0, 0, 0, -841, 7569]	3959428	[4, 5, 4, 5]	[3, 1, 3, 1]	1536480	IVmixed	5.2040000000000000000000000000000000000
[0, 0, 0, 490, 1715]	3665200	[2, 2, -1, 5, 5]	[1, 1, 1, 1, 1]	1596672	IVmixed	0.30200000000000000000000000000000000000
[0, 0, 0, 3125, -3750]	979600	[-7, -4, 5, 5]	[4, 3, 1, 1]	731520	IV*	3.5720000000000000000000000000000000000
[0, 0, 0, 490, 2058]	3898048	[2, -1, 5, 5]	[1, 2, 1, 1]	1253376	IVmixed	0.76400000000000000000000000000000000000
[0, 0, 0, 1331, -1331]	2589884	[4, -1, 5]	[3, 2, 1]	4224960	IVmixed	0.84100000000000000000000000000000000000
[0, 0, 0, -2500, 2500]	1994600	[-5, -4, 5]	[4, 3, 1]	6135840	IV*	14.339000000000000000000000000000000000
[0, 0, 0, 507, 1183]	3528720	[2, 3, 6, 4, 5]	[1, 2, 2, 1, 1]	2027520	IV	0.95800000000000000000000000000000000000
[0, 0, 0, 196, -735]	3649324	[4, 4, 5, 5]	[3, 1, 1, 1]	905688	IV	19.242000000000000000000000000000000000
[0, 0, 0, -12005, 19208]	1626016	[3, -4, 7, 5]	[2, 3, 1, 1]	3161088	IV*	4.4380000000000000000000000000000000000
[0, 0, 0, -98, -980]	3618944	[3, 4, 5]	[2, 3, 1]	1214208	IV	4.4770000000000000000000000000000000000
[0, 0, 0, -2500, -2500]	3989200	[-1, -4, 5]	[1, 3, 1]	12271680	IV*	15.256000000000000000000000000000000000
[0, 0, 0, -1250, 5000]	3654400	[3, -4, 5]	[2, 1, 1]	2538240	IV*	1.8280000000000000000000000000000000000
[0, 0, 0, 625, -4375]	1529200	[2, -4, 5]	[1, 1, 1]	671520	IV*	5.3470000000000000000000000000000000000
[0, 0, 0, -1875, -625]	1927800	[3, 2, -4, 6, 5]	[2, 1, 3, 2, 1]	1728000	IV*	1.5440000000000000000000000000000000000
[0, 0, 0, -400, -875]	1506100	[4, -1, 5]	[1, 1, 1]	1264896	IVmixed	2.2600000000000000000000000000000000000
[0, 0, 0, 4802, 16807]	1250480	[2, 5, -2, 5, 5]	[1, 1, 1, 1, 1]	3601920	IV*	3.4310000000000000000000000000000000000
[0, 0, 0, -2366, 4394]	2260544	[2, 5, -5, 5]	[1, 1, 4, 1]	2365440	IV	1.6740000000000000000000000000000000000
[0, 0, 0, 2401, 24010]	602896	[-1, -4, 5]	[1, 1, 1]	695520	IV*	0.91500000000000000000000000000000000000
[1, -1, 0, -15660, 1305]	1131435	[4, 5, -4, 5]	[3, 1, 3, 1]	3730752	IV*	1.3370000000000000000000000000000000000
[0, 0, 0, -3750, 6250]	2865600	[2, 3, -2, 5]	[1, 2, 1, 1]	3409920	IV*	1.8670000000000000000000000000000000000
[0, 0, 0, -12005, 19208]	1626016	[3, -4, 7, 5]	[2, 3, 1, 1]	3161088	IV*	4.5140000000000000000000000000000000000
[0, 0, 0, 2178, -5324]	2090880	[3, 2, 5, -5]	[2, 1, 1, 4]	2304000	IVmixed	0.57600000000000000000000000000000000000
[0, 0, 0, 25, -875]	530800	[2, -1, 5]	[1, 2, 1]	116736	IV	0.39900000000000000000000000000000000000
[0, 0, 0, -2523, 72326]	1271592	[-3, 4, 5, 4]	[2, 3, 1, 3]	1175040	IVmixed	0.44900000000000000000000000000000000000
[0, 0, 0, -121, 726]	944768	[2, 4, 5]	[1, 1, 1]	172800	IV	0.72300000000000000000000000000000000000
[0, 0, 0, -363, -4114]	2195424	[-1, 2, 5, 4]	[2, 1, 1, 1]	1274112	IV	0.42300000000000000000000000000000000000
[0, 0, 0, -3125, -625]	2550800	[2, -4, 7, 5]	[1, 3, 3, 1]	2643840	IV*	4.9630000000000000000000000000000000000
[0, 0, 0, 325, 125]	705200	[2, -5, 5, 5]	[1, 2, 1, 1]	350208	IV	2.3600000000000000000000000000000000000
[0, 0, 0, -1250, 7500]	3222400	[3, -4, 5, 5]	[2, 1, 1, 1]	3256320	IV*	6.0630000000000000000000000000000000000
[0, 0, 0, 147, -490]	2088576	[2, 3, 4, 5]	[1, 2, 3, 1]	1044480	IVmixed	0.86400000000000000000000000000000000000
[0, 0, 0, -1849, 29584]	650848	[3, 6, 4]	[2, 2, 3]	870912	IV	0.34400000000000000000000000000000000000
[0, 0, 0, -2527, -5054]	707560	[-5, 8, 2, 4]	[4, 4, 1, 3]	1658880	IV	0.30500000000000000000000000000000000000
[0, 0, 0, -1250, -2500]	3913600	[3, -4, 5]	[2, 3, 1]	2707200	IV*	7.5460000000000000000000000000000000000
[0, 0, 0, 392, -1029]	1796144	[2, -1, 5, 5]	[1, 2, 1, 1]	604800	IV	0.35400000000000000000000000000000000000
[0, 0, 0, -1250, -4375]	3735400	[3, -4, 5, 5]	[2, 1, 1, 1]	1923840	IV*	26.767000000000000000000000000000000000
[0, 0, 0, 2500, 6250]	2603200	[2, -2, 5]	[1, 1, 1]	2188800	IV*	0.70200000000000000000000000000000000000
[0, 0, 0, -500, 1125]	2981300	[4, -1, 5, 5]	[1, 2, 1, 1]	1092096	IVmixed	4.4430000000000000000000000000000000000
[0, 0, 0, -625, 1875]	902800	[2, -4, 5, 5]	[1, 1, 1, 1]	417600	IV*	1.7080000000000000000000000000000000000
[0, 0, 0, 625, -4375]	1529200	[2, -4, 5]	[1, 1, 1]	671520	IV*	5.5190000000000000000000000000000000000
[0, 0, 0, 625, -4375]	1529200	[2, -4, 5]	[1, 1, 1]	671520	IV*	5.2640000000000000000000000000000000000
[0, 0, 0, -200, -200]	1236800	[-1, 4, 5]	[2, 1, 1]	368640	IVmixed	1.0390000000000000000000000000000000000
[0, 0, 0, -605, 6050]	2710400	[2, 3, 5, 4]	[1, 2, 1, 1]	998400	IVmixed	0.47900000000000000000000000000000000000
[0, 0, 0, -507, -3042]	535392	[-1, 3, 5, 4]	[2, 2, 1, 1]	205824	IV	0.23600000000000000000000000000000000000
[0, 0, 0, -29282, -161051]	3721960	[3, 5, -2, 5]	[2, 1, 1, 1]	11109120	IV*	13.723000000000000000000000000000000000
[0, 0, 0, -1250, 625]	3994600	[3, -4, 5]	[2, 3, 1]	2689920	IV*	29.503000000000000000000000000000000000
[0, 0, 0, 196, 1960]	2731456	[-1, 4, 5, 5]	[1, 1, 1, 1]	1101312	IVmixed	1.8480000000000000000000000000000000000
[0, 0, 0, -625, -3750]	611200	[2, -4, 5]	[1, 3, 1]	201600	IV*	1.1890000000000000000000000000000000000
[0, 0, 0, -3125, 625]	637700	[4, -4, 7, 5]	[1, 3, 1, 1]	660960	IV*	5.0540000000000000000000000000000000000
[0, 0, 0, -1352, 13182]	2909504	[2, -1, 5]	[1, 4, 1]	1990656	IVmixed	0.028000000000000000000000000000000000000
[0, 0, 0, -1250, -7500]	3222400	[3, -4, 5, 5]	[2, 1, 1, 1]	3256320	IV*	5.9520000000000000000000000000000000000
[0, 0, 0, -1875, 625]	3855600	[2, 2, -4, 6, 5]	[1, 1, 3, 2, 1]	3456000	IV*	1.6510000000000000000000000000000000000
[0, 0, 0, 1815, 1573]	3262644	[4, -5, 5, 4, 5]	[1, 4, 1, 1, 1]	2916864	IVmixed	3.9390000000000000000000000000000000000
[0, 0, 0, -2500, 5000]	3956800	[-1, -4, 5]	[1, 1, 1]	8282880	IV*	2.0170000000000000000000000000000000000
[0, 0, 0, 14641, 58564]	2330944	[2, 7, -4, 5]	[1, 1, 3, 1]	6082560	IV*	2.2820000000000000000000000000000000000
[0, 0, 0, -338, 2535]	1803568	[2, 4, 5, 5]	[1, 1, 1, 1]	911616	IV	2.4020000000000000000000000000000000000
[0, 0, 0, -722, 7220]	2171776	[3, 4, 5]	[2, 3, 1]	1186560	IV	1.0720000000000000000000000000000000000
[0, 0, 0, -3750, -6250]	2865600	[2, 3, -2, 5]	[1, 2, 1, 1]	3409920	IV*	1.9920000000000000000000000000000000000
[0, 0, 0, -875, -625]	1366600	[3, -4, 5]	[2, 3, 1]	683520	IV	9.7070000000000000000000000000000000000
[0, 0, 0, -1875, 3750]	1663200	[-1, 2, -4, 5, 5]	[2, 1, 3, 1, 1]	1440000	IV*	1.5280000000000000000000000000000000000
[0, 0, 0, -75, 525]	3682800	[2, 2, 4, 5, 5]	[1, 1, 3, 1, 1]	875520	IVmixed	3.0640000000000000000000000000000000000
[0, 0, 0, -425, -750]	1494400	[2, -5, 5]	[1, 4, 1]	620544	IV	2.6150000000000000000000000000000000000
[1, -1, 0, -15660, 1305]	1131435	[4, 5, -4, 5]	[3, 1, 3, 1]	3730752	IV*	1.2980000000000000000000000000000000000
[0, 0, 0, -121, -1815]	2706044	[4, 4, 5]	[3, 1, 1]	909072	IV	9.3590000000000000000000000000000000000
[0, 0, 0, 225, 875]	847800	[3, 2, -1, 5]	[2, 1, 1, 1]	279936	IV	0.29000000000000000000000000000000000000
[0, 0, 0, -4913, -4913]	3629840	[2, 7, -1, 5]	[1, 1, 2, 1]	5971968	IV	0.13500000000000000000000000000000000000
[0, 0, 0, 140, -700]	2420600	[-5, 3, 2, 5, 5]	[4, 2, 1, 1, 1]	1500672	II,II	2.3280000000000000000000000000000000000
[0, 0, 0, -140, 665]	3856300	[4, 2, 2, 5]	[3, 1, 1, 1]	666144	II,II	3.7070000000000000000000000000000000000
[0, 0, 0, 121, 1573]	1395856	[2, 6, 4, 5]	[1, 2, 1, 1]	537600	IVmixed	2.1300000000000000000000000000000000000
[0, 0, 0, 2116, 12167]	2395312	[2, -1, 5]	[1, 1, 1]	2395008	IVmixed	0.054000000000000000000000000000000000000
[0, 0, 0, -1587, -7406]	3427920	[-7, 2, 5, 4]	[4, 1, 1, 3]	2916864	IV	0.33100000000000000000000000000000000000
[0, 0, 0, 800, -500]	3287600	[-1, -1, 5]	[2, 1, 1]	3682560	IV	1.2660000000000000000000000000000000000
[0, 0, 0, 784, 1715]	1910608	[2, -5, 5]	[1, 4, 1]	1304064	IV	2.6050000000000000000000000000000000000
[0, 0, 0, 147, -392]	917280	[3, 3, 5, 4, 5]	[2, 2, 1, 1, 1]	211968	IV	0.78200000000000000000000000000000000000
[0, 0, 0, -625, -3750]	611200	[2, -4, 5]	[1, 3, 1]	201600	IV*	1.0100000000000000000000000000000000000
[0, 0, 0, 2527, -34295]	2955868	[4, -1, 5, 5]	[3, 1, 1, 1]	4617000	IVmixed	0.34900000000000000000000000000000000000
[1, -1, 0, -15660, 1305]	1131435	[4, 5, -4, 5]	[3, 1, 3, 1]	3730752	IV*	1.3160000000000000000000000000000000000
[0, 0, 0, 925, -750]	1272400	[-6, -1, 5]	[2, 1, 1]	860160	IV	0.88400000000000000000000000000000000000
[0, 0, 0, 845, -11154]	2134808	[-2, 4, 5]	[1, 3, 1]	1034496	IVmixed	5.9840000000000000000000000000000000000
[0, 0, 0, 625, 5625]	1874800	[2, -4, 5, 5]	[1, 3, 1, 1]	1150080	IV*	6.7090000000000000000000000000000000000
[0, 0, 0, 625, 2500]	1172800	[2, -4, 5]	[1, 3, 1]	587520	IV*	2.4250000000000000000000000000000000000
[0, 0, 0, 7581, 6498]	571824	[-12, 3, 6, 4]	[4, 2, 2, 1]	940032	IVmixed	0.14700000000000000000000000000000000000
[0, 0, 0, -625, 3750]	611200	[2, -4, 5]	[1, 3, 1]	201600	IV*	1.1620000000000000000000000000000000000
[0, 0, 0, 625, 2500]	1172800	[2, -4, 5]	[1, 3, 1]	587520	IV*	2.4240000000000000000000000000000000000
[0, 0, 0, 4477, -7986]	3079208	[-3, -1, 5]	[2, 4, 1]	3932160	IVmixed	1.1630000000000000000000000000000000000
[0, 0, 0, -2401, -28812]	2240672	[3, -4, 5]	[2, 3, 1]	2521344	IV*	6.4440000000000000000000000000000000000
[0, 0, 0, -425, 2125]	1184900	[4, -1, 2, 5]	[1, 1, 1, 1]	483840	II,II	0.15200000000000000000000000000000000000
[0, 0, 0, -125, 275]	3693200	[2, 4, 5, 5]	[1, 3, 1, 1]	700416	IVmixed	7.2160000000000000000000000000000000000
[0, 0, 0, -121, 1573]	1974236	[4, 4, 5]	[1, 1, 1]	1534032	IV	6.6880000000000000000000000000000000000
[0, 0, 0, -2401, 19208]	3087392	[3, -4, 5, 5]	[2, 3, 1, 1]	7279104	IV*	8.7910000000000000000000000000000000000
[0, 0, 0, 961, -9610]	1572196	[-4, 4, 5]	[1, 1, 1]	1071720	IV	1.9950000000000000000000000000000000000
[0, 0, 0, -1250, 5000]	3654400	[3, -4, 5]	[2, 1, 1]	2538240	IV*	2.1580000000000000000000000000000000000
[0, 0, 0, -325, 125]	876100	[4, -1, 5]	[3, 1, 1]	692160	IVmixed	1.3230000000000000000000000000000000000
[0, 0, 0, -299, 4186]	1430416	[-12, 2, 2]	[2, 1, 1]	580608	II,II	0.054000000000000000000000000000000000000
[0, 0, 0, -4802, 16807]	1208144	[2, -2, 5, 5]	[1, 1, 1, 1]	1435392	IV*	3.5080000000000000000000000000000000000
[0, 0, 0, -392, -686]	1520960	[2, 5, -1, 5]	[1, 1, 1, 1]	653184	IVmixed	0.051000000000000000000000000000000000000
[0, 0, 0, 9604, -16807]	2463916	[4, -2, 5, 5]	[3, 1, 1, 1]	5188176	IV*	15.695000000000000000000000000000000000
[0, 0, 0, -1470, 686]	1044288	[2, -1, -1, 5]	[1, 1, 1, 1]	725760	IV	0.023000000000000000000000000000000000000
[0, 0, 0, 484, -3993]	966064	[2, -1, 5]	[1, 2, 1]	504000	IV	0.082000000000000000000000000000000000000
[0, 0, 0, 289, 5202]	1431128	[-5, 4, 5]	[2, 3, 1]	1002528	IVmixed	3.0410000000000000000000000000000000000
[0, 0, 0, -578, 14739]	975664	[2, -1, 5]	[1, 2, 1]	497664	IVmixed	0.073000000000000000000000000000000000000
[0, 0, 0, -484, -1936]	727936	[-6, 4, 5]	[2, 1, 1]	915456	IV	0.65800000000000000000000000000000000000
[0, 0, 0, -475, -150]	2140400	[-7, 4, 5]	[4, 3, 1]	933120	IV	7.7430000000000000000000000000000000000
[0, 0, 0, -35, -490]	901600	[-1, 2, 3, 5]	[2, 1, 2, 1]	153600	II,II	0.42700000000000000000000000000000000000
[0, 0, 0, -490, 343]	3114832	[2, -1, 5, 5]	[1, 1, 1, 1]	2893440	IVmixed	1.1940000000000000000000000000000000000
[0, 0, 0, -361, -2888]	820192	[3, 4, 5]	[2, 3, 1]	589824	IV	0.70700000000000000000000000000000000000
[0, 0, 0, -4563, 4394]	1022112	[-1, 2, 5, -5]	[1, 1, 1, 4]	1741824	IVmixed	0.39000000000000000000000000000000000000
[0, 0, 0, 1875, 5625]	2322900	[4, 3, -4, 5, 5]	[1, 2, 3, 1, 1]	2335680	IV*	5.9630000000000000000000000000000000000
[0, 0, 0, 798, 2527]	2547216	[2, -6, 2, 3]	[1, 2, 1, 2]	1413120	II,II	0.15700000000000000000000000000000000000
[0, 0, 0, -343, -1617]	2965480	[3, 6, 4, 5, 5]	[2, 2, 3, 1, 1]	1092096	IV	14.856000000000000000000000000000000000
[0, 0, 0, 14641, 58564]	2330944	[2, 7, -4, 5]	[1, 1, 3, 1]	6082560	IV*	2.2130000000000000000000000000000000000
[0, 0, 0, -1587, -13754]	2285280	[-1, 4, 5, 4]	[2, 3, 1, 1]	2230272	IV	0.51200000000000000000000000000000000000
[0, 0, 0, -169, -1014]	800384	[2, 4, 5]	[1, 1, 1]	294912	IV	0.56500000000000000000000000000000000000
[0, 0, 0, -175, 825]	1958800	[2, 4, 5, 5]	[1, 1, 1, 1]	384384	IV	6.2670000000000000000000000000000000000
[0, 0, 0, 625, 7500]	2555200	[2, -4, 5]	[1, 1, 1]	1824000	IV*	4.6300000000000000000000000000000000000
[0, 0, 0, 4802, 16807]	1250480	[2, 5, -2, 5, 5]	[1, 1, 1, 1, 1]	3601920	IV*	3.1920000000000000000000000000000000000
[0, 0, 0, 169, 3718]	2322736	[-1, 4, 5]	[2, 3, 1]	1067520	IVmixed	3.1630000000000000000000000000000000000
[0, 0, 0, 625, -4375]	1529200	[2, -4, 5]	[1, 1, 1]	671520	IV*	5.4940000000000000000000000000000000000
[0, 0, 0, 625, -6875]	2306800	[2, -4, 5, 5]	[1, 3, 1, 1]	1004160	IV*	8.3860000000000000000000000000000000000
[0, 0, 0, -539, 2401]	3136784	[2, -1, 5]	[1, 4, 1]	1413120	IVmixed	1.3970000000000000000000000000000000000
[0, 0, 0, -2401, 12005]	1750084	[4, -4, 5]	[1, 1, 1]	3661560	IV*	9.2750000000000000000000000000000000000
[0, 0, 0, 343, -1029]	1266160	[2, 5, -1, 5, 5]	[1, 1, 1, 1, 1]	494208	IV	0.27000000000000000000000000000000000000
[0, 0, 0, -300, 100]	2154600	[-5, 2, 4, 5, 5]	[2, 1, 3, 1, 1]	1036800	IV	1.8020000000000000000000000000000000000
[0, 0, 0, -595, 5950]	2832200	[-3, 3, 2, 2]	[2, 2, 1, 1]	2702592	II,II,II	0.21400000000000000000000000000000000000
[0, 0, 0, -165, -880]	2613600	[3, 4, 2, 2]	[2, 3, 1, 1]	476928	II,II	0.24400000000000000000000000000000000000
[0, 0, 0, 4802, -16807]	625240	[3, 5, -2, 5, 5]	[2, 1, 1, 1, 1]	1800960	IV*	3.1600000000000000000000000000000000000
[0, 0, 0, -300, 625]	623700	[4, 2, -1, 5, 5]	[3, 1, 2, 1, 1]	322560	IV	0.15600000000000000000000000000000000000
[0, 0, 0, 357, 1190]	3058776	[-3, 4, 2, 2]	[2, 3, 1, 1]	1772928	II,II	0.23600000000000000000000000000000000000
[0, 0, 0, 625, -5625]	937400	[3, -4, 5, 5]	[2, 3, 1, 1]	575040	IV*	6.6930000000000000000000000000000000000
[0, 0, 0, 1078, 1715]	692272	[2, -6, 5]	[1, 2, 1]	645120	IVmixed	1.7640000000000000000000000000000000000
[0, 0, 0, -121, 1452]	3295072	[3, 4, 5, 5]	[2, 3, 1, 1]	1378560	IVmixed	5.5400000000000000000000000000000000000
[0, 0, 0, -575, -2875]	2750800	[2, -5, 5, 2]	[1, 4, 1, 1]	1105920	II,II	0.44000000000000000000000000000000000000
[0, 0, 0, 625, 2500]	1172800	[2, -4, 5]	[1, 3, 1]	587520	IV*	2.1890000000000000000000000000000000000
[0, 0, 0, 798, 2527]	2547216	[2, -6, 2, 3]	[1, 2, 1, 2]	1413120	II,II	0.13600000000000000000000000000000000000
[0, 0, 0, 49, 441]	1868272	[2, 4, 5]	[1, 3, 1]	319584	IVmixed	4.3980000000000000000000000000000000000
[0, 0, 0, -364, 1456]	529984	[-12, 2, 2]	[4, 1, 1]	405504	II,II	0.017000000000000000000000000000000000000
[0, 0, 0, 225, 225]	3337200	[2, 4, 4, 5]	[1, 3, 3, 1]	1596672	IVmixed	1.4440000000000000000000000000000000000
[0, 0, 0, 625, 4375]	764600	[3, -4, 5]	[2, 1, 1]	335760	IV*	5.4380000000000000000000000000000000000
[0, 0, 0, 3267, -3267]	2112660	[4, -3, 5, 4, 5]	[3, 2, 1, 1, 1]	2526336	IVmixed	2.7120000000000000000000000000000000000
[0, 0, 0, -3125, 625]	637700	[4, -4, 7, 5]	[1, 3, 1, 1]	660960	IV*	4.8070000000000000000000000000000000000
[0, 0, 0, -595, 5950]	2832200	[-3, 3, 2, 2]	[2, 2, 1, 1]	2702592	II,II,II	0.18100000000000000000000000000000000000
[0, 0, 0, 2401, -2401]	3775352	[3, -4, 5]	[2, 1, 1]	4430160	IV*	20.239000000000000000000000000000000000
[0, 0, 0, 169, 169]	1900912	[2, 4, 5, 5]	[1, 3, 1, 1]	405504	IV	2.5260000000000000000000000000000000000
[0, 0, 0, 4232, -24334]	2606912	[2, 6, 5, -1]	[1, 2, 1, 1]	6982272	IVmixed	0.012000000000000000000000000000000000000
[0, 0, 0, 3364, -97556]	578608	[-1, -1, 5]	[1, 2, 1]	792064	IVmixed	0.018000000000000000000000000000000000000
[0, 0, 0, -1250, 5000]	3654400	[3, -4, 5]	[2, 1, 1]	2538240	IV*	1.7620000000000000000000000000000000000
[0, 0, 0, -105, 385]	2513700	[4, 2, 2, 2, 5]	[3, 1, 1, 1, 1]	458784	II,II	0.62800000000000000000000000000000000000
[0, 0, 0, 325, 450]	519200	[-1, 4, 6, 5]	[1, 1, 2, 1]	150528	IVmixed	1.7690000000000000000000000000000000000
[0, 0, 0, 800, -375]	2626300	[4, -5, 5]	[3, 4, 1]	1690848	IV	19.101000000000000000000000000000000000
[0, 0, 0, -2500, 3125]	637300	[4, -2, 5]	[1, 1, 1]	1640160	IV*	4.7700000000000000000000000000000000000
[0, 0, 0, 800, 500]	821900	[-4, -1, 5]	[1, 1, 1]	920640	IV	1.1530000000000000000000000000000000000
[0, 0, 0, 225, 1000]	619200	[2, 3, -1, 5]	[1, 2, 1, 1]	221184	IV	0.076000000000000000000000000000000000000
[0, 0, 0, -1014, -4394]	2044224	[2, 2, 5, -1]	[1, 1, 1, 2]	1658880	IV	0.035000000000000000000000000000000000000
[0, 0, 0, 98, -392]	1292032	[3, 4, 5]	[2, 1, 1]	580608	IV	0.40700000000000000000000000000000000000
[0, 0, 0, 3481, -20886]	3703784	[-5, 6, 5, 4]	[4, 2, 1, 3]	4730880	IV	2.4260000000000000000000000000000000000
[0, 0, 0, -1521, -2197]	2603952	[2, 3, -1, 5]	[1, 2, 1, 1]	3151872	IVmixed	0.079000000000000000000000000000000000000
[0, 0, 0, -595, 5950]	2832200	[-3, 3, 2, 2]	[2, 2, 1, 1]	2702592	II,II,II	0.24700000000000000000000000000000000000
[0, 0, 0, -338, -1859]	2894632	[3, 4, 5]	[2, 1, 1]	833088	IVmixed	8.1440000000000000000000000000000000000
[0, 0, 0, 43923, -161051]	2112660	[4, 3, 5, -2, 5]	[3, 2, 1, 1, 1]	9263232	IV*	3.0500000000000000000000000000000000000
[0, 0, 0, -1250, 7500]	3222400	[3, -4, 5, 5]	[2, 1, 1, 1]	3256320	IV*	6.7500000000000000000000000000000000000
[0, 0, 0, -2401, 28812]	2240672	[3, -4, 5]	[2, 1, 1]	2521344	IV*	6.7000000000000000000000000000000000000
[1, -1, 1, 65, -8]	3572525	[3, 2, 5]	[2, 1, 1]	621696	II,II	5.0220000000000000000000000000000000000
[0, 0, 0, 98, -735]	2996056	[3, 4, 5]	[2, 1, 1]	1248960	IVmixed	15.317000000000000000000000000000000000
[0, 0, 0, -169, 1183]	1749488	[2, 4, 5]	[1, 1, 1]	1127808	IV	1.4620000000000000000000000000000000000
[0, 0, 0, -289, -2312]	1322464	[3, 5, 5, 4]	[2, 1, 1, 3]	923904	IV	1.4400000000000000000000000000000000000
[0, 0, 0, -1250, -2500]	3913600	[3, -4, 5]	[2, 3, 1]	2707200	IV*	7.4400000000000000000000000000000000000
[0, 0, 0, -1352, -13182]	2909504	[2, -1, 5]	[1, 4, 1]	1990656	IVmixed	0.030000000000000000000000000000000000000
[0, 0, 0, 539, -343]	1048796	[4, -1, 5]	[1, 1, 1]	968220	IV	0.82400000000000000000000000000000000000
[0, 0, 0, 1875, 625]	2250900	[4, 3, -4, 5, 5]	[1, 2, 3, 1, 1]	1566720	IV*	5.9570000000000000000000000000000000000
[0, 0, 0, 150, 750]	734400	[2, 2, -1, 5]	[1, 1, 1, 1]	269568	IV	0.071000000000000000000000000000000000000
[0, 0, 0, 625, 4375]	764600	[3, -4, 5]	[2, 1, 1]	335760	IV*	5.0550000000000000000000000000000000000
[0, 0, 0, 1875, 625]	2250900	[4, 3, -4, 5, 5]	[1, 2, 3, 1, 1]	1566720	IV*	5.8510000000000000000000000000000000000
[0, 0, 0, -722, -7220]	2171776	[3, 4, 5]	[2, 1, 1]	1186560	IV	1.0820000000000000000000000000000000000
[0, 0, 0, 882, -784]	1241856	[3, 3, 4, 7]	[2, 2, 1, 3]	774144	IVmixed	0.28700000000000000000000000000000000000
[0, 0, 0, -2401, 28812]	2240672	[3, -4, 5]	[2, 1, 1]	2521344	IV*	6.4260000000000000000000000000000000000
[0, 0, 0, -1250, 5625]	3562600	[3, -4, 5, 5]	[2, 3, 1, 1]	1987200	IV*	25.284000000000000000000000000000000000
[0, 0, 0, -2401, -26411]	1242052	[4, -4, 5]	[1, 1, 1]	2095128	IV*	6.7780000000000000000000000000000000000
[0, 0, 0, 29282, -161051]	3774232	[3, 5, -2, 5]	[2, 1, 1, 1]	23823360	IV*	13.724000000000000000000000000000000000
[0, 0, 0, 330, -1100]	3484800	[3, -1, 3, 2]	[2, 1, 2, 1]	1474560	II,II	0.098000000000000000000000000000000000000
[0, 0, 0, 675, 1000]	1072800	[3, 3, -5, 5]	[2, 2, 4, 1]	774144	IV	1.3030000000000000000000000000000000000
[0, 0, 0, 98, -1421]	3806320	[2, 6, 4, 5]	[1, 2, 1, 1]	2353920	IVmixed	9.3410000000000000000000000000000000000
[0, 0, 0, 6728, 43732]	3737404	[-4, 5, 4, 6]	[1, 1, 3, 2]	10631520	IVmixed	5.1790000000000000000000000000000000000
[0, 0, 0, -1936, -1331]	719708	[4, -5, 5]	[1, 4, 1]	2021760	IV	2.4410000000000000000000000000000000000
[0, 0, 0, -625, -625]	989200	[2, -4, 5]	[1, 3, 1]	1035360	IV*	1.7610000000000000000000000000000000000
[0, 0, 0, 625, -1875]	1097200	[2, -4, 5, 5]	[1, 1, 1, 1]	518400	IV*	4.1820000000000000000000000000000000000
[0, 0, 0, -4805, -29791]	1818212	[4, 5, -1, 5]	[1, 1, 1, 1]	2192400	IV	0.085000000000000000000000000000000000000
[0, 0, 0, 441, -343]	769104	[2, 3, -1, 5]	[1, 2, 1, 1]	337920	IVmixed	0.098000000000000000000000000000000000000
[0, 0, 0, -1250, 5000]	3654400	[3, -4, 5]	[2, 1, 1]	2538240	IV*	1.8390000000000000000000000000000000000
[0, 0, 0, 7203, -26411]	3430980	[4, 3, 6, -4, 5]	[3, 2, 2, 1, 1]	7693056	IV*	6.6990000000000000000000000000000000000
[0, 0, 0, -43923, -14641]	2099592	[3, -6, -4, 5]	[2, 4, 1, 1]	8380416	IV*	2.8160000000000000000000000000000000000
[0, 0, 0, -2401, -9604]	3595424	[3, -4, 5]	[2, 1, 1]	9773568	IV*	9.6840000000000000000000000000000000000
[0, 0, 0, 125, -550]	639200	[-1, 4, 5, 5]	[1, 1, 1, 1]	312576	IVmixed	2.2550000000000000000000000000000000000
[0, 0, 0, 735, -343]	2651292	[4, 2, -1, 5]	[3, 1, 1, 1]	1485000	IVmixed	0.24800000000000000000000000000000000000
[0, 0, 0, -150, 275]	2444400	[2, 3, 4, 5, 5]	[1, 2, 3, 1, 1]	663552	IVmixed	2.9520000000000000000000000000000000000
[0, 0, 0, -25, -400]	1362400	[3, 4, 5, 5]	[2, 3, 1, 1]	603648	IV	4.2640000000000000000000000000000000000
[0, 0, 0, 98, -784]	3324160	[3, 5, 4, 5]	[2, 1, 1, 1]	1792512	IVmixed	2.4120000000000000000000000000000000000
[0, 0, 0, -625, 1875]	902800	[2, -4, 5, 5]	[1, 1, 1, 1]	417600	IV*	1.6990000000000000000000000000000000000
[0, 0, 0, -2401, -9604]	3595424	[3, -4, 5]	[2, 1, 1]	9773568	IV*	9.9650000000000000000000000000000000000
[0, 0, 0, -300, -475]	1811700	[4, 4, 4, 5, 5]	[1, 3, 3, 1, 1]	616896	IV	2.8730000000000000000000000000000000000
[0, 0, 0, -200, 300]	1182800	[-1, 4, 5]	[2, 1, 1]	392832	IV	2.0760000000000000000000000000000000000
[0, 0, 0, 300, -450]	590400	[2, 3, 4, 6]	[1, 2, 1, 2]	299520	IVmixed	0.047000000000000000000000000000000000000
[0, 0, 0, 2704, 6591]	3458416	[2, -5, 5]	[1, 4, 1]	3749760	IVmixed	2.6640000000000000000000000000000000000
[0, 0, 0, 200, 700]	1809200	[-1, 4, 5]	[2, 1, 1]	1166112	IV	3.0540000000000000000000000000000000000
[0, 0, 0, -275, 550]	3000800	[-1, 4, 2, 5]	[2, 1, 1, 1]	732672	IVmixed	1.0600000000000000000000000000000000000
[0, 0, 0, -200, -625]	549200	[2, -1, 5]	[1, 2, 1]	138240	IVmixed	0.22000000000000000000000000000000000000
[0, 0, 0, -507, 4056]	1460160	[2, 2, 6, 4]	[1, 1, 2, 1]	700416	IVmixed	0.25000000000000000000000000000000000000
[0, 0, 0, -620, -2480]	1537600	[-13, 2, 2]	[4, 1, 1]	829440	II,II	0.027000000000000000000000000000000000000
[0, 0, 0, 625, -5625]	937400	[3, -4, 5, 5]	[2, 3, 1, 1]	575040	IV*	6.4540000000000000000000000000000000000
[0, 0, 0, -187, 374]	1398760	[-2, 5, 2, 2]	[1, 1, 1, 1]	843264	II,II	0.27400000000000000000000000000000000000
[0, 0, 0, -1250, -1875]	3951400	[3, -4, 5, 5]	[2, 1, 1, 1]	3101760	IV*	29.296000000000000000000000000000000000
[0, 0, 1, -77, 19]	2235233	[2, 2, 6, 5]	[1, 1, 2, 1]	474624	II,II	2.1600000000000000000000000000000000000
[0, 0, 0, 4802, 16807]	1250480	[2, 5, -2, 5, 5]	[1, 1, 1, 1, 1]	3601920	IV*	3.5720000000000000000000000000000000000
[0, 0, 0, 289, -4046]	931736	[-5, 5, 4, 5]	[2, 1, 1, 1]	366336	IVmixed	2.1390000000000000000000000000000000000
[0, 0, 0, 784, 2352]	2649136	[-2, 4, 5, 5]	[1, 1, 1, 1]	1857600	IVmixed	2.0430000000000000000000000000000000000
[0, 0, 0, -1083, -722]	1559520	[-1, 4, 5, 4]	[2, 3, 1, 3]	1209600	IVmixed	0.40700000000000000000000000000000000000
[0, 0, 0, -4802, 16807]	1208144	[2, -2, 5, 5]	[1, 1, 1, 1]	1435392	IV*	3.6780000000000000000000000000000000000
[0, 0, 0, -595, 5950]	2832200	[-3, 3, 2, 2]	[2, 2, 1, 1]	2702592	II,II,II	0.25900000000000000000000000000000000000
[0, 0, 0, 625, 5625]	1874800	[2, -4, 5, 5]	[1, 3, 1, 1]	1150080	IV*	6.9880000000000000000000000000000000000
[0, 0, 0, 3125, -3125]	2505400	[3, -2, 5]	[2, 1, 1]	5053200	IV*	19.195000000000000000000000000000000000
[0, 0, 0, -25, 400]	1362400	[3, 4, 5, 5]	[2, 3, 1, 1]	603648	IVmixed	4.2250000000000000000000000000000000000
[0, 0, 0, 25, -200]	731200	[2, 4, 5]	[1, 1, 1]	92160	IVmixed	1.2960000000000000000000000000000000000
[0, 0, 0, 4802, -16807]	625240	[3, 5, -2, 5, 5]	[2, 1, 1, 1, 1]	1800960	IV*	3.3370000000000000000000000000000000000
[0, 0, 0, 625, -5000]	1691200	[2, -4, 5, 5]	[1, 1, 1, 1]	983040	IV*	3.0140000000000000000000000000000000000
[0, 0, 0, -150, -525]	3877200	[2, 2, 4, 5]	[1, 1, 3, 1]	748800	IVmixed	3.2600000000000000000000000000000000000
[0, 0, 0, 2500, -3125]	2570800	[2, -2, 5]	[1, 1, 1]	3173760	IV*	5.2430000000000000000000000000000000000
[0, 0, 0, 4802, -16807]	625240	[3, 5, -2, 5, 5]	[2, 1, 1, 1, 1]	1800960	IV*	3.4410000000000000000000000000000000000
[0, 0, 0, -196, -1960]	1502144	[-1, 4, 5]	[1, 3, 1]	1358208	IV	0.66800000000000000000000000000000000000
[0, 0, 0, -2401, 28812]	2240672	[3, -4, 5]	[2, 1, 1]	2521344	IV*	6.3050000000000000000000000000000000000
[0, 0, 0, -245, -735]	3611300	[4, 2, 4, 5, 5]	[1, 1, 1, 1, 1]	1054944	II,II	3.6690000000000000000000000000000000000
[0, 0, 0, -525, 475]	1508400	[2, -5, 4, 5]	[1, 2, 3, 1]	912384	IVmixed	0.91500000000000000000000000000000000000
[0, 0, 0, 1156, -2312]	1683136	[-1, 5, 6, 4]	[1, 1, 2, 3]	1262592	IVmixed	0.46100000000000000000000000000000000000
[0, 0, 0, 182, 637]	3643640	[3, 5, 3, 6, 2]	[2, 1, 2, 2, 1]	2494464	II,II	1.4290000000000000000000000000000000000
[0, 0, 0, -5043, -43706]	3388896	[-1, -1, 5, 4]	[2, 2, 1, 1]	4870656	IV	0.21100000000000000000000000000000000000
[0, 0, 0, 539, 245]	1767724	[4, 4, 6, 5]	[3, 1, 2, 1]	1726992	IVmixed	9.3480000000000000000000000000000000000
[0, 0, 0, -1875, -3750]	1663200	[-1, 2, -4, 5, 5]	[1, 1, 3, 1, 1]	1440000	IV*	1.5780000000000000000000000000000000000
[0, 0, 0, 575, 125]	973900	[4, -5, 5]	[1, 4, 1]	1012032	IV	7.0470000000000000000000000000000000000
[0, 0, 0, 475, 125]	2746300	[4, -1, 5, 5]	[3, 2, 1, 1]	2327040	IV	4.1580000000000000000000000000000000000
[0, 0, 0, -19208, -16807]	3932740	[4, 6, -2, 5]	[3, 2, 1, 1]	11462976	IV*	23.526000000000000000000000000000000000
[0, 0, 0, 196, -196]	635824	[-1, 4, 5]	[1, 1, 1]	159168	IVmixed	1.6770000000000000000000000000000000000
[0, 0, 0, 625, 4375]	764600	[3, -4, 5]	[2, 1, 1]	335760	IV*	5.4840000000000000000000000000000000000
[0, 0, 0, -529, 4232]	1642016	[3, 4, 5]	[2, 3, 1]	1502208	IV	1.2210000000000000000000000000000000000
[0, 0, 0, -1587, 9522]	533232	[-8, 3, 5, 4]	[4, 2, 1, 3]	393216	IV	0.049000000000000000000000000000000000000
[0, 0, 0, -1250, -4375]	3735400	[3, -4, 5, 5]	[2, 1, 1, 1]	1923840	IV*	26.948000000000000000000000000000000000
[0, 0, 0, -625, -3750]	611200	[2, -4, 5]	[1, 3, 1]	201600	IV*	1.0470000000000000000000000000000000000
[0, 0, 0, 43923, -161051]	2112660	[4, 3, 5, -2, 5]	[3, 2, 1, 1, 1]	9263232	IV*	2.9740000000000000000000000000000000000
[0, 0, 0, -289, 5491]	3611344	[2, 6, 4, 5]	[1, 2, 3, 1]	3789504	IV	2.1700000000000000000000000000000000000
[0, 0, 0, -2888, -6859]	2918324	[4, -1, 5, 5]	[1, 1, 1, 1]	4998672	IVmixed	0.37200000000000000000000000000000000000
[0, 0, 0, -500, -100]	1817200	[-1, 4, 5, 6, 5]	[1, 3, 1, 2, 1]	743424	IVmixed	6.6670000000000000000000000000000000000
[0, 0, 0, -550, 1375]	629200	[2, -6, 2, 5]	[1, 2, 1, 1]	811008	II,II	0.32500000000000000000000000000000000000
[0, 0, 0, -1250, -5000]	3654400	[3, -4, 5]	[2, 1, 1]	2538240	IV*	1.8710000000000000000000000000000000000
[0, 0, 0, -175, 1075]	3124600	[3, 4, 5, 5]	[2, 1, 1, 1]	3096000	IVmixed	21.092000000000000000000000000000000000
[0, 0, 0, -1470, -686]	1044288	[2, -1, -1, 5]	[1, 1, 1, 1]	725760	IVmixed	0.029000000000000000000000000000000000000
[0, 0, 0, 625, 4375]	764600	[3, -4, 5]	[2, 1, 1]	335760	IV*	5.1470000000000000000000000000000000000
[0, 0, 0, 3174, -12167]	3770712	[3, 2, 5, -1]	[2, 1, 1, 4]	7687680	IV	0.041000000000000000000000000000000000000
[0, 0, 0, -1875, -3750]	1663200	[-1, 2, -4, 5, 5]	[1, 1, 3, 1, 1]	1440000	IV*	1.5490000000000000000000000000000000000
[0, 0, 0, -275, 1210]	3968800	[-1, 2, 3, 5]	[1, 1, 2, 1]	1239552	II,II	1.3090000000000000000000000000000000000
[0, 0, 0, -7203, 16807]	2063880	[3, 2, 5, -2, 5]	[2, 1, 1, 1, 1]	4467456	IV*	1.2930000000000000000000000000000000000
[0, 0, 0, -2500, 5000]	3956800	[-1, -4, 5]	[1, 1, 1]	8282880	IV*	2.0000000000000000000000000000000000000
[0, 0, 0, -220, 660]	2202200	[-5, 2, 6, 2, 5]	[4, 1, 2, 1, 1]	580608	II,II	1.5190000000000000000000000000000000000
[0, 0, 0, 2500, 2500]	2005400	[-5, -4, 5, 5]	[2, 3, 1, 1]	1800960	IV*	14.510000000000000000000000000000000000
[0, 0, 0, -980, -1715]	877100	[4, 2, -5, 5]	[1, 1, 4, 1]	456192	IV	1.0130000000000000000000000000000000000
[0, 0, 0, 420, 560]	2116800	[-8, 4, 2, 2]	[2, 3, 1, 1]	967680	II,II	0.096000000000000000000000000000000000000
[0, 0, 0, -441, 2058]	1524096	[2, 2, -1]	[1, 1, 2]	663552	IVmixed	0.039000000000000000000000000000000000000
[0, 0, 0, -10051, 24334]	1807064	[-3, 5, -1, 5]	[2, 1, 1, 1]	6386688	IVmixed	0.19900000000000000000000000000000000000
[0, 0, 0, -6859, 13718]	1233176	[-3, 5, -1, 5]	[2, 1, 1, 1]	3234816	IVmixed	0.16300000000000000000000000000000000000
[0, 0, 0, -12005, 19208]	1626016	[3, -4, 7, 5]	[2, 3, 1, 1]	3161088	IV*	4.5150000000000000000000000000000000000
[0, 0, 0, -338, 2873]	3238040	[3, 5, 4, 5]	[2, 1, 3, 1]	998400	IV	9.1550000000000000000000000000000000000
[1, -1, 1, 300, 1216]	2553377	[4, 5]	[1, 1]	1765800	IVmixed	5.9380000000000000000000000000000000000
[0, 0, 0, -625, 3750]	611200	[2, -4, 5]	[1, 3, 1]	201600	IV*	1.0710000000000000000000000000000000000
[0, 0, 0, -50, 525]	2221400	[3, 4, 5, 5]	[2, 3, 1, 1]	334080	IV	16.208000000000000000000000000000000000
[0, 0, 0, 12005, 24010]	921200	[-10, 2, -4, 5]	[4, 1, 1, 1]	5225472	IV*	0.28000000000000000000000000000000000000
[0, 0, 0, 625, -1875]	1097200	[2, -4, 5, 5]	[1, 1, 1, 1]	518400	IV*	3.9070000000000000000000000000000000000
[0, 0, 0, -77, -154]	3794560	[2, 6, 2, 2]	[1, 2, 1, 1]	663552	II,II	0.62500000000000000000000000000000000000
[0, 0, 0, 1573, -3993]	794728	[3, -5, 5]	[2, 2, 1]	654720	IV	2.5840000000000000000000000000000000000
[0, 0, 0, 250, -125]	1610800	[2, -1, 5]	[1, 2, 1]	705024	IV	1.2590000000000000000000000000000000000
[0, 0, 0, 25, -275]	1346800	[2, 4, 5, 5, 5]	[1, 3, 1, 1, 1]	229248	IV	4.4000000000000000000000000000000000000
[0, 0, 0, -1000, 625]	1021300	[4, -4, 5, 5]	[3, 3, 1, 1]	1678320	IVmixed	6.8910000000000000000000000000000000000
[0, 0, 0, 2401, -14406]	518224	[-1, -4, 5]	[1, 3, 1]	473760	IV*	0.71600000000000000000000000000000000000
[0, 0, 0, 1470, -1715]	2028600	[3, 3, 2, -5, 5]	[2, 2, 1, 4, 1]	1732608	IV	0.76600000000000000000000000000000000000
[0, 0, 0, 400, -875]	1770700	[4, -1, 5]	[1, 2, 1]	519168	IV	2.4270000000000000000000000000000000000
[0, 0, 0, -2500, 2500]	1994600	[-5, -4, 5]	[4, 3, 1]	6135840	IV*	14.122000000000000000000000000000000000
[0, 0, 0, 1250, 3750]	1198400	[2, -4, 6, 5]	[1, 3, 2, 1]	771840	IV*	2.2260000000000000000000000000000000000
[0, 0, 0, -507, -6253]	2810808	[3, 4, 5, 5, 4]	[2, 1, 1, 1, 1]	1514880	IV	1.9460000000000000000000000000000000000
[0, 0, 0, 4802, 16807]	1250480	[2, 5, -2, 5, 5]	[1, 1, 1, 1, 1]	3601920	IV*	3.2940000000000000000000000000000000000
[0, 0, 0, -255, 1530]	1040400	[-1, 3, 2, 2]	[1, 2, 1, 1]	228096	II,II	0.057000000000000000000000000000000000000
[0, 0, 0, 1875, 625]	2250900	[4, 3, -4, 5, 5]	[1, 2, 3, 1, 1]	1566720	IV*	5.8070000000000000000000000000000000000
[0, 0, 0, 147, -833]	3422160	[2, 3, 5, 4, 5]	[1, 2, 1, 3, 1]	1315584	IVmixed	1.5660000000000000000000000000000000000
[0, 0, 0, 1089, 1331]	949608	[3, 3, -1, 5]	[2, 2, 4, 1]	655360	IVmixed	0.14000000000000000000000000000000000000
[0, 0, 0, 625, 7500]	2555200	[2, -4, 5]	[1, 1, 1]	1824000	IV*	5.8260000000000000000000000000000000000
[0, 0, 0, -260, -1625]	3177200	[2, 3, 2, 5]	[1, 2, 1, 1]	615168	II,II	0.56900000000000000000000000000000000000
[0, 0, 0, -155, 775]	2114200	[3, 3, 5, 2]	[2, 2, 1, 1]	480000	II,II	0.55800000000000000000000000000000000000
[0, 0, 0, 350, -375]	2243800	[3, -1, 5, 5]	[2, 1, 1, 1]	1218240	IV	3.2890000000000000000000000000000000000
[0, 0, 0, -125, -200]	2154400	[3, 4, 5]	[2, 1, 1]	559872	IVmixed	7.1780000000000000000000000000000000000
[0, 0, 0, -4802, -16807]	604072	[3, -2, 5, 5]	[2, 1, 1, 1]	717696	IV*	3.3260000000000000000000000000000000000
[0, 0, 0, -50, -475]	1789400	[3, 4, 5, 5]	[2, 3, 1, 1]	316224	IVmixed	11.488000000000000000000000000000000000
[0, 0, 0, -1875, 625]	3855600	[2, 2, -4, 6, 5]	[1, 1, 3, 2, 1]	3456000	IV*	1.8900000000000000000000000000000000000
[0, 0, 0, 722, -2527]	1487320	[3, 7, 4, 5]	[2, 1, 1, 1]	1669248	IVmixed	2.9520000000000000000000000000000000000
[0, 0, 0, 625, 1875]	548600	[3, -4, 5, 5]	[2, 1, 1, 1]	259200	IV*	3.8890000000000000000000000000000000000
[1, -1, 1, -97, 17]	3614234	[9, 2, 2, 5]	[5, 1, 1, 1]	1157760	II,II	1.3510000000000000000000000000000000000
[0, 0, 0, -150, -400]	979200	[3, 3, 4, 5]	[2, 2, 3, 1]	294912	IV	0.29500000000000000000000000000000000000
[0, 0, 0, -300, 425]	1833300	[4, 4, 4, 5, 5]	[3, 1, 1, 1, 1]	781920	IV	3.1240000000000000000000000000000000000
[0, 0, 0, -49, -784]	2632672	[3, 4, 5, 5]	[2, 1, 1, 1]	1339392	IVmixed	6.6600000000000000000000000000000000000
[0, 0, 0, -625, -3750]	611200	[2, -4, 5]	[1, 3, 1]	201600	IV*	1.0840000000000000000000000000000000000
[0, 0, 0, -1250, -7500]	3222400	[3, -4, 5, 5]	[2, 1, 1, 1]	3256320	IV*	6.2600000000000000000000000000000000000
[0, 0, 0, 121, 363]	703736	[3, 4, 5]	[2, 3, 1]	222048	IVmixed	1.9830000000000000000000000000000000000
[0, 0, 0, -847, 1331]	1301960	[3, 5, -1, 5]	[2, 1, 1, 1]	2592000	IVmixed	0.40100000000000000000000000000000000000
[0, 0, 0, 625, 6875]	1153400	[3, -4, 5, 5]	[2, 3, 1, 1]	502080	IV*	8.6070000000000000000000000000000000000
[0, 0, 0, -196, -1519]	2626988	[4, 4, 5, 5]	[3, 3, 1, 1]	1570608	IVmixed	13.134000000000000000000000000000000000
[0, 0, 0, -150, -775]	869400	[3, 2, 4, 5, 5]	[2, 1, 3, 1, 1]	222912	IVmixed	1.4650000000000000000000000000000000000
[0, 0, 0, -539, 1274]	2972144	[-6, 4, 5, 5]	[2, 1, 1, 1]	1033728	IVmixed	7.7500000000000000000000000000000000000
[0, 0, 0, -2401, 2401]	1877092	[4, -4, 5, 5]	[3, 3, 1, 1]	4464432	IV*	10.241000000000000000000000000000000000
[1, -1, 1, -144, 47]	784322	[6, 5, 4, 5]	[2, 1, 1, 1]	269568	IV	4.8280000000000000000000000000000000000
[0, 0, 0, 125, 75]	2548600	[3, 4, 5]	[2, 1, 1]	570672	IV	18.135000000000000000000000000000000000
[0, 0, 0, -169, 1014]	800384	[2, 4, 5]	[1, 1, 1]	294912	IV	0.60800000000000000000000000000000000000
[0, 0, 0, 49, -2401]	520184	[3, -1, 5]	[2, 2, 1]	175104	IVmixed	0.39800000000000000000000000000000000000
[0, 0, 0, -2401, -19208]	3087392	[3, -4, 5, 5]	[2, 1, 1, 1]	7279104	IV*	8.6330000000000000000000000000000000000
[0, 0, 0, -375, 450]	2739600	[-1, 3, 4, 5]	[1, 2, 1, 1]	1142784	IV	1.7410000000000000000000000000000000000
[0, 0, 0, -780, 1040]	2433600	[-12, 3, 2, 2]	[4, 2, 1, 1]	1474560	II,II	0.014000000000000000000000000000000000000
[0, 0, 0, 225, -850]	2602800	[-1, 2, 4, 5]	[2, 1, 3, 1]	965376	IVmixed	2.3490000000000000000000000000000000000
[0, 0, 0, 441, -1666]	710892	[-4, 3, 4, 5, 5]	[3, 2, 3, 1, 1]	307584	IV	1.3290000000000000000000000000000000000
[0, 0, 0, 7203, 16807]	1390032	[2, 3, -2, 5]	[1, 2, 1, 1]	2249856	IV*	0.68800000000000000000000000000000000000
[0, 0, 0, 490, -1715]	1832600	[3, 2, -1, 5, 5]	[2, 1, 1, 1, 1]	798336	IVmixed	0.32400000000000000000000000000000000000
[1, -1, 1, -144, -74]	1526173	[4, 5]	[1, 1]	1010784	IVmixed	9.8540000000000000000000000000000000000
[0, 0, 0, 105, -350]	1587600	[-1, 2, 3, 2]	[1, 1, 2, 1]	366336	II,II	0.055000000000000000000000000000000000000
[0, 0, 0, 182, 637]	3643640	[3, 5, 3, 6, 2]	[2, 1, 2, 2, 1]	2494464	II,II	1.5670000000000000000000000000000000000
[0, 0, 0, 539, 1372]	2256352	[3, -1, 5]	[2, 2, 1]	2165760	IV	1.0190000000000000000000000000000000000
[0, 0, 0, 1250, 3750]	1198400	[2, -4, 6, 5]	[1, 3, 2, 1]	771840	IV*	2.4740000000000000000000000000000000000
[0, 0, 0, -294, 1813]	702072	[3, 3, 4, 5]	[2, 2, 3, 1]	206592	IV	1.2490000000000000000000000000000000000
[0, 0, 0, 2500, -6250]	2603200	[2, -2, 5]	[1, 1, 1]	2188800	IV*	0.75100000000000000000000000000000000000
[0, 0, 0, -275, 550]	3000800	[-1, 4, 2, 5]	[2, 1, 1, 1]	732672	II,II	1.0530000000000000000000000000000000000
[0, 0, 0, 1078, 1715]	692272	[2, -6, 5]	[1, 2, 1]	645120	IV	1.7300000000000000000000000000000000000
[0, 0, 0, -203, -2842]	1648360	[-2, 5, 3, 2]	[1, 1, 2, 1]	537600	II,II	0.34300000000000000000000000000000000000
[1, -1, 0, -15660, 1305]	1131435	[4, 5, -4, 5]	[3, 1, 3, 1]	3730752	IV*	1.3790000000000000000000000000000000000
[0, 0, 0, 845, -10478]	3977584	[-7, 4, 5]	[4, 3, 1]	5986560	IVmixed	5.9050000000000000000000000000000000000
[0, 0, 0, -169, 1352]	1422304	[3, 4, 5]	[2, 1, 1]	1188864	IVmixed	1.9750000000000000000000000000000000000
[0, 0, 0, 9604, -16807]	2463916	[4, -2, 5, 5]	[3, 1, 1, 1]	5188176	IV*	14.163000000000000000000000000000000000
[0, 0, 0, 200, -200]	1323200	[-1, 4, 5]	[2, 1, 1]	685056	IV	1.1690000000000000000000000000000000000
[0, 0, 0, -2401, -19208]	3087392	[3, -4, 5, 5]	[2, 1, 1, 1]	7279104	IV*	8.8200000000000000000000000000000000000
[0, 0, 0, 847, 1331]	2708464	[2, -1, 5]	[1, 1, 1]	1490400	IVmixed	0.24500000000000000000000000000000000000
[0, 0, 0, 169, -1521]	3870776	[3, 5, 4, 5]	[2, 1, 3, 1]	1167744	IV	10.515000000000000000000000000000000000
[0, 0, 0, -620, -2480]	1537600	[-13, 2, 2]	[4, 1, 1]	829440	II,II	0.031000000000000000000000000000000000000
[0, 0, 0, -500, 1125]	2981300	[4, -1, 5, 5]	[1, 2, 1, 1]	1092096	IVmixed	4.3320000000000000000000000000000000000
[0, 0, 0, -19208, -16807]	3932740	[4, 6, -2, 5]	[3, 2, 1, 1]	11462976	IV*	22.348000000000000000000000000000000000
[0, 0, 0, 65, -650]	625300	[-4, 3, 2, 5]	[1, 2, 1, 1]	317952	II,II	0.35000000000000000000000000000000000000
[0, 0, 0, 14641, -146410]	1853236	[-4, 5, -4, 5]	[3, 1, 3, 1]	3738240	IV*	6.5490000000000000000000000000000000000
[0, 0, 0, 14641, -146410]	1853236	[-4, 5, -4, 5]	[3, 1, 3, 1]	3738240	IV*	7.0190000000000000000000000000000000000
[0, 0, 0, 625, 7500]	2555200	[2, -4, 5]	[1, 1, 1]	1824000	IV*	4.9640000000000000000000000000000000000
[0, 0, 0, 2888, 13718]	1779008	[2, 6, 5, -1]	[1, 2, 1, 2]	3773952	IV	0.010000000000000000000000000000000000000
[0, 0, 0, 625, 2500]	1172800	[2, -4, 5]	[1, 3, 1]	587520	IV*	2.2090000000000000000000000000000000000
[0, 0, 0, 3750, -3125]	961200	[2, 4, -2, 5]	[1, 3, 1, 1]	973440	IV*	0.91900000000000000000000000000000000000
[0, 0, 0, 65, 650]	2501200	[-1, 3, 2, 5]	[1, 2, 1, 1]	1271808	II,II	0.39400000000000000000000000000000000000
[0, 0, 0, -196, -2352]	608384	[-6, 4, 5]	[4, 3, 1]	273408	IVmixed	0.72100000000000000000000000000000000000
[0, 0, 0, -242, 968]	2075392	[3, 4, 5]	[2, 1, 1]	619008	IVmixed	0.43100000000000000000000000000000000000
[0, 0, 0, -165, 110]	3484800	[2, -1, 2, 2]	[1, 2, 1, 1]	774144	II,II	0.071000000000000000000000000000000000000
[0, 0, 0, -392, 343]	1584464	[2, -1, 5, 5]	[1, 2, 1, 1]	801792	IV	0.28800000000000000000000000000000000000
[0, 0, 0, -507, 4056]	1460160	[2, 2, 6, 4]	[1, 1, 2, 1]	700416	IVmixed	0.24200000000000000000000000000000000000
[0, 0, 0, -363, 3751]	1385208	[3, 4, 4, 5]	[2, 3, 3, 1]	466560	IV	1.0620000000000000000000000000000000000
[0, 0, 0, 325, -550]	1454800	[-6, 4, 5]	[2, 1, 1]	774528	IV	5.0660000000000000000000000000000000000
[0, 0, 0, 2401, 24010]	602896	[-1, -4, 5]	[1, 1, 1]	695520	IV*	0.83900000000000000000000000000000000000
[0, 0, 0, 3388, -1331]	3864740	[4, 5, -5, 5]	[1, 1, 2, 1]	5685120	IVmixed	13.754000000000000000000000000000000000
[0, 0, 0, 147, -49]	1390032	[2, 3, 4, 5]	[1, 2, 1, 1]	321408	IV	0.71300000000000000000000000000000000000
[0, 0, 0, -200, 200]	1236800	[-1, 4, 5]	[2, 1, 1]	368640	IV	1.0730000000000000000000000000000000000
[0, 0, 0, 625, -7500]	2555200	[2, -4, 5]	[1, 1, 1]	1824000	IV*	4.8800000000000000000000000000000000000
[0, 0, 0, 2500, -7500]	2048600	[-5, -4, 5]	[4, 1, 1]	1617840	IV*	15.072000000000000000000000000000000000
[0, 0, 0, 196, 833]	3988012	[4, 4, 5]	[3, 1, 1]	1159488	IV	19.660000000000000000000000000000000000
[0, 0, 0, 100, -275]	966700	[4, 4, 5, 5]	[1, 3, 1, 1]	146448	IVmixed	5.9000000000000000000000000000000000000
[0, 0, 0, -2401, -19208]	3087392	[3, -4, 5, 5]	[2, 1, 1, 1]	7279104	IV*	8.3160000000000000000000000000000000000
[0, 0, 0, -1000, 625]	1021300	[4, -4, 5, 5]	[3, 3, 1, 1]	1678320	IV	7.3120000000000000000000000000000000000
[0, 0, 0, 14641, -146410]	1853236	[-4, 5, -4, 5]	[3, 1, 3, 1]	3738240	IV*	7.2970000000000000000000000000000000000
[0, 0, 0, 2366, -6591]	1166776	[3, -5, 5]	[2, 4, 1]	1895040	IV	3.6160000000000000000000000000000000000
[0, 0, 0, -1250, -1875]	3951400	[3, -4, 5, 5]	[2, 1, 1, 1]	3101760	IV*	29.543000000000000000000000000000000000
[0, 0, 0, -3125, 3125]	1247300	[4, -2, 5]	[3, 1, 1]	1400400	IV*	9.4920000000000000000000000000000000000
[0, 0, 0, 14641, -58564]	2330944	[2, 7, -4, 5]	[1, 3, 1, 1]	6082560	IV*	2.1810000000000000000000000000000000000
[0, 0, 0, -43923, -14641]	2099592	[3, -6, -4, 5]	[2, 4, 1, 1]	8380416	IV*	2.8640000000000000000000000000000000000
[0, 0, 0, -539, -1813]	2831416	[3, 4, 6, 5]	[2, 1, 2, 1]	1305600	IVmixed	14.262000000000000000000000000000000000
[0, 0, 0, 100, -1125]	977200	[2, -1, 5, 5]	[1, 2, 1, 1]	331776	IVmixed	0.37300000000000000000000000000000000000
[0, 0, 0, -7203, 16807]	2063880	[3, 2, 5, -2, 5]	[2, 1, 1, 1, 1]	4467456	IV*	1.3300000000000000000000000000000000000
[0, 0, 0, -1849, 29584]	650848	[3, 6, 4]	[2, 2, 3]	870912	IVmixed	0.32200000000000000000000000000000000000
[0, 0, 0, -2500, 2500]	1994600	[-5, -4, 5]	[4, 3, 1]	6135840	IV*	14.860000000000000000000000000000000000
[0, 0, 0, -637, -343]	1717156	[4, -1, 5]	[1, 1, 1]	1631520	IV	1.2950000000000000000000000000000000000
[0, 0, 0, 450, -1000]	1670400	[3, 3, -1, 5]	[2, 2, 1, 1]	1075200	IV	0.060000000000000000000000000000000000000
[0, 0, 0, 625, 6875]	1153400	[3, -4, 5, 5]	[2, 3, 1, 1]	502080	IV*	8.1200000000000000000000000000000000000
[0, 0, 0, 484, 2662]	704704	[2, 5, -1, 5]	[1, 1, 2, 1]	345600	IV	0.014000000000000000000000000000000000000
[0, 0, 0, -150, 325]	3407400	[3, 2, 4, 5]	[2, 1, 1, 1]	979776	IV	5.6870000000000000000000000000000000000
[0, 0, 0, -1875, -3750]	1663200	[-1, 2, -4, 5, 5]	[1, 1, 3, 1, 1]	1440000	IV*	1.5130000000000000000000000000000000000
[0, 0, 0, -1250, 2500]	3913600	[3, -4, 5]	[2, 3, 1]	2707200	IV*	7.2700000000000000000000000000000000000
[0, 0, 0, 1875, 5625]	2322900	[4, 3, -4, 5, 5]	[1, 2, 3, 1, 1]	2335680	IV*	6.0570000000000000000000000000000000000
[0, 0, 0, 1815, -2662]	2927232	[2, 4, 5, -1]	[1, 1, 1, 2]	2695680	IV	0.057000000000000000000000000000000000000
[0, 0, 0, 105, 490]	793800	[-5, 2, 2, 3]	[2, 1, 1, 2]	331776	II,II	0.13800000000000000000000000000000000000
[0, 0, 0, 425, -50]	3071300	[-4, 4, 5]	[3, 1, 1]	2568672	IV	21.274000000000000000000000000000000000
[0, 0, 0, -275, -1210]	3968800	[-1, 2, 3, 5]	[2, 1, 2, 1]	1239552	II,II	1.3850000000000000000000000000000000000
[0, 0, 0, 121, -4114]	958804	[-4, 5, 4, 5]	[1, 1, 1, 1]	457920	IVmixed	2.8950000000000000000000000000000000000
[0, 0, 0, -150, 900]	892800	[3, 3, 4, 5]	[2, 2, 3, 1]	270336	IV	0.50000000000000000000000000000000000000
[0, 0, 0, -11271, -9826]	1903932	[-4, 4, -1, 5]	[3, 1, 4, 1]	4423680	IVmixed	0.074000000000000000000000000000000000000
[0, 0, 0, 735, 196]	3203424	[3, -1, 4, 5]	[2, 1, 3, 1]	1353600	IV	1.0100000000000000000000000000000000000
[0, 0, 0, 147, -588]	3598560	[3, 2, 5, 4, 5]	[2, 1, 1, 3, 1]	1239552	IVmixed	2.2660000000000000000000000000000000000
[0, 0, 0, 105, 70]	529200	[-1, 4, 2, 2]	[2, 1, 1, 1]	120960	II,II	0.082000000000000000000000000000000000000
[0, 0, 0, -750, -875]	2370600	[3, 4, -1, 5]	[2, 3, 2, 1]	1092096	IVmixed	0.93000000000000000000000000000000000000
[0, 0, 0, 2401, -2401]	3775352	[3, -4, 5]	[2, 1, 1]	4430160	IV*	20.861000000000000000000000000000000000
[0, 0, 0, -625, -625]	989200	[2, -4, 5]	[1, 3, 1]	1035360	IV*	1.6880000000000000000000000000000000000
[0, 0, 0, -539, 1274]	2972144	[-6, 4, 5, 5]	[2, 1, 1, 1]	1033728	IVmixed	7.6210000000000000000000000000000000000
[0, 0, 0, 2541, -6655]	2212848	[2, 3, -5, 5]	[1, 2, 2, 1]	3133440	IVmixed	1.3550000000000000000000000000000000000
[0, 0, 0, 375, 500]	2786400	[3, 2, -1, 5]	[2, 1, 2, 1]	1161216	IVmixed	0.22700000000000000000000000000000000000
[0, 0, 0, -363, -1089]	3510936	[3, 3, 4, 5, 5]	[2, 2, 1, 1, 1]	1523712	IV	3.8470000000000000000000000000000000000
[0, 0, 0, -1323, -686]	550368	[-1, 2, -5, 5]	[1, 1, 2, 1]	497664	IV	0.35100000000000000000000000000000000000
[0, 0, 0, 343, 343]	1096816	[2, -1, 5]	[1, 4, 1]	317952	IV	0.21300000000000000000000000000000000000
[0, 0, 0, -95, -570]	1335700	[-4, 2, 2, 5]	[3, 1, 1, 1]	331776	II,II	0.51100000000000000000000000000000000000
[0, 0, 0, -75, 675]	1132200	[3, 3, 4, 5, 5]	[2, 2, 1, 1, 1]	335616	IV	2.5360000000000000000000000000000000000
[0, 0, 0, -50, 300]	617600	[3, 4, 5]	[2, 1, 1]	137472	IVmixed	1.0460000000000000000000000000000000000
[0, 0, 0, -475, 750]	661600	[-1, -1, 5]	[2, 1, 1]	311040	IVmixed	0.46500000000000000000000000000000000000
[0, 0, 0, -441, 1372]	973728	[3, 2, -1, 5]	[2, 1, 2, 1]	552960	IV	0.092000000000000000000000000000000000000
[0, 0, 0, -595, 1666]	2492336	[-6, 3, 6, 2]	[2, 2, 2, 1]	2322432	II,II	0.41200000000000000000000000000000000000
[0, 0, 0, 19573, 13754]	2835440	[-9, 9, 4, 5]	[4, 5, 3, 1]	9457920	IVmixed	1.3580000000000000000000000000000000000
[0, 0, 0, -100, -75]	615700	[4, 4, 5, 5]	[1, 1, 1, 1]	123984	IVmixed	3.9320000000000000000000000000000000000
[0, 0, 0, 35, 35]	3273200	[2, 2, 2, 5]	[1, 1, 1, 1]	717120	II,II	0.83600000000000000000000000000000000000
[0, 0, 0, -1250, 5000]	3654400	[3, -4, 5]	[2, 1, 1]	2538240	IV*	1.8140000000000000000000000000000000000
[0, 0, 0, -165, 110]	3484800	[2, -1, 2, 2]	[1, 2, 1, 1]	774144	II,II	0.091000000000000000000000000000000000000
[0, 0, 0, -4719, -2662]	3188592	[-1, 4, -1, 5]	[1, 1, 2, 1]	4838400	IVmixed	0.096000000000000000000000000000000000000
[0, 0, 0, -1815, -2662]	810216	[-5, 2, -1, 5]	[4, 1, 1, 1]	685440	IV	0.082000000000000000000000000000000000000
[0, 0, 0, -121, -968]	1204192	[3, 4, 5]	[2, 3, 1]	642048	IVmixed	2.1040000000000000000000000000000000000
[0, 0, 0, -195, 1040]	2433600	[2, 3, 2, 2]	[1, 2, 1, 1]	608256	II,II	0.17000000000000000000000000000000000000
[0, 0, 0, -217, 651]	3767120	[2, 8, 2, 2]	[1, 4, 1, 1]	1278720	II,II	0.19000000000000000000000000000000000000
[0, 0, 0, -14641, 161051]	884752	[2, -2, 5]	[1, 1, 1]	4359168	IV*	0.81600000000000000000000000000000000000
[0, 0, 0, 121, -1089]	2585528	[3, 4, 5]	[2, 1, 1]	723648	IV	8.4670000000000000000000000000000000000
[0, 0, 0, 2500, -7500]	2048600	[-5, -4, 5]	[4, 1, 1]	1617840	IV*	14.388000000000000000000000000000000000
[0, 0, 0, 325, 625]	3785200	[2, -1, 5]	[1, 2, 1]	931840	IV	2.8350000000000000000000000000000000000
[1, -1, 0, -15660, 1305]	1131435	[4, 5, -4, 5]	[3, 1, 3, 1]	3730752	IV*	1.4340000000000000000000000000000000000
[0, 0, 0, 50, -450]	3819200	[2, 4, 5, 5, 5]	[1, 1, 1, 1, 1]	993024	IV	6.6650000000000000000000000000000000000
[0, 0, 0, -1875, -625]	1927800	[3, 2, -4, 6, 5]	[2, 1, 3, 2, 1]	1728000	IV*	1.5310000000000000000000000000000000000
[0, 0, 0, 867, -18207]	2132820	[4, 3, 7, 4, 5]	[1, 2, 1, 1, 1]	1736640	IVmixed	1.7000000000000000000000000000000000000
[0, 0, 0, -1250, 7500]	3222400	[3, -4, 5, 5]	[2, 1, 1, 1]	3256320	IV*	5.8980000000000000000000000000000000000
[0, 0, 0, -49, 1715]	526064	[2, -1, 5, 5]	[1, 1, 1, 1]	344736	IVmixed	0.10700000000000000000000000000000000000
[0, 0, 0, -841, 16820]	3848416	[3, 5, 6, 4]	[2, 1, 2, 3]	7180800	IV	2.3810000000000000000000000000000000000
[0, 0, 0, -2420, 3993]	1397308	[4, -5, 5]	[3, 4, 1]	1402560	IV	4.7390000000000000000000000000000000000
[0, 0, 0, -12005, -19208]	1626016	[3, -4, 7, 5]	[2, 1, 1, 1]	3161088	IV*	4.6820000000000000000000000000000000000
[0, 0, 0, -2500, 7500]	3902800	[-1, -4, 5, 5]	[1, 1, 1, 1]	3173760	IV*	14.839000000000000000000000000000000000
[0, 0, 0, 14641, 29282]	3549656	[-5, -4, 5, 5]	[2, 1, 1, 1]	8718336	IV*	12.607000000000000000000000000000000000
[0, 0, 0, 1250, -3750]	1198400	[2, -4, 6, 5]	[1, 3, 2, 1]	771840	IV*	2.1490000000000000000000000000000000000
[0, 0, 0, -1323, 686]	550368	[-1, 2, -5, 5]	[2, 1, 4, 1]	497664	IV	0.39900000000000000000000000000000000000
[0, 0, 0, -147, 1274]	635040	[-1, 2, 5, 4]	[1, 1, 1, 1]	251136	IV	0.18600000000000000000000000000000000000
[0, 0, 0, -98, -98]	1144640	[2, 5, 4, 5]	[1, 1, 1, 1]	230400	IVmixed	1.3310000000000000000000000000000000000
[0, 0, 0, 1875, -3125]	1090800	[2, 2, -2, 5]	[1, 1, 1, 1]	972000	IV*	0.51800000000000000000000000000000000000
[0, 0, 0, -392, -588]	1181684	[-4, 4, 5]	[1, 3, 1]	329616	IV	5.8380000000000000000000000000000000000
[0, 0, 0, -125, 1200]	584800	[3, 4, 6, 5]	[2, 1, 2, 1]	168960	IVmixed	2.1030000000000000000000000000000000000
[0, 0, 0, 196, -392]	699328	[-1, 4, 5]	[1, 1, 1]	201984	IVmixed	0.52000000000000000000000000000000000000
[0, 0, 0, 75, 875]	572400	[2, 2, -1, 5]	[1, 1, 1, 1]	141120	IV	0.065000000000000000000000000000000000000
[0, 0, 0, -105, 245]	1719900	[4, 2, 2, 3, 5]	[1, 1, 1, 2, 1]	380160	II,II	0.58300000000000000000000000000000000000
[0, 0, 0, 343, 686]	1160320	[2, 5, -1, 5]	[1, 1, 1, 1]	508032	IVmixed	0.29900000000000000000000000000000000000
[0, 0, 0, 43923, -161051]	2112660	[4, 3, 5, -2, 5]	[3, 2, 1, 1, 1]	9263232	IV*	2.8420000000000000000000000000000000000
[0, 0, 0, -4802, 16807]	1208144	[2, -2, 5, 5]	[1, 1, 1, 1]	1435392	IV*	3.1410000000000000000000000000000000000
[0, 0, 0, 7203, 16807]	1390032	[2, 3, -2, 5]	[1, 2, 1, 1]	2249856	IV*	0.67200000000000000000000000000000000000
[0, 0, 0, -675, 250]	1965600	[-1, 2, -1, 5, 5]	[1, 1, 1, 1, 1]	1451520	IVmixed	0.35100000000000000000000000000000000000
[0, 0, 0, 400, 800]	683200	[-2, 4, 5, 5]	[1, 1, 1, 1]	301056	IV	0.56100000000000000000000000000000000000
[0, 0, 0, 1875, 625]	2250900	[4, 3, -4, 5, 5]	[1, 2, 3, 1, 1]	1566720	IV*	5.7990000000000000000000000000000000000
[0, 0, 0, -1250, -2500]	3913600	[3, -4, 5]	[2, 3, 1]	2707200	IV*	7.4180000000000000000000000000000000000
[0, 0, 0, -55, -1210]	3533200	[-1, 2, 3, 5]	[2, 1, 2, 1]	2704896	II,II	1.1190000000000000000000000000000000000
[0, 0, 0, -2401, -9604]	3595424	[3, -4, 5]	[2, 1, 1]	9773568	IV*	9.4770000000000000000000000000000000000
[0, 0, 0, 2500, 2500]	2005400	[-5, -4, 5, 5]	[2, 3, 1, 1]	1800960	IV*	14.164000000000000000000000000000000000
[0, 0, 0, -12482, 536726]	1997120	[2, 5, 4]	[1, 1, 1]	2900352	IVmixed	0.25800000000000000000000000000000000000
[0, 0, 0, -364, -1456]	529984	[-12, 2, 2]	[4, 1, 1]	405504	II,II	0.0020000000000000000000000000000000000000
[0, 0, 0, 588, -735]	597996	[4, 2, 4, 6]	[3, 1, 1, 2]	423792	IV	0.70500000000000000000000000000000000000
[0, 0, 0, -400, -300]	2535700	[-4, 4, 5]	[1, 1, 1]	897480	IVmixed	17.507000000000000000000000000000000000
[0, 0, 0, 625, 6875]	1153400	[3, -4, 5, 5]	[2, 3, 1, 1]	502080	IV*	8.2680000000000000000000000000000000000
[0, 0, 0, -4332, 27436]	2339280	[-1, 2, 5, -1]	[1, 1, 1, 1]	2757888	IVmixed	0.022000000000000000000000000000000000000
[0, 0, 0, 2500, 6250]	2603200	[2, -2, 5]	[1, 1, 1]	2188800	IV*	0.65300000000000000000000000000000000000
[0, 0, 0, 625, 4375]	764600	[3, -4, 5]	[2, 1, 1]	335760	IV*	5.1660000000000000000000000000000000000
[0, 0, 0, 175, -625]	818800	[2, -1, 5, 5]	[1, 2, 1, 1]	218880	IVmixed	0.40400000000000000000000000000000000000
[0, 0, 0, -722, 7581]	1025240	[3, 5, 4, 5]	[2, 1, 1, 1]	426816	IV	1.8100000000000000000000000000000000000
[0, 0, 0, -625, -625]	989200	[2, -4, 5]	[1, 3, 1]	1035360	IV*	1.6840000000000000000000000000000000000
[0, 0, 0, -625, 3750]	611200	[2, -4, 5]	[1, 3, 1]	201600	IV*	1.0940000000000000000000000000000000000
[0, 0, 0, 14641, 58564]	2330944	[2, 7, -4, 5]	[1, 1, 3, 1]	6082560	IV*	2.1180000000000000000000000000000000000
[0, 0, 0, 425, -1000]	1710400	[2, -5, 5]	[1, 2, 1]	2199552	IV	3.0120000000000000000000000000000000000
[0, 0, 0, 45177, 52022]	985680	[-1, -7, 8, 4]	[2, 4, 2, 3]	3981312	IVmixed	0.20000000000000000000000000000000000000
[0, 0, 0, 625, -4375]	1529200	[2, -4, 5]	[1, 1, 1]	671520	IV*	5.5480000000000000000000000000000000000
[0, 0, 0, -363, 3751]	1385208	[3, 4, 4, 5]	[2, 3, 3, 1]	466560	IVmixed	1.0360000000000000000000000000000000000
[0, 0, 0, 735, -1519]	1663452	[4, -1, 4, 5, 5]	[3, 2, 3, 1, 1]	950400	IV	1.0660000000000000000000000000000000000
[0, 0, 0, -125, -675]	718300	[4, 4, 5, 5]	[3, 1, 1, 1]	154224	IVmixed	4.5290000000000000000000000000000000000
[0, 0, 0, 2541, 6655]	1106424	[3, 3, -5, 5]	[2, 2, 4, 1]	1566720	IVmixed	1.3590000000000000000000000000000000000
[0, 0, 0, -363, 242]	1568160	[-1, 2, 5, 4]	[1, 1, 1, 1]	933120	IV	0.34300000000000000000000000000000000000
[0, 0, 0, 2500, 2500]	2005400	[-5, -4, 5, 5]	[2, 3, 1, 1]	1800960	IV*	14.663000000000000000000000000000000000
[0, 0, 0, -2401, 21609]	1453732	[4, -4, 5]	[3, 3, 1]	1321488	IV*	7.7260000000000000000000000000000000000
[0, 0, 0, -2401, 9604]	3595424	[3, -4, 5]	[2, 3, 1]	9773568	IV*	10.244000000000000000000000000000000000
[0, 0, 0, 400, -275]	3175900	[4, 4, 5, 6, 5]	[1, 3, 1, 2, 1]	1243584	IV	21.832000000000000000000000000000000000
[0, 0, 0, -12005, 19208]	1626016	[3, -4, 7, 5]	[2, 3, 1, 1]	3161088	IV*	4.3150000000000000000000000000000000000
[1, -1, 0, -15660, 1305]	1131435	[4, 5, -4, 5]	[3, 1, 3, 1]	3730752	IV*	1.2860000000000000000000000000000000000
[0, 0, 0, -1587, 9522]	533232	[-8, 3, 5, 4]	[4, 2, 1, 3]	393216	IV	0.032000000000000000000000000000000000000
[0, 0, 0, -2401, -19208]	3087392	[3, -4, 5, 5]	[2, 1, 1, 1]	7279104	IV*	8.3270000000000000000000000000000000000
[0, 0, 0, -289, -867]	1055428	[4, 5, 4, 5]	[1, 1, 1, 1]	511056	IV	2.2450000000000000000000000000000000000
[0, 0, 0, -75, -525]	1841400	[3, 2, 4, 5, 5]	[2, 1, 3, 1, 1]	437760	IVmixed	2.9650000000000000000000000000000000000
[0, 0, 0, 49, -637]	1865528	[3, 4, 5]	[2, 3, 1]	531936	IV	9.3310000000000000000000000000000000000
[0, 0, 0, -343, 343]	527240	[3, 5, -1, 5]	[2, 1, 4, 1]	552960	IVmixed	0.46400000000000000000000000000000000000
[0, 0, 0, -625, 3750]	611200	[2, -4, 5]	[1, 3, 1]	201600	IV*	1.0310000000000000000000000000000000000
[0, 0, 0, 375, 425]	548100	[4, 4, 4, 6, 5]	[3, 1, 1, 2, 1]	205632	IVmixed	0.99400000000000000000000000000000000000
[0, 0, 0, 625, 5625]	1874800	[2, -4, 5, 5]	[1, 3, 1, 1]	1150080	IV*	6.7850000000000000000000000000000000000
[0, 0, 0, -273, -1001]	1192464	[2, -6, 2, 2]	[1, 4, 1, 1]	387072	II,II	0.049000000000000000000000000000000000000
[0, 0, 0, -1369, -20535]	3280124	[4, 4, 5]	[3, 1, 1]	1467720	IVmixed	3.5310000000000000000000000000000000000
[0, 0, 0, 625, -6875]	2306800	[2, -4, 5, 5]	[1, 3, 1, 1]	1004160	IV*	8.8580000000000000000000000000000000000
[0, 0, 0, -2500, 5000]	3956800	[-1, -4, 5]	[1, 1, 1]	8282880	IV*	1.9520000000000000000000000000000000000
[0, 0, 0, -3125, 3125]	1247300	[4, -2, 5]	[3, 1, 1]	1400400	IV*	9.3990000000000000000000000000000000000
[0, 0, 0, 14641, -146410]	1853236	[-4, 5, -4, 5]	[3, 1, 3, 1]	3738240	IV*	6.8210000000000000000000000000000000000
[0, 0, 0, -361, 3249]	1072892	[4, 4, 5]	[3, 3, 1]	444528	IV	2.0910000000000000000000000000000000000
[0, 0, 0, -800, 125]	2620900	[4, -5, 5]	[1, 4, 1]	1842048	IVmixed	20.452000000000000000000000000000000000
[0, 0, 0, 7203, 16807]	1390032	[2, 3, -2, 5]	[1, 2, 1, 1]	2249856	IV*	0.69400000000000000000000000000000000000
[0, 0, 0, -1250, -4375]	3735400	[3, -4, 5, 5]	[2, 1, 1, 1]	1923840	IV*	26.766000000000000000000000000000000000
[0, 0, 0, 1875, 5625]	2322900	[4, 3, -4, 5, 5]	[1, 2, 3, 1, 1]	2335680	IV*	5.8920000000000000000000000000000000000
[0, 0, 0, -255, 1530]	1040400	[-1, 3, 2, 2]	[1, 2, 1, 1]	228096	II,II	0.047000000000000000000000000000000000000
[0, 0, 0, 735, 1127]	726768	[2, -6, 4, 5]	[1, 2, 3, 1]	336384	IV	0.39000000000000000000000000000000000000
[0, 0, 0, 14641, 58564]	2330944	[2, 7, -4, 5]	[1, 1, 3, 1]	6082560	IV*	2.1440000000000000000000000000000000000
[0, 0, 0, 625, 6875]	1153400	[3, -4, 5, 5]	[2, 3, 1, 1]	502080	IV*	8.0370000000000000000000000000000000000
[0, 0, 0, 25, -300]	1595200	[2, 4, 5]	[1, 1, 1]	332544	IVmixed	2.6900000000000000000000000000000000000
[0, 0, 0, 600, 925]	584100	[4, -5, 4, 5, 5]	[1, 2, 1, 1, 1]	398592	IV	1.4260000000000000000000000000000000000
[0, 0, 0, 1690, -4394]	854464	[2, -5, 5]	[1, 4, 1]	516096	IV	0.61800000000000000000000000000000000000
[0, 0, 0, -200, -675]	3151700	[4, 4, 5]	[1, 1, 1]	924408	IV	21.130000000000000000000000000000000000
[0, 0, 0, -1127, 686]	594860	[-4, 5, -1, 5]	[1, 1, 1, 1]	353808	IVmixed	0.44300000000000000000000000000000000000
[0, 0, 0, 25, -475]	3938800	[2, 4, 5, 5]	[1, 3, 1, 1]	700416	IV	12.912000000000000000000000000000000000
[0, 0, 0, 121, 4114]	3835216	[-1, 5, 4, 5]	[1, 1, 3, 1]	1831680	IV	3.2450000000000000000000000000000000000
[0, 0, 0, 725, -450]	1248800	[-1, 4, 7, 5]	[2, 1, 3, 1]	592128	IV	4.5350000000000000000000000000000000000
[0, 0, 0, 625, -5625]	937400	[3, -4, 5, 5]	[2, 3, 1, 1]	575040	IV*	6.1490000000000000000000000000000000000
[0, 0, 0, -100, -175]	507700	[4, 4, 5]	[3, 1, 1]	180360	IV	2.9850000000000000000000000000000000000
[0, 0, 0, 625, -5000]	1691200	[2, -4, 5, 5]	[1, 1, 1, 1]	983040	IV*	3.0600000000000000000000000000000000000
[0, 0, 0, -700, -375]	1751300	[4, -5, 5, 5]	[3, 4, 1, 1]	1466496	IV	12.063000000000000000000000000000000000
[1, -1, 1, -100, -85]	2645786	[6, 3, 5, 2]	[2, 2, 1, 1]	501120	II,II	0.63100000000000000000000000000000000000
[0, 0, 0, 726, -2783]	1420056	[3, -1, 4, 5]	[2, 2, 1, 1]	783360	IV	0.53700000000000000000000000000000000000
[0, 0, 0, -539, -294]	3183824	[-6, 4, 5, 5]	[4, 3, 1, 1]	1722624	IV	8.4030000000000000000000000000000000000
[0, 0, 0, 4375, 3125]	3432700	[4, -2, 5]	[1, 1, 1]	7579260	IV*	26.566000000000000000000000000000000000
[0, 0, 0, -242, -484]	3329920	[3, 5, 4, 5]	[2, 1, 1, 1]	1388544	IV	2.8470000000000000000000000000000000000
[0, 0, 0, 2401, -14406]	518224	[-1, -4, 5]	[1, 3, 1]	473760	IV*	0.67200000000000000000000000000000000000
[0, 0, 0, -3125, -625]	2550800	[2, -4, 7, 5]	[1, 3, 3, 1]	2643840	IV*	5.0900000000000000000000000000000000000
[0, 0, 0, -625, 1250]	956800	[2, -4, 5, 5]	[1, 1, 1, 1]	1274880	IV*	1.8990000000000000000000000000000000000
[0, 0, 0, -750, -625]	1717200	[2, 2, -4, 5]	[1, 1, 3, 1]	1105920	IV	1.0090000000000000000000000000000000000
[0, 0, 0, 625, 1875]	548600	[3, -4, 5, 5]	[2, 1, 1, 1]	259200	IV*	3.9440000000000000000000000000000000000
[0, 0, 0, 294, 637]	2042712	[3, 4, 4, 5]	[2, 1, 1, 1]	1047744	IV	2.3870000000000000000000000000000000000
[0, 0, 0, 350, -375]	2243800	[3, -1, 5, 5]	[2, 1, 1, 1]	1218240	IVmixed	3.4810000000000000000000000000000000000
[0, 0, 0, 14641, 29282]	3549656	[-5, -4, 5, 5]	[2, 1, 1, 1]	8718336	IV*	13.222000000000000000000000000000000000
[0, 0, 0, 484, -3872]	886688	[-7, 4, 5]	[4, 3, 1]	450048	IV	1.3660000000000000000000000000000000000
[0, 0, 0, -5043, 30258]	1210320	[-8, 3, 6, 4]	[2, 2, 2, 3]	1806336	IV	0.059000000000000000000000000000000000000
[0, 0, 0, -147, 784]	1270080	[2, 2, 5, 4]	[1, 1, 1, 3]	366336	IV	0.17600000000000000000000000000000000000
[0, 0, 0, 147, 588]	3598560	[3, 2, 5, 4, 5]	[2, 1, 1, 1, 1]	1239552	IVmixed	2.1750000000000000000000000000000000000
[0, 0, 0, 1156, -4913]	1308592	[2, -1, 5]	[1, 2, 1]	884736	IV	0.054000000000000000000000000000000000000
[0, 0, 0, -147, -1568]	1947456	[2, 4, 4, 5]	[1, 3, 1, 1]	633600	IVmixed	0.64000000000000000000000000000000000000
[0, 0, 0, -294, -1862]	2624832	[2, 2, 4, 5]	[1, 1, 3, 1]	836352	IV	0.89100000000000000000000000000000000000
[0, 0, 0, -49, -1127]	2761052	[4, 4, 5]	[3, 1, 1]	1569780	IV	13.683000000000000000000000000000000000
[0, 0, 0, -1250, -7500]	3222400	[3, -4, 5, 5]	[2, 1, 1, 1]	3256320	IV*	6.0360000000000000000000000000000000000
[0, 0, 0, -1875, -625]	1927800	[3, 2, -4, 6, 5]	[2, 1, 3, 2, 1]	1728000	IV*	1.5370000000000000000000000000000000000
[0, 0, 0, 400, 125]	1641100	[4, -1, 5]	[1, 1, 1]	668736	IV	2.3190000000000000000000000000000000000
[0, 0, 0, 4375, 3125]	3432700	[4, -2, 5]	[1, 1, 1]	7579260	IV*	27.978000000000000000000000000000000000
[0, 0, 0, 196, -1960]	2731456	[-1, 4, 5, 5]	[1, 3, 1, 1]	1101312	IV	1.9000000000000000000000000000000000000
[0, 0, 0, 625, -5000]	1691200	[2, -4, 5, 5]	[1, 1, 1, 1]	983040	IV*	3.2400000000000000000000000000000000000
[0, 0, 0, -250, -875]	535400	[3, -1, 5]	[2, 2, 1]	308736	IV	0.80700000000000000000000000000000000000
[0, 0, 0, 2500, 2500]	2005400	[-5, -4, 5, 5]	[2, 3, 1, 1]	1800960	IV*	14.942000000000000000000000000000000000
[0, 0, 0, -507, 4563]	644904	[3, 3, 4, 5]	[2, 2, 3, 1]	314112	IV	0.64400000000000000000000000000000000000
[0, 0, 0, -1875, -625]	1927800	[3, 2, -4, 6, 5]	[2, 1, 3, 2, 1]	1728000	IV*	1.5790000000000000000000000000000000000
[0, 0, 0, -5887, 48778]	1063024	[-1, -1, 5]	[1, 2, 1]	3370752	IVmixed	0.016000000000000000000000000000000000000
[0, 0, 0, 637, -1470]	1393168	[-8, 4, 5]	[2, 1, 1]	1048320	IVmixed	1.0440000000000000000000000000000000000
[0, 0, 0, 484, -3993]	966064	[2, -1, 5]	[1, 2, 1]	504000	IV	0.11500000000000000000000000000000000000
[0, 0, 0, 625, -1875]	1097200	[2, -4, 5, 5]	[1, 1, 1, 1]	518400	IV*	3.9900000000000000000000000000000000000
[0, 0, 0, -150, 550]	3412800	[2, 2, 4, 5]	[1, 1, 1, 1]	725760	IV	1.5390000000000000000000000000000000000
[0, 0, 0, -2500, 3125]	637300	[4, -2, 5]	[1, 1, 1]	1640160	IV*	5.1580000000000000000000000000000000000
[0, 0, 0, -8410, 24389]	921736	[3, -5, 5]	[2, 2, 1]	3682560	IV	1.2820000000000000000000000000000000000
[0, 0, 0, 1250, 3750]	1198400	[2, -4, 6, 5]	[1, 3, 2, 1]	771840	IV*	2.1720000000000000000000000000000000000
[0, 0, 0, 14641, -146410]	1853236	[-4, 5, -4, 5]	[3, 1, 3, 1]	3738240	IV*	6.8570000000000000000000000000000000000
[0, 0, 0, 147, 1323]	1305360	[2, 3, 6, 4, 5]	[1, 2, 2, 1, 1]	405504	IV	0.59400000000000000000000000000000000000
[0, 0, 0, -2401, 12005]	1750084	[4, -4, 5]	[1, 1, 1]	3661560	IV*	9.7690000000000000000000000000000000000
[0, 0, 0, 14641, -146410]	1853236	[-4, 5, -4, 5]	[3, 1, 3, 1]	3738240	IV*	7.3750000000000000000000000000000000000
[0, 0, 0, -150, 650]	1339200	[2, 2, 4, 5]	[1, 1, 3, 1]	315648	IV	0.59800000000000000000000000000000000000
[0, 0, 0, 2601, 7803]	1893528	[3, -1, 5, 6, 4]	[2, 2, 1, 2, 1]	2525184	IV	0.67500000000000000000000000000000000000
[0, 0, 0, -169, -1352]	1422304	[3, 4, 5]	[2, 1, 1]	1188864	IV	2.1720000000000000000000000000000000000
[0, 0, 0, -175, 630]	2680300	[-4, 2, 2, 5]	[3, 1, 1, 1]	753408	II,II	2.8660000000000000000000000000000000000
[0, 0, 0, 490, 686]	3220672	[2, -1, 5, 5]	[1, 1, 1, 1]	1161216	IV	0.77000000000000000000000000000000000000
[0, 0, 0, -392, 196]	1224020	[-4, 5, 4, 5]	[3, 1, 3, 1]	544320	IVmixed	6.0060000000000000000000000000000000000
[0, 0, 0, -121, -242]	727936	[2, 4, 5]	[1, 3, 1]	457728	IV	0.57000000000000000000000000000000000000
[0, 0, 0, 4802, 16807]	1250480	[2, 5, -2, 5, 5]	[1, 1, 1, 1, 1]	3601920	IV*	3.1840000000000000000000000000000000000
[0, 0, 0, 588, -343]	1360044	[4, 2, -1, 5]	[3, 1, 2, 1]	746496	IV	0.25700000000000000000000000000000000000
[0, 0, 0, -475, 750]	661600	[-1, -1, 5]	[2, 1, 1]	311040	IVmixed	0.47700000000000000000000000000000000000
[0, 0, 0, 43923, -161051]	2112660	[4, 3, 5, -2, 5]	[3, 2, 1, 1, 1]	9263232	IV*	2.7880000000000000000000000000000000000
[0, 0, 0, -1000, 625]	1021300	[4, -4, 5, 5]	[3, 3, 1, 1]	1678320	IV	7.3870000000000000000000000000000000000
[0, 0, 0, 3125, -3750]	979600	[-7, -4, 5, 5]	[4, 3, 1, 1]	731520	IV*	3.6900000000000000000000000000000000000
[0, 0, 0, 75, 900]	2512800	[3, 3, 4, 5]	[2, 2, 3, 1]	924672	IVmixed	3.0390000000000000000000000000000000000
[0, 0, 0, 343, -1029]	1266160	[2, 5, -1, 5, 5]	[1, 1, 1, 1, 1]	494208	IV	0.25000000000000000000000000000000000000
[0, 0, 0, -195, 910]	912600	[-3, 2, 2, 2]	[2, 1, 1, 1]	228096	II,II	0.16000000000000000000000000000000000000
[0, 0, 0, -12005, 19208]	1626016	[3, -4, 7, 5]	[2, 3, 1, 1]	3161088	IV*	4.6240000000000000000000000000000000000
[0, 0, 0, -49, -539]	601916	[4, 4, 5, 5]	[1, 1, 1, 1]	299808	IVmixed	2.7280000000000000000000000000000000000
[0, 0, 0, -125, 675]	2873200	[2, 4, 5, 5]	[1, 1, 1, 1]	616896	IVmixed	4.9350000000000000000000000000000000000
[0, 0, 0, -35, -735]	803600	[2, 2, 3, 6]	[1, 1, 2, 2]	144384	II,II	0.44700000000000000000000000000000000000
[0, 0, 0, -2500, 5000]	3956800	[-1, -4, 5]	[1, 1, 1]	8282880	IV*	1.9400000000000000000000000000000000000
[0, 0, 0, -1875, -3750]	1663200	[-1, 2, -4, 5, 5]	[1, 1, 3, 1, 1]	1440000	IV*	1.7140000000000000000000000000000000000
[0, 0, 0, -735, 686]	656208	[-1, 2, -1, 5]	[2, 1, 1, 1]	435456	IVmixed	0.10300000000000000000000000000000000000
[0, 0, 1, -35, -9]	2710925	[2, 2, 5]	[1, 1, 1]	467640	II,II	5.6610000000000000000000000000000000000
[0, 0, 0, 2738, -50653]	1292336	[2, -1, 5]	[1, 2, 1]	4147200	IV	0.031000000000000000000000000000000000000
[0, 0, 0, -143, 858]	1635920	[-1, 6, 2, 2]	[1, 2, 1, 1]	400896	II,II	0.12500000000000000000000000000000000000
[0, 0, 0, 77, 154]	2466464	[-1, 2, 2, 5]	[1, 1, 1, 1]	1089792	II,II	0.62600000000000000000000000000000000000
[0, 0, 0, 35, -35]	818300	[4, 2, 2, 5]	[3, 1, 1, 1]	179280	II,II	0.93900000000000000000000000000000000000
[0, 0, 0, 845, -2366]	3793712	[-6, 4, 5, 5]	[4, 3, 1, 1]	3753216	IVmixed	5.3790000000000000000000000000000000000
[0, 0, 0, -392, 49]	3932740	[4, 6, 4, 5]	[3, 2, 3, 1]	1637568	IVmixed	19.785000000000000000000000000000000000
[0, 0, 0, -363, -2541]	1123848	[3, 2, 4, 5]	[2, 1, 3, 1]	324864	IVmixed	0.87600000000000000000000000000000000000
[0, 0, 0, -484, -484]	3695824	[-1, 4, 5, 5]	[1, 1, 1, 1]	4526592	IVmixed	5.8830000000000000000000000000000000000
[0, 0, 0, 1275, 425]	1820700	[4, -6, 4, 5, 2]	[1, 2, 1, 1, 1]	1596672	II,II	0.27800000000000000000000000000000000000
[0, 0, 0, 225, -625]	718200	[3, 2, -1, 5, 5]	[2, 1, 4, 1, 1]	319488	IV	0.24000000000000000000000000000000000000
[0, 0, 0, -3468, -4913]	1872720	[2, 2, 5, -5]	[1, 1, 1, 4]	2820096	IV	0.13400000000000000000000000000000000000
[0, 0, 0, -100, -75]	615700	[4, 4, 5, 5]	[1, 1, 1, 1]	123984	IVmixed	3.8790000000000000000000000000000000000
[0, 0, 0, 25, -300]	1595200	[2, 4, 5]	[1, 1, 1]	332544	IVmixed	2.7030000000000000000000000000000000000
[0, 0, 0, 845, 8788]	2520128	[2, -1, 5]	[1, 1, 1]	2297856	IVmixed	0.16400000000000000000000000000000000000
[0, 0, 0, 165, 275]	1524600	[3, 3, 3, 6, 2]	[2, 2, 2, 2, 1]	442368	II,II	0.37700000000000000000000000000000000000
[0, 0, 0, -2401, -9604]	3595424	[3, -4, 5]	[2, 1, 1]	9773568	IV*	10.101000000000000000000000000000000000
[0, 0, 0, 8381, -9826]	1764056	[-2, 5, -1, 5]	[1, 1, 4, 1]	7208960	IV	0.27000000000000000000000000000000000000
[0, 0, 0, -1715, 686]	524888	[-2, -1, 5, 5]	[1, 1, 1, 1]	435456	IVmixed	0.43600000000000000000000000000000000000
[0, 0, 0, -196, 637]	1564276	[4, 4, 5, 5]	[1, 1, 1, 1]	1476144	IV	7.4100000000000000000000000000000000000
[0, 0, 0, -2401, 28812]	2240672	[3, -4, 5]	[2, 1, 1]	2521344	IV*	6.0810000000000000000000000000000000000
[0, 0, 0, 5476, -151959]	2732524	[4, -1, 5]	[3, 2, 1]	4678560	IVmixed	0.098000000000000000000000000000000000000
[1, -1, 1, -97, 17]	3614234	[9, 2, 2, 5]	[5, 1, 1, 1]	1157760	II,II	1.1950000000000000000000000000000000000
[0, 0, 0, -1250, -6875]	3346600	[3, -4, 5, 5]	[2, 3, 1, 1]	3191040	IV*	26.193000000000000000000000000000000000
[0, 0, 0, 98, -49]	1250480	[2, 5, 4, 5, 5]	[1, 1, 1, 1, 1]	514560	IV	3.0990000000000000000000000000000000000
[0, 0, 0, 2401, -14406]	518224	[-1, -4, 5]	[1, 3, 1]	473760	IV*	0.77500000000000000000000000000000000000
[0, 0, 0, 625, 2500]	1172800	[2, -4, 5]	[1, 3, 1]	587520	IV*	2.2460000000000000000000000000000000000
[0, 0, 0, -70, 175]	1744400	[2, 3, 2, 5]	[1, 2, 1, 1]	672768	II,II	0.87600000000000000000000000000000000000
[0, 0, 0, -19208, -16807]	3932740	[4, 6, -2, 5]	[3, 2, 1, 1]	11462976	IV*	23.790000000000000000000000000000000000
[0, 0, 0, -147, 588]	1100736	[2, 2, 4, 5]	[1, 1, 1, 1]	235008	IV	0.39600000000000000000000000000000000000
[0, 0, 0, 75, 200]	885600	[3, 2, 4, 5]	[2, 1, 1, 1]	223488	IV	0.91400000000000000000000000000000000000
[0, 0, 0, 1183, 10985]	1383772	[4, -1, 5, 5]	[3, 2, 1, 1]	1313280	IVmixed	0.32400000000000000000000000000000000000
[0, 0, 0, -980, 1372]	1546832	[-1, -1, 5]	[1, 2, 1]	840960	IVmixed	0.63100000000000000000000000000000000000
[0, 0, 0, 605, -5324]	1804352	[2, -1, 5]	[1, 4, 1]	1310720	IVmixed	0.14600000000000000000000000000000000000
[0, 0, 0, -361, 1444]	2922656	[3, 5, 4, 5]	[2, 1, 3, 1]	2324736	IVmixed	2.8440000000000000000000000000000000000
[0, 0, 0, -275, -550]	3000800	[-1, 4, 2, 5]	[1, 1, 1, 1]	732672	II,II	1.0470000000000000000000000000000000000
[0, 0, 0, 441, 98]	2335536	[-1, 3, 4, 5]	[1, 2, 3, 1]	942336	IVmixed	1.2190000000000000000000000000000000000
[0, 0, 0, 5046, 48778]	1453248	[2, 4, -1]	[1, 1, 2]	2247168	IVmixed	0.0090000000000000000000000000000000000000
[0, 0, 0, 49, 245]	682864	[2, 4, 5, 5]	[1, 1, 1, 1]	137664	IV	1.6430000000000000000000000000000000000
[0, 0, 0, -1127, -1029]	3796520	[3, 6, -1, 5, 5]	[2, 2, 2, 1, 1]	2856960	IVmixed	3.4450000000000000000000000000000000000
[0, 0, 0, 2184, -1456]	2384928	[-3, -7, 2, 2]	[2, 4, 1, 1]	2598912	II,II	0.22700000000000000000000000000000000000
[0, 0, 0, -3249, -6859]	1390572	[4, 3, -1, 5]	[1, 2, 1, 1]	2592000	IV	0.074000000000000000000000000000000000000
[0, 0, 0, 1029, -1274]	3743208	[-3, 3, 4, 5]	[2, 2, 3, 1]	2572800	IVmixed	6.4790000000000000000000000000000000000
[0, 0, 0, 294, -1078]	536256	[2, -1, 4, 5]	[1, 2, 1, 1]	290304	IV	0.081000000000000000000000000000000000000
[0, 0, 0, -975, 650]	608400	[-1, -5, 4, 2]	[1, 2, 3, 1]	470016	II,II	0.036000000000000000000000000000000000000
[0, 0, 0, 2500, -7500]	2048600	[-5, -4, 5]	[4, 1, 1]	1617840	IV*	15.258000000000000000000000000000000000
[0, 0, 0, 2500, 6250]	2603200	[2, -2, 5]	[1, 1, 1]	2188800	IV*	0.76200000000000000000000000000000000000
[0, 0, 0, 100, 1250]	1182400	[2, -1, 5]	[1, 4, 1]	337920	IVmixed	0.066000000000000000000000000000000000000
[0, 0, 0, 50, 425]	1720600	[3, 4, 5, 5]	[2, 1, 1, 1]	820608	IV	11.839000000000000000000000000000000000
[0, 0, 0, -931, -1715]	2997232	[2, -5, 5]	[1, 4, 1]	4847616	IVmixed	7.9630000000000000000000000000000000000
[0, 0, 0, -3750, -6250]	2865600	[2, 3, -2, 5]	[1, 2, 1, 1]	3409920	IV*	1.9710000000000000000000000000000000000
[0, 0, 0, 625, -2500]	1172800	[2, -4, 5]	[1, 3, 1]	587520	IV*	2.4040000000000000000000000000000000000
[0, 0, 0, -14641, 161051]	884752	[2, -2, 5]	[1, 1, 1]	4359168	IV*	0.85400000000000000000000000000000000000
[0, 0, 0, -242, 1936]	2942720	[3, 5, 4, 5]	[2, 1, 3, 1]	1019904	IVmixed	1.1640000000000000000000000000000000000
[0, 0, 0, -1425, -2375]	2924100	[4, 2, -6, 2]	[3, 1, 4, 1]	1741824	II,II	0.13600000000000000000000000000000000000
[0, 0, 0, -847, -1331]	2603920	[2, 5, -1, 5]	[1, 1, 1, 1]	5184000	IV	0.49400000000000000000000000000000000000
[0, 0, 0, -1250, 625]	3994600	[3, -4, 5]	[2, 3, 1]	2689920	IV*	29.030000000000000000000000000000000000
[0, 0, 0, 425, -850]	3265700	[-4, 4, 2, 5]	[3, 3, 1, 1]	3263328	II,II	1.4380000000000000000000000000000000000
[0, 0, 0, -1568, -1372]	1600340	[-4, 5, -1, 5, 5]	[3, 1, 2, 1, 1]	1088640	IV	1.2220000000000000000000000000000000000
[0, 0, 0, 833, -1274]	2403940	[-4, 6, 4, 5, 5]	[3, 2, 3, 1, 1]	3968640	IV	12.615000000000000000000000000000000000
[0, 0, 0, -620, -3100]	3651800	[-5, 3, 6, 2]	[2, 2, 2, 1]	2426880	II,II	0.98800000000000000000000000000000000000
[0, 0, 0, 420, -875]	3131100	[4, -1, 3, 2, 5]	[1, 2, 2, 1, 1]	1562112	II,II	0.39100000000000000000000000000000000000
[0, 0, 0, 625, 5625]	1874800	[2, -4, 5, 5]	[1, 3, 1, 1]	1150080	IV*	6.5080000000000000000000000000000000000
[0, 0, 0, -3179, -9826]	1507424	[-1, -1, 5]	[2, 2, 1]	1327104	IV	0.10600000000000000000000000000000000000
[0, 0, 0, -245, -1323]	944132	[4, 4, 5]	[3, 3, 1]	202608	IV	4.9310000000000000000000000000000000000
[0, 0, 0, 500, 1000]	843200	[-1, -1, 5, 5]	[1, 2, 1, 1]	1142784	IV	0.21200000000000000000000000000000000000
[0, 0, 0, 169, 7774]	2442388	[-4, 4, 5]	[1, 1, 1]	976752	IVmixed	7.7250000000000000000000000000000000000
[0, 0, 0, 2401, 24010]	602896	[-1, -4, 5]	[1, 1, 1]	695520	IV*	0.92100000000000000000000000000000000000
[0, 0, 0, 145, -2175]	3700400	[2, 3, 7, 2]	[1, 2, 1, 1]	1175040	II,II	0.62700000000000000000000000000000000000
[0, 0, 0, -275, -875]	1600400	[2, -1, 5]	[1, 1, 1]	397440	IVmixed	1.2410000000000000000000000000000000000
[0, 0, 0, -245, 1617]	960988	[4, 4, 5]	[1, 1, 1]	161244	IVmixed	4.6840000000000000000000000000000000000
[0, 0, 0, 600, -500]	1393200	[-1, 2, -1, 5]	[2, 1, 2, 1]	884736	IV	0.070000000000000000000000000000000000000
[0, 0, 0, 2500, -7500]	2048600	[-5, -4, 5]	[4, 1, 1]	1617840	IV*	15.370000000000000000000000000000000000
[0, 0, 0, 9604, -26411]	3906868	[4, -4, 6, 5]	[1, 1, 2, 1]	7759584	IV*	23.694000000000000000000000000000000000
[0, 0, 0, -833, 1029]	3804164	[4, -1, 5, 5]	[1, 2, 1, 1]	1477440	IV	2.9760000000000000000000000000000000000
[0, 0, 0, 625, 5625]	1874800	[2, -4, 5, 5]	[1, 3, 1, 1]	1150080	IV*	6.9300000000000000000000000000000000000
[0, 0, 0, 1230, 205]	3025800	[3, -9, 2, 2]	[2, 2, 1, 1]	2419200	II,II	0.20200000000000000000000000000000000000
[0, 0, 0, -150, -950]	2318400	[2, 3, 4, 5, 5]	[1, 2, 1, 1, 1]	638976	IVmixed	1.5650000000000000000000000000000000000
[0, 0, 0, 14641, -58564]	2330944	[2, 7, -4, 5]	[1, 3, 1, 1]	6082560	IV*	2.1390000000000000000000000000000000000
[0, 0, 0, -363, -484]	2718144	[2, 4, 4, 5]	[1, 1, 1, 1]	1244160	IVmixed	0.63100000000000000000000000000000000000
[0, 0, 0, 3125, -3125]	2505400	[3, -2, 5]	[2, 1, 1]	5053200	IV*	19.500000000000000000000000000000000000
[0, 0, 0, 400, -300]	2584300	[-4, 4, 5, 5]	[1, 1, 1, 1]	907344	IV	19.473000000000000000000000000000000000
[0, 0, 0, 361, 2166]	872176	[-1, 4, 5]	[2, 3, 1]	375552	IV	0.75100000000000000000000000000000000000
[0, 0, 0, -1250, -7500]	3222400	[3, -4, 5, 5]	[2, 1, 1, 1]	3256320	IV*	6.2820000000000000000000000000000000000
[0, 0, 0, -525, -250]	1641600	[2, 4, -1, 5]	[1, 3, 1, 1]	870912	IVmixed	0.15000000000000000000000000000000000000
[0, 0, 0, -1250, -5000]	3654400	[3, -4, 5]	[2, 1, 1]	2538240	IV*	1.9480000000000000000000000000000000000
[0, 0, 0, -1805, -20577]	1484432	[2, -1, 5]	[1, 2, 1]	1036800	IVmixed	0.052000000000000000000000000000000000000
[0, 0, 0, 7581, 6498]	571824	[-12, 3, 6, 4]	[4, 2, 2, 1]	940032	IV	0.12900000000000000000000000000000000000
[0, 0, 0, -1250, -5000]	3654400	[3, -4, 5]	[2, 1, 1]	2538240	IV*	1.9060000000000000000000000000000000000
[0, 0, 0, -5476, 50653]	1254004	[4, -1, 5]	[1, 4, 1]	6690816	IV	0.060000000000000000000000000000000000000
[0, 0, 0, -361, -1083]	1734244	[4, 4, 5]	[1, 3, 1]	673920	IV	3.4640000000000000000000000000000000000
[0, 0, 0, 441, -1323]	1573488	[2, -1, 4, 5]	[1, 2, 3, 1]	807936	IV	0.56800000000000000000000000000000000000
[0, 0, 0, 175, -75]	3454300	[4, 4, 5]	[1, 1, 1]	874944	IVmixed	24.514000000000000000000000000000000000
[0, 0, 0, 9604, -16807]	2463916	[4, -2, 5, 5]	[3, 1, 1, 1]	5188176	IV*	14.587000000000000000000000000000000000
[0, 0, 0, -380, -1900]	938600	[-5, 3, 6, 2]	[4, 2, 2, 1]	354816	II,II	0.42000000000000000000000000000000000000
[0, 0, 0, -100, -1350]	2225600	[2, 4, 6, 5]	[1, 3, 2, 1]	1059840	IVmixed	0.56800000000000000000000000000000000000
[0, 0, 0, -125, 575]	713200	[2, 4, 5]	[1, 1, 1]	120528	IVmixed	1.2160000000000000000000000000000000000
[0, 0, 0, 525, 250]	928800	[-1, 2, -1, 5]	[1, 1, 2, 1]	442368	IVmixed	0.17200000000000000000000000000000000000
[0, 0, 0, -2401, -7203]	1834756	[4, -4, 5, 5, 5]	[1, 3, 1, 1, 1]	2062368	IV*	9.9250000000000000000000000000000000000
[0, 0, 0, 2325, 3875]	1729800	[3, 3, -7, 2]	[2, 2, 2, 1]	1797120	II,II	0.16200000000000000000000000000000000000
[0, 0, 0, 1014, 2197]	1204632	[3, 2, 5, -1]	[2, 1, 1, 2]	1198080	IV	0.038000000000000000000000000000000000000
[0, 0, 0, -70, -175]	872200	[3, 3, 2, 5]	[2, 2, 1, 1]	336384	II,II	0.82400000000000000000000000000000000000
[0, 0, 0, 625, -1875]	1097200	[2, -4, 5, 5]	[1, 1, 1, 1]	518400	IV*	3.9430000000000000000000000000000000000
[0, 0, 0, -2401, 21609]	1453732	[4, -4, 5]	[3, 3, 1]	1321488	IV*	7.8250000000000000000000000000000000000
[0, 0, 0, -2028, -8112]	1460160	[-11, 2, 5, 4]	[2, 1, 1, 3]	1843200	IVmixed	0.14000000000000000000000000000000000000
[0, 0, 0, -735, -490]	2690100	[-4, 3, 2, 4, 5]	[1, 2, 1, 3, 1]	1873152	II,II	1.0700000000000000000000000000000000000
[0, 0, 0, -2401, 12005]	1750084	[4, -4, 5]	[1, 1, 1]	3661560	IV*	9.7230000000000000000000000000000000000
[0, 0, 0, 845, -8788]	2520128	[2, -1, 5]	[1, 1, 1]	2297856	IVmixed	0.17500000000000000000000000000000000000
[0, 0, 0, -625, -1250]	956800	[2, -4, 5, 5]	[1, 1, 1, 1]	1274880	IV*	1.6510000000000000000000000000000000000
[0, 0, 0, 2500, -3125]	2570800	[2, -2, 5]	[1, 1, 1]	3173760	IV*	5.2110000000000000000000000000000000000
[0, 0, 0, -75, -175]	550800	[2, 2, 4, 5]	[1, 1, 1, 1]	96768	IVmixed	0.22800000000000000000000000000000000000
[0, 0, 0, 165, 550]	653400	[-3, 2, 3, 2]	[2, 1, 2, 1]	221184	II,II	0.10700000000000000000000000000000000000
[0, 0, 0, -847, 4598]	3842476	[-4, 4, 5, 5]	[3, 3, 1, 1]	4067712	IVmixed	13.314000000000000000000000000000000000
[0, 0, 0, 4802, -16807]	625240	[3, 5, -2, 5, 5]	[2, 1, 1, 1, 1]	1800960	IV*	3.0460000000000000000000000000000000000
[0, 0, 0, -1875, -625]	1927800	[3, 2, -4, 6, 5]	[2, 1, 3, 2, 1]	1728000	IV*	1.5800000000000000000000000000000000000
[0, 0, 0, 2366, -6591]	1166776	[3, -5, 5]	[2, 4, 1]	1895040	IVmixed	3.6410000000000000000000000000000000000
[0, 0, 0, 294, -196]	1862784	[3, 4, 4, 5]	[2, 1, 1, 1]	543744	IVmixed	0.57100000000000000000000000000000000000
[0, 0, 0, 50, -475]	2109400	[3, 4, 5, 5]	[2, 3, 1, 1]	1055616	IV	14.512000000000000000000000000000000000
[0, 0, 0, 675, -1000]	1072800	[3, 3, -5, 5]	[2, 2, 4, 1]	774144	IV	1.3550000000000000000000000000000000000
[0, 0, 0, -2401, 12005]	1750084	[4, -4, 5]	[1, 1, 1]	3661560	IV*	9.6410000000000000000000000000000000000
[0, 0, 0, 14641, -58564]	2330944	[2, 7, -4, 5]	[1, 3, 1, 1]	6082560	IV*	2.2750000000000000000000000000000000000
[0, 0, 0, -165, 1100]	2613600	[3, 4, 3, 2]	[2, 1, 2, 1]	811008	II,II	0.25300000000000000000000000000000000000
[0, 0, 0, 525, -250]	928800	[-1, 2, -1, 5]	[2, 1, 2, 1]	442368	IV	0.20700000000000000000000000000000000000
[0, 0, 0, 2500, 2500]	2005400	[-5, -4, 5, 5]	[2, 3, 1, 1]	1800960	IV*	15.157000000000000000000000000000000000
[0, 0, 0, 392, 2401]	660716	[4, -1, 5]	[3, 2, 1]	518400	IVmixed	0.50300000000000000000000000000000000000
[0, 0, 0, 4375, 3125]	3432700	[4, -2, 5]	[1, 1, 1]	7579260	IV*	28.066000000000000000000000000000000000
[0, 0, 0, 1176, 1029]	989604	[4, 2, -1, 6, 5]	[1, 1, 2, 2, 1]	829440	IV	0.23600000000000000000000000000000000000
[0, 0, 0, -287, -1722]	3624236	[-4, 2, 5, 2]	[3, 1, 1, 1]	895104	II,II	0.48000000000000000000000000000000000000
[0, 0, 0, -12005, -19208]	1626016	[3, -4, 7, 5]	[2, 1, 1, 1]	3161088	IV*	4.8630000000000000000000000000000000000
[0, 0, 0, 578, -1156]	2034560	[3, 5, 6, 4]	[2, 1, 2, 3]	2640384	IV	1.1910000000000000000000000000000000000
[0, 0, 0, -19208, -16807]	3932740	[4, 6, -2, 5]	[3, 2, 1, 1]	11462976	IV*	23.362000000000000000000000000000000000
[0, 0, 0, 338, -1521]	2933840	[2, 5, 6, 4, 5]	[1, 1, 2, 3, 1]	1231872	IVmixed	4.2900000000000000000000000000000000000
[0, 0, 0, 325, 550]	727400	[-3, 4, 5]	[2, 1, 1]	387264	IVmixed	5.0480000000000000000000000000000000000
[0, 0, 0, -12005, -19208]	1626016	[3, -4, 7, 5]	[2, 1, 1, 1]	3161088	IV*	4.5120000000000000000000000000000000000
[0, 0, 0, 1176, 1568]	1862784	[-3, 4, 4, 5]	[2, 1, 3, 1]	1087488	IV	0.59700000000000000000000000000000000000
[0, 0, 0, -2401, -9604]	3595424	[3, -4, 5]	[2, 1, 1]	9773568	IV*	10.065000000000000000000000000000000000
[0, 0, 0, 98, 49]	625240	[3, 5, 4, 5, 5]	[2, 1, 3, 1, 1]	257280	IVmixed	2.7940000000000000000000000000000000000
[0, 0, 0, -150, -175]	1351800	[3, 3, 4, 5]	[2, 2, 1, 1]	359424	IVmixed	3.4430000000000000000000000000000000000
[0, 0, 0, -2541, 2783]	3955248	[2, -7, 4, 5]	[1, 4, 3, 1]	7492608	IV	1.2020000000000000000000000000000000000
[0, 0, 0, -847, -3993]	1092872	[3, -1, 5]	[2, 2, 1]	694400	IV	0.34000000000000000000000000000000000000
[0, 0, 0, -1210, -2299]	2403544	[3, 4, 5, 6]	[2, 3, 1, 2]	2626560	IV	8.3380000000000000000000000000000000000
[0, 0, 0, -625, 1250]	956800	[2, -4, 5, 5]	[1, 1, 1, 1]	1274880	IV*	1.7130000000000000000000000000000000000
[0, 0, 0, -25, 450]	3459200	[2, 4, 5, 5]	[1, 1, 1, 1]	659712	IV	6.1290000000000000000000000000000000000
[0, 0, 0, 625, -5625]	937400	[3, -4, 5, 5]	[2, 3, 1, 1]	575040	IV*	6.5420000000000000000000000000000000000
[0, 0, 0, 2500, -3125]	2570800	[2, -2, 5]	[1, 1, 1]	3173760	IV*	5.1470000000000000000000000000000000000
[0, 0, 0, -2401, -9604]	3595424	[3, -4, 5]	[2, 1, 1]	9773568	IV*	9.7570000000000000000000000000000000000
[0, 0, 0, -3971, -13718]	1882976	[-1, -1, 5]	[1, 2, 1]	1886976	IV	0.11400000000000000000000000000000000000
[0, 0, 0, 7203, -26411]	3430980	[4, 3, 6, -4, 5]	[3, 2, 2, 1, 1]	7693056	IV*	6.3770000000000000000000000000000000000
[0, 0, 0, -49, 637]	855932	[4, 4, 5, 5]	[1, 1, 1, 1]	559440	IV	4.0270000000000000000000000000000000000
[0, 0, 0, -784, -2744]	718144	[-1, -1, 5]	[2, 2, 1]	1216512	IVmixed	0.032000000000000000000000000000000000000
[0, 0, 0, -4802, -16807]	604072	[3, -2, 5, 5]	[2, 1, 1, 1]	717696	IV*	3.1060000000000000000000000000000000000
[0, 0, 0, -150, 1075]	3776400	[2, 3, 4, 5]	[1, 2, 1, 1]	1235712	IVmixed	4.4590000000000000000000000000000000000
[0, 0, 0, 1250, -3750]	1198400	[2, -4, 6, 5]	[1, 3, 2, 1]	771840	IV*	2.1850000000000000000000000000000000000
[0, 0, 0, -50, -300]	617600	[3, 4, 5]	[2, 1, 1]	137472	IV	0.95600000000000000000000000000000000000
[0, 0, 0, 50, 600]	3270400	[3, 4, 5, 5]	[2, 3, 1, 1]	857088	IV	1.4670000000000000000000000000000000000
[0, 0, 0, -55, -330]	2274800	[-1, 2, 2, 5]	[2, 1, 1, 1]	419328	II,II	0.70500000000000000000000000000000000000
[0, 0, 0, -35, 770]	1979600	[-7, 2, 2, 5]	[2, 1, 1, 1]	381888	II,II	0.96300000000000000000000000000000000000
[0, 0, 0, 900, -400]	561600	[-8, 2, 4, 6]	[2, 1, 3, 2]	552960	IV	0.12500000000000000000000000000000000000
[0, 0, 0, -289, -3179]	2440316	[4, 4, 5]	[1, 1, 1]	2297052	IV	5.1430000000000000000000000000000000000
[0, 0, 0, -43923, -14641]	2099592	[3, -6, -4, 5]	[2, 4, 1, 1]	8380416	IV*	2.6280000000000000000000000000000000000
[0, 0, 0, -1083, 722]	1559520	[-1, 4, 5, 4]	[1, 1, 1, 1]	1209600	IV	0.35700000000000000000000000000000000000
[0, 0, 0, -3125, -625]	2550800	[2, -4, 7, 5]	[1, 3, 3, 1]	2643840	IV*	5.2180000000000000000000000000000000000
[0, 0, 0, -343, -343]	1054480	[2, 5, -1, 5]	[1, 1, 4, 1]	1105920	IV	0.41200000000000000000000000000000000000
[0, 0, 0, 578, 2023]	1576784	[2, 5, 4, 6]	[1, 1, 1, 2]	1414656	IVmixed	1.8180000000000000000000000000000000000
[0, 0, 0, 294, -1078]	536256	[2, -1, 4, 5]	[1, 2, 1, 1]	290304	IV	0.079000000000000000000000000000000000000
[0, 0, 0, -1250, -2500]	3913600	[3, -4, 5]	[2, 3, 1]	2707200	IV*	7.0770000000000000000000000000000000000
[0, 0, 0, 7203, 16807]	1390032	[2, 3, -2, 5]	[1, 2, 1, 1]	2249856	IV*	0.70200000000000000000000000000000000000
[0, 0, 0, 675, 125]	2625300	[4, 3, -1, 5]	[3, 2, 1, 1]	1666560	IVmixed	1.4120000000000000000000000000000000000
[0, 0, 0, 550, -625]	2472400	[2, -1, 6, 5]	[1, 2, 2, 1]	1075200	IVmixed	1.8700000000000000000000000000000000000
[0, 0, 0, 735, 1029]	2693628	[4, 2, -1, 5]	[1, 1, 2, 1]	1270080	IVmixed	0.54300000000000000000000000000000000000
[0, 0, 0, -12005, -19208]	1626016	[3, -4, 7, 5]	[2, 1, 1, 1]	3161088	IV*	4.4430000000000000000000000000000000000
[0, 0, 0, -2500, -7500]	1951400	[-5, -4, 5, 5]	[2, 1, 1, 1]	1586880	IV*	13.839000000000000000000000000000000000
[0, 0, 0, 588, -784]	846720	[-6, 2, 6, 4]	[4, 1, 2, 1]	470016	IV	0.26600000000000000000000000000000000000
[0, 0, 0, -75, 575]	2316600	[3, 2, 4, 5, 5]	[2, 1, 1, 1, 1]	633024	IVmixed	1.7720000000000000000000000000000000000
[0, 0, 0, -722, 2166]	2656960	[2, 5, 4, 6]	[1, 1, 3, 2]	1308672	IV	1.4700000000000000000000000000000000000
[1, -1, 1, -257, -150]	776223	[2, 5, 4]	[1, 1, 3]	443232	IV	0.17300000000000000000000000000000000000
[0, 0, 0, 539, 1372]	2256352	[3, -1, 5]	[2, 2, 1]	2165760	IV	0.86500000000000000000000000000000000000
[0, 0, 0, 1250, -3750]	1198400	[2, -4, 6, 5]	[1, 3, 2, 1]	771840	IV*	2.2590000000000000000000000000000000000
[0, 0, 0, -1083, -5776]	2287296	[2, -1, 5, 4]	[1, 2, 1, 1]	1216512	IVmixed	0.13800000000000000000000000000000000000
[0, 0, 0, 2601, -4913]	2268072	[3, 3, -1, 5]	[2, 2, 1, 1]	2580480	IVmixed	0.11000000000000000000000000000000000000
[0, 0, 0, -475, 150]	1070200	[-2, 4, 5]	[1, 3, 1]	466560	IVmixed	6.9270000000000000000000000000000000000
[0, 0, 0, -43923, -14641]	2099592	[3, -6, -4, 5]	[2, 4, 1, 1]	8380416	IV*	2.7050000000000000000000000000000000000
[0, 0, 0, 343, 1372]	707168	[3, -1, 5, 5]	[2, 1, 1, 1]	209664	IVmixed	0.30700000000000000000000000000000000000
[0, 0, 0, 1734, -12427]	2850696	[3, -5, 4, 5]	[2, 2, 3, 1]	2972160	IVmixed	2.0160000000000000000000000000000000000
[0, 0, 0, 4802, 16807]	1250480	[2, 5, -2, 5, 5]	[1, 1, 1, 1, 1]	3601920	IV*	3.6240000000000000000000000000000000000
[0, 0, 0, 441, 1862]	2970576	[-1, 3, 4, 5]	[2, 2, 1, 1]	1591296	IV	2.9860000000000000000000000000000000000
[0, 0, 0, 675, 675]	1090800	[2, -4, 4, 5]	[1, 3, 1, 1]	583200	IV	0.50200000000000000000000000000000000000
[0, 0, 0, 121, -3146]	2267056	[-1, 4, 5]	[2, 1, 1]	1134720	IV	3.8190000000000000000000000000000000000
[0, 0, 0, -1250, -6875]	3346600	[3, -4, 5, 5]	[2, 3, 1, 1]	3191040	IV*	24.535000000000000000000000000000000000
[0, 0, 0, 225, 500]	1339200	[2, 2, -1, 5]	[1, 1, 2, 1]	540672	IV	0.12100000000000000000000000000000000000
[0, 0, 0, 4802, 16807]	1250480	[2, 5, -2, 5, 5]	[1, 1, 1, 1, 1]	3601920	IV*	3.4610000000000000000000000000000000000
[0, 0, 0, -4761, -12167]	2037708	[4, 3, -1, 5]	[3, 2, 2, 1]	4832256	IV	0.062000000000000000000000000000000000000
[0, 0, 0, -4375, -6250]	854800	[-1, -2, 5]	[2, 1, 1]	3048960	IV*	3.0870000000000000000000000000000000000
[0, 0, 0, -1156, 9826]	684352	[2, -1, 5]	[1, 2, 1]	829440	IV	0.0080000000000000000000000000000000000000
[0, 0, 0, 625, -6875]	2306800	[2, -4, 5, 5]	[1, 3, 1, 1]	1004160	IV*	8.3220000000000000000000000000000000000
[0, 0, 0, 2401, 24010]	602896	[-1, -4, 5]	[1, 1, 1]	695520	IV*	0.81000000000000000000000000000000000000
[0, 0, 0, -1250, 2500]	3913600	[3, -4, 5]	[2, 3, 1]	2707200	IV*	7.2290000000000000000000000000000000000
[0, 0, 0, 294, -1715]	603288	[3, 2, -1, 5]	[2, 1, 1, 1]	290304	IV	0.055000000000000000000000000000000000000
[0, 0, 0, 1573, -3993]	794728	[3, -5, 5]	[2, 2, 1]	654720	IV	2.5030000000000000000000000000000000000
[1, -1, 1, 50, -3]	512050	[9, 2, 2, 5, 5]	[5, 1, 1, 1, 1]	90720	II,II	0.95400000000000000000000000000000000000
[0, 0, 0, 2541, -6655]	2212848	[2, 3, -5, 5]	[1, 2, 2, 1]	3133440	IVmixed	1.5570000000000000000000000000000000000
[0, 0, 0, -49, 392]	600544	[3, 4, 5]	[2, 3, 1]	239232	IV	1.4720000000000000000000000000000000000
[0, 0, 0, 125, 275]	3153400	[3, 4, 5]	[2, 3, 1]	1432656	IVmixed	21.766000000000000000000000000000000000
[0, 0, 0, -1936, 1331]	2878832	[2, -5, 5]	[1, 2, 1]	8087040	IV	2.5620000000000000000000000000000000000
[0, 0, 0, 588, -784]	846720	[-6, 2, 6, 4]	[4, 1, 2, 1]	470016	IVmixed	0.26400000000000000000000000000000000000
[0, 0, 0, 300, -800]	1252800	[-6, 2, 4, 5]	[4, 1, 1, 1]	414720	IV	0.56500000000000000000000000000000000000
[0, 0, 0, 350, 500]	2281600	[3, -1, 5, 5]	[2, 2, 1, 1]	2654208	IVmixed	0.92100000000000000000000000000000000000
[0, 0, 0, -2401, 12005]	1750084	[4, -4, 5]	[1, 1, 1]	3661560	IV*	9.5750000000000000000000000000000000000
[0, 0, 0, -675, -250]	1965600	[-1, 2, -1, 5, 5]	[2, 1, 1, 1, 1]	1451520	IV	0.41300000000000000000000000000000000000
[0, 0, 0, -450, -875]	880200	[3, 2, -5, 5]	[2, 1, 2, 1]	387072	IV	1.5900000000000000000000000000000000000
[0, 0, 0, -1452, -1936]	3136320	[-9, 2, 5, 4]	[2, 1, 1, 1]	3732480	IV	0.42000000000000000000000000000000000000
[0, 0, 0, -11271, 7225]	1789488	[2, -11, 4, 5]	[1, 4, 3, 1]	7676928	IV	0.80700000000000000000000000000000000000
[0, 0, 0, -1083, -13357]	1169640	[3, 2, 6, 4]	[2, 1, 2, 3]	743040	IV	0.29600000000000000000000000000000000000
[0, 0, 0, -4802, -16807]	604072	[3, -2, 5, 5]	[2, 1, 1, 1]	717696	IV*	3.1280000000000000000000000000000000000
[0, 0, 0, 735, -196]	3203424	[3, -1, 4, 5]	[2, 1, 1, 1]	1353600	IVmixed	1.1200000000000000000000000000000000000
[0, 0, 0, 2401, -2401]	3775352	[3, -4, 5]	[2, 1, 1]	4430160	IV*	21.022000000000000000000000000000000000
[0, 0, 0, 625, -5000]	1691200	[2, -4, 5, 5]	[1, 1, 1, 1]	983040	IV*	3.4620000000000000000000000000000000000
[0, 0, 0, -1936, 1331]	2878832	[2, -5, 5]	[1, 2, 1]	8087040	IVmixed	2.6610000000000000000000000000000000000
[0, 0, 0, 625, -2500]	1172800	[2, -4, 5]	[1, 3, 1]	587520	IV*	2.1620000000000000000000000000000000000
[0, 0, 0, -150, -575]	1463400	[3, 2, 4, 5]	[2, 1, 1, 1]	393984	IV	2.2720000000000000000000000000000000000
[0, 0, 0, -100, 450]	939200	[2, 4, 5]	[1, 1, 1]	180480	IV	0.19700000000000000000000000000000000000
[0, 0, 0, 1875, 5625]	2322900	[4, 3, -4, 5, 5]	[1, 2, 3, 1, 1]	2335680	IV*	6.0300000000000000000000000000000000000
[0, 0, 0, -125, 100]	2413600	[3, 4, 5, 5]	[2, 3, 1, 1]	497664	IVmixed	8.0860000000000000000000000000000000000
[0, 0, 0, -1250, -2500]	3913600	[3, -4, 5]	[2, 3, 1]	2707200	IV*	8.0100000000000000000000000000000000000
[0, 0, 0, 392, -784]	656992	[-3, 4, 5]	[2, 1, 1]	439680	IV	1.6700000000000000000000000000000000000
[0, 0, 0, 4802, 16807]	1250480	[2, 5, -2, 5, 5]	[1, 1, 1, 1, 1]	3601920	IV*	3.4120000000000000000000000000000000000
[0, 0, 0, -1083, 13357]	2339280	[2, 2, 6, 4]	[1, 1, 2, 1]	1486080	IVmixed	0.27500000000000000000000000000000000000
[0, 0, 0, -350, 875]	3861200	[2, -1, 2, 5]	[1, 2, 1, 1]	1351680	IV	0.48100000000000000000000000000000000000
[0, 0, 0, -625, 1250]	956800	[2, -4, 5, 5]	[1, 1, 1, 1]	1274880	IV*	1.6670000000000000000000000000000000000
[0, 0, 0, 169, -169]	950456	[3, 4, 5, 5]	[2, 3, 1, 1]	202752	IVmixed	2.5450000000000000000000000000000000000
[0, 0, 0, 625, 7500]	2555200	[2, -4, 5]	[1, 1, 1]	1824000	IV*	4.5740000000000000000000000000000000000
[0, 0, 0, 12005, 24010]	921200	[-10, 2, -4, 5]	[4, 1, 1, 1]	5225472	IV*	0.27200000000000000000000000000000000000
[0, 0, 0, -65, 325]	1402700	[4, 3, 2, 5]	[1, 2, 1, 1]	241920	II,II	0.72300000000000000000000000000000000000
[0, 0, 0, -7203, 16807]	2063880	[3, 2, 5, -2, 5]	[2, 1, 1, 1, 1]	4467456	IV*	1.3320000000000000000000000000000000000
[0, 0, 0, -9604, -16807]	2453332	[4, -2, 5]	[3, 1, 1]	9133992	IV*	14.740000000000000000000000000000000000
[0, 0, 0, 225, -500]	1339200	[2, 2, -1, 5]	[1, 1, 2, 1]	540672	IV	0.12200000000000000000000000000000000000
[0, 0, 0, 11236, 56180]	2988776	[-5, 8, 5, 4]	[4, 4, 1, 1]	5529600	IV	2.3170000000000000000000000000000000000
[0, 0, 0, 77, 1694]	901208	[-3, 2, 3, 5]	[2, 1, 2, 1]	532224	II,II	0.42600000000000000000000000000000000000
[0, 0, 0, -287, -1722]	3624236	[-4, 2, 5, 2]	[3, 1, 1, 1]	895104	II,II	0.49700000000000000000000000000000000000
[1, -1, 1, -347, -2976]	748845	[2, 5, 4]	[1, 1, 3]	300384	IVmixed	0.13800000000000000000000000000000000000
[0, 0, 0, -196, 637]	1564276	[4, 4, 5, 5]	[1, 1, 1, 1]	1476144	IVmixed	8.2820000000000000000000000000000000000
[0, 0, 0, -1250, 7500]	3222400	[3, -4, 5, 5]	[2, 1, 1, 1]	3256320	IV*	6.0610000000000000000000000000000000000
[0, 0, 0, 625, -4375]	1529200	[2, -4, 5]	[1, 1, 1]	671520	IV*	5.4020000000000000000000000000000000000
[0, 0, 0, 14641, 29282]	3549656	[-5, -4, 5, 5]	[2, 1, 1, 1]	8718336	IV*	13.118000000000000000000000000000000000
[0, 0, 0, 725, 750]	2463200	[-1, -1, 5]	[2, 2, 1]	1593344	IVmixed	2.1500000000000000000000000000000000000
[0, 0, 0, 65, 1430]	2011100	[-4, 2, 6, 2, 5]	[1, 1, 2, 1, 1]	1330560	II,II	1.2330000000000000000000000000000000000
[0, 0, 0, -98, 490]	887488	[2, 4, 5]	[1, 1, 1]	224832	IV	1.0380000000000000000000000000000000000
[0, 0, 0, 625, -2500]	1172800	[2, -4, 5]	[1, 3, 1]	587520	IV*	2.3070000000000000000000000000000000000
[0, 0, 0, 625, -7500]	2555200	[2, -4, 5]	[1, 1, 1]	1824000	IV*	4.7690000000000000000000000000000000000
[0, 0, 0, -1250, 5000]	3654400	[3, -4, 5]	[2, 1, 1]	2538240	IV*	1.9220000000000000000000000000000000000
[0, 0, 0, -2873, -2197]	2122640	[2, 7, -1, 5]	[1, 1, 2, 1]	2488320	IV	0.17300000000000000000000000000000000000
[0, 0, 0, -175, -725]	2318600	[3, 4, 5]	[2, 3, 1]	1840704	IV	17.056000000000000000000000000000000000
[0, 0, 0, 625, 5000]	1691200	[2, -4, 5, 5]	[1, 1, 1, 1]	983040	IV*	3.0130000000000000000000000000000000000
[0, 0, 0, 625, -1875]	1097200	[2, -4, 5, 5]	[1, 1, 1, 1]	518400	IV*	3.8580000000000000000000000000000000000
[0, 0, 0, -75, -675]	2264400	[2, 3, 4, 5, 5]	[1, 2, 1, 1, 1]	671232	IV	2.8250000000000000000000000000000000000
[0, 0, 0, -1470, -686]	1044288	[2, -1, -1, 5]	[1, 1, 1, 1]	725760	IVmixed	0.043000000000000000000000000000000000000
[0, 0, 0, 375, -475]	3858300	[4, 4, 4, 5]	[1, 3, 3, 1]	1704672	IV	7.2270000000000000000000000000000000000
[0, 0, 0, 375, -25]	1666800	[2, -1, 4, 5]	[1, 2, 3, 1]	915840	IVmixed	0.35200000000000000000000000000000000000
[0, 0, 0, 784, -686]	1847104	[2, -5, 5, 5]	[1, 4, 1, 1]	995328	IVmixed	0.40800000000000000000000000000000000000
[0, 0, 0, 625, -6875]	2306800	[2, -4, 5, 5]	[1, 3, 1, 1]	1004160	IV*	8.7820000000000000000000000000000000000
[0, 0, 0, -225, 900]	842400	[3, 4, 4, 5]	[2, 3, 3, 1]	269568	IVmixed	0.36200000000000000000000000000000000000
[0, 0, 0, 98, 392]	1292032	[3, 4, 5]	[2, 3, 1]	580608	IV	0.44700000000000000000000000000000000000
[0, 0, 0, -49, 392]	600544	[3, 4, 5]	[2, 3, 1]	239232	IV	1.3470000000000000000000000000000000000
[0, 0, 0, 2401, -2401]	3775352	[3, -4, 5]	[2, 1, 1]	4430160	IV*	20.762000000000000000000000000000000000
[0, 0, 0, 75, 100]	626400	[3, 2, 4, 5]	[2, 1, 3, 1]	103680	IV	0.51500000000000000000000000000000000000
[0, 0, 0, -2028, 4394]	2044224	[2, 4, 5, -1]	[1, 1, 1, 2]	2211840	IV	0.0090000000000000000000000000000000000000
[0, 0, 0, -363, -484]	2718144	[2, 4, 4, 5]	[1, 1, 1, 1]	1244160	IVmixed	0.65100000000000000000000000000000000000
[0, 0, 0, 7203, 16807]	1390032	[2, 3, -2, 5]	[1, 2, 1, 1]	2249856	IV*	0.74400000000000000000000000000000000000
[0, 0, 0, 700, -1000]	2238400	[-1, -1, 5]	[1, 1, 1]	1236480	IV	0.24000000000000000000000000000000000000
[0, 0, 0, -133, -399]	1202852	[4, 2, 6, 2]	[1, 1, 2, 1]	207360	II,II	0.36500000000000000000000000000000000000
[0, 0, 0, 4232, 12167]	3512560	[2, 6, -1, 5]	[1, 2, 4, 1]	10948608	IV	0.080000000000000000000000000000000000000
[0, 0, 0, -3174, 5819]	533232	[2, 3, 9, 4]	[1, 2, 1, 1]	829440	IV	0.16700000000000000000000000000000000000
[0, 0, 0, 1445, -24565]	2716600	[3, 2, -1, 5]	[2, 1, 1, 1]	7015680	IVmixed	0.084000000000000000000000000000000000000
[0, 0, 0, 225, -650]	569700	[-4, 2, 4, 5]	[1, 1, 3, 1]	207360	IV	0.97500000000000000000000000000000000000
[0, 0, 0, 525, -625]	2514600	[3, 3, -1, 5, 5]	[2, 2, 4, 1, 1]	1671168	IV	1.3660000000000000000000000000000000000
[0, 0, 0, -215, 1290]	2588600	[-5, 2, 5, 2]	[2, 1, 1, 1]	580608	II,II	0.48000000000000000000000000000000000000
[0, 0, 0, 98, 294]	1991360	[2, 5, 4, 5]	[1, 1, 1, 1]	467328	IV	2.4260000000000000000000000000000000000
[0, 0, 0, -676, -7436]	761176	[-5, 4, 5]	[2, 1, 1]	553728	IVmixed	1.9310000000000000000000000000000000000
[0, 0, 0, 475, 125]	2746300	[4, -1, 5, 5]	[3, 2, 1, 1]	2327040	IVmixed	4.0080000000000000000000000000000000000
[0, 0, 0, -125, 450]	1500800	[2, 4, 5, 5]	[1, 1, 1, 1]	286464	IVmixed	2.4420000000000000000000000000000000000
[0, 0, 0, -525, 200]	2282400	[3, -1, 4, 5]	[2, 2, 1, 1]	1833984	IV	0.95800000000000000000000000000000000000
[0, 0, 0, -121, 2057]	3542396	[4, 4, 5, 5]	[3, 1, 1, 1]	3308256	IVmixed	11.529000000000000000000000000000000000
[0, 0, 0, 725, -1250]	2506400	[-1, -1, 5, 5]	[2, 4, 1, 1]	2875392	IVmixed	1.8620000000000000000000000000000000000
[0, 0, 0, -55, 1210]	1766600	[-5, 2, 3, 5]	[4, 1, 2, 1]	1352448	II,II	1.2070000000000000000000000000000000000
[0, 0, 0, -275, -150]	3303200	[-1, 4, 5]	[1, 3, 1]	898176	IV	11.294000000000000000000000000000000000
[0, 0, 0, 1521, 2197]	2652624	[2, 3, -1, 5]	[1, 2, 2, 1]	2211840	IV	0.099000000000000000000000000000000000000
[0, 0, 0, 1029, -1274]	3743208	[-3, 3, 4, 5]	[2, 2, 3, 1]	2572800	IV	6.4050000000000000000000000000000000000
[0, 0, 0, 625, 6875]	1153400	[3, -4, 5, 5]	[2, 3, 1, 1]	502080	IV*	7.9250000000000000000000000000000000000
[0, 0, 0, 847, -3993]	3126640	[2, 5, -1, 5, 5]	[1, 1, 2, 1, 1]	2956800	IV	0.28600000000000000000000000000000000000
[0, 0, 0, 800, -375]	2626300	[4, -5, 5]	[3, 4, 1]	1690848	IV	20.143000000000000000000000000000000000
[0, 0, 0, 722, 11552]	3234560	[3, 6, 6, 4]	[2, 2, 2, 1]	6653952	IV	0.87400000000000000000000000000000000000
[0, 0, 0, 3125, -3750]	979600	[-7, -4, 5, 5]	[4, 3, 1, 1]	731520	IV*	3.5360000000000000000000000000000000000
[0, 0, 0, 625, -7500]	2555200	[2, -4, 5]	[1, 1, 1]	1824000	IV*	4.9020000000000000000000000000000000000
[0, 0, 0, 1156, -2312]	1683136	[-1, 5, 6, 4]	[1, 1, 2, 3]	1262592	IV	0.51000000000000000000000000000000000000
[0, 0, 0, -147, -1764]	1552320	[2, 3, 6, 4, 5]	[1, 2, 2, 1, 1]	614400	IVmixed	0.66300000000000000000000000000000000000
[0, 0, 0, -259, -1554]	536648	[-3, 2, 2]	[2, 1, 1]	114048	II,II	0.075000000000000000000000000000000000000
[0, 0, 0, -363, 1573]	1829520	[2, 4, 5, 5, 4]	[1, 1, 1, 1, 1]	870912	IV	0.70000000000000000000000000000000000000
[0, 0, 0, -1083, -34295]	3274992	[2, 2, 5, -1]	[1, 1, 1, 2]	5806080	IVmixed	0.025000000000000000000000000000000000000
[0, 0, 0, 9604, -16807]	2463916	[4, -2, 5, 5]	[3, 1, 1, 1]	5188176	IV*	14.433000000000000000000000000000000000
[0, 0, 0, 125, 275]	3153400	[3, 4, 5]	[2, 3, 1]	1432656	IVmixed	21.961000000000000000000000000000000000
[0, 0, 0, -1250, -7500]	3222400	[3, -4, 5, 5]	[2, 1, 1, 1]	3256320	IV*	5.9120000000000000000000000000000000000
[0, 0, 0, 484, 484]	1900184	[-5, 4, 5, 5]	[2, 3, 1, 1]	787968	IVmixed	5.8390000000000000000000000000000000000
[0, 0, 0, -49, 588]	1447264	[3, 4, 5, 5]	[2, 1, 1, 1]	347136	IVmixed	3.5290000000000000000000000000000000000
[0, 0, 0, -600, -1000]	1339200	[-1, 2, -1, 5]	[2, 1, 2, 1]	589824	IVmixed	0.068000000000000000000000000000000000000
[0, 0, 0, -4375, -6250]	854800	[-1, -2, 5]	[2, 1, 1]	3048960	IV*	3.0960000000000000000000000000000000000
[0, 0, 0, 250, -375]	848600	[3, -1, 5]	[2, 2, 1]	255744	IV	1.1990000000000000000000000000000000000
[0, 0, 0, 85, -1190]	1271600	[-9, 2, 5, 2]	[4, 1, 1, 1]	279936	II,II	0.16100000000000000000000000000000000000
[0, 0, 0, -1250, -7500]	3222400	[3, -4, 5, 5]	[2, 1, 1, 1]	3256320	IV*	6.1510000000000000000000000000000000000
[0, 0, 0, 100, -275]	966700	[4, 4, 5, 5]	[1, 3, 1, 1]	146448	IV	6.4350000000000000000000000000000000000
[0, 0, 0, -49, -441]	1560944	[2, 4, 5, 5]	[1, 1, 1, 1]	396864	IV	2.0440000000000000000000000000000000000
[0, 0, 0, -750, -875]	2370600	[3, 4, -1, 5]	[2, 3, 2, 1]	1092096	IVmixed	0.89600000000000000000000000000000000000
[0, 0, 0, -28561, -142805]	911248	[2, -4, 6]	[1, 1, 2]	5945472	IV*	0.93600000000000000000000000000000000000
[0, 0, 0, -507, 5915]	2226744	[3, 4, 4, 5]	[2, 3, 3, 1]	1786752	IV	1.6830000000000000000000000000000000000
[0, 0, 0, -1682, -13456]	1076480	[3, 8, 4]	[2, 4, 3]	1044480	IV	0.18000000000000000000000000000000000000
[0, 0, 0, -294, -1813]	1404144	[2, 3, 4, 5]	[1, 2, 1, 1]	413184	IVmixed	1.2540000000000000000000000000000000000
[0, 0, 0, -975, 650]	608400	[-1, -5, 4, 2]	[1, 2, 3, 1]	470016	II,II	0.039000000000000000000000000000000000000
[0, 0, 0, -2500, 7500]	3902800	[-1, -4, 5, 5]	[1, 1, 1, 1]	3173760	IV*	14.792000000000000000000000000000000000
[0, 0, 0, -2500, 7500]	3902800	[-1, -4, 5, 5]	[1, 1, 1, 1]	3173760	IV*	15.864000000000000000000000000000000000
[0, 0, 0, -125, 450]	1500800	[2, 4, 5, 5]	[1, 1, 1, 1]	286464	IV	2.9730000000000000000000000000000000000
[0, 0, 0, -441, -1372]	973728	[3, 2, -1, 5]	[2, 1, 2, 1]	552960	IVmixed	0.10300000000000000000000000000000000000
[0, 0, 0, -1372, -1372]	2140712	[-5, -1, 5, 5]	[2, 1, 1, 1]	3347136	IV	1.8250000000000000000000000000000000000
[0, 0, 0, 625, -2500]	1172800	[2, -4, 5]	[1, 3, 1]	587520	IV*	2.2320000000000000000000000000000000000
[0, 0, 0, 625, -4375]	1529200	[2, -4, 5]	[1, 1, 1]	671520	IV*	5.9540000000000000000000000000000000000
[0, 0, 0, -3179, -9826]	1507424	[-1, -1, 5]	[2, 2, 1]	1327104	IV	0.11000000000000000000000000000000000000
[0, 0, 0, 75, -575]	1698300	[4, 2, 4, 5, 5]	[1, 1, 1, 1, 1]	431568	IVmixed	2.9160000000000000000000000000000000000
[0, 0, 0, 2500, 2500]	2005400	[-5, -4, 5, 5]	[2, 3, 1, 1]	1800960	IV*	14.665000000000000000000000000000000000
[0, 0, 0, -29282, -161051]	3721960	[3, 5, -2, 5]	[2, 1, 1, 1]	11109120	IV*	14.478000000000000000000000000000000000
[0, 0, 0, 14641, -58564]	2330944	[2, 7, -4, 5]	[1, 3, 1, 1]	6082560	IV*	2.2110000000000000000000000000000000000
[0, 0, 0, 625, 5625]	1874800	[2, -4, 5, 5]	[1, 3, 1, 1]	1150080	IV*	6.5880000000000000000000000000000000000
[0, 0, 0, -2401, 12005]	1750084	[4, -4, 5]	[1, 1, 1]	3661560	IV*	9.7520000000000000000000000000000000000
[0, 0, 0, -196, 49]	2453332	[4, 4, 5]	[3, 3, 1]	1304856	IV	12.919000000000000000000000000000000000
[0, 0, 0, 2166, -6859]	2573208	[3, 2, 5, -1]	[2, 1, 1, 2]	4447872	IV	0.040000000000000000000000000000000000000
[0, 0, 0, 150, -925]	2602800	[2, 4, 4, 5]	[1, 3, 1, 1]	1084032	IV	2.5050000000000000000000000000000000000
[0, 0, 0, 121, 4114]	3835216	[-1, 5, 4, 5]	[1, 1, 3, 1]	1831680	IV	3.5540000000000000000000000000000000000
[0, 0, 0, -2500, -7500]	1951400	[-5, -4, 5, 5]	[2, 1, 1, 1]	1586880	IV*	16.136000000000000000000000000000000000
[0, 0, 0, 147, 196]	2243808	[3, 2, 4, 5]	[2, 1, 3, 1]	963072	IVmixed	1.7840000000000000000000000000000000000
[0, 0, 0, -1849, 33282]	3076736	[2, 6, 4]	[1, 2, 1]	2389632	IVmixed	0.71900000000000000000000000000000000000
[0, 0, 0, 14641, -146410]	1853236	[-4, 5, -4, 5]	[3, 1, 3, 1]	3738240	IV*	7.2620000000000000000000000000000000000
[0, 0, 0, 25, 400]	2804800	[2, 4, 5]	[1, 3, 1]	552960	IVmixed	4.9340000000000000000000000000000000000
[0, 0, 0, 500, -875]	3332300	[4, -1, 5, 5]	[1, 2, 1, 1]	3390336	IV	5.6990000000000000000000000000000000000
[0, 0, 0, -105, -315]	2601900	[4, 3, 2, 2, 5]	[1, 2, 1, 1, 1]	497664	II,II	1.0100000000000000000000000000000000000
[0, 0, 0, -50, -600]	2950400	[3, 4, 5]	[2, 3, 1]	566400	IV	1.4480000000000000000000000000000000000
[0, 0, 0, 169, 169]	1900912	[2, 4, 5, 5]	[1, 3, 1, 1]	405504	IV	2.5470000000000000000000000000000000000
[0, 0, 0, 1369, -2738]	1911124	[-4, 4, 5]	[1, 1, 1]	2369088	IV	2.0040000000000000000000000000000000000
[0, 0, 0, 2500, 2500]	2005400	[-5, -4, 5, 5]	[2, 3, 1, 1]	1800960	IV*	17.139000000000000000000000000000000000
[1, -1, 1, 65, -8]	3572525	[3, 2, 5]	[2, 1, 1]	621696	II,II	4.7020000000000000000000000000000000000
[0, 0, 0, -165, -110]	3484800	[2, -1, 2, 2]	[1, 2, 1, 1]	774144	II,II	0.10100000000000000000000000000000000000
[0, 0, 0, -1470, 686]	1044288	[2, -1, -1, 5]	[1, 1, 1, 1]	725760	IV	0.039000000000000000000000000000000000000
[0, 0, 0, -595, 5950]	2832200	[-3, 3, 2, 2]	[2, 2, 1, 1]	2702592	II,II,II	0.20700000000000000000000000000000000000
[0, 0, 0, 250, -875]	1064600	[3, -1, 5]	[2, 2, 1]	294912	IV	1.5580000000000000000000000000000000000
[0, 0, 0, -210, 385]	3263400	[3, -1, 2, 2, 5]	[2, 1, 1, 1, 1]	1278720	II,II	0.46300000000000000000000000000000000000
[0, 0, 0, -784, -1568]	2373952	[-2, 4, 5]	[1, 1, 1]	2989056	IV	1.8470000000000000000000000000000000000
[0, 0, 0, -150, -225]	2588400	[2, 3, 4, 5]	[1, 2, 3, 1]	843264	IV	3.3390000000000000000000000000000000000
[0, 0, 0, -392, -1960]	2800448	[-1, 4, 5, 5]	[2, 3, 1, 1]	1769472	IVmixed	1.7910000000000000000000000000000000000
[0, 0, 0, 100, -275]	966700	[4, 4, 5, 5]	[1, 3, 1, 1]	146448	IV	6.8480000000000000000000000000000000000
[1, -1, 0, 27, -38]	1656369	[2, 2, 2]	[1, 1, 1]	249696	II,II	0.12300000000000000000000000000000000000
[0, 0, 0, -2401, 28812]	2240672	[3, -4, 5]	[2, 1, 1]	2521344	IV*	6.4260000000000000000000000000000000000
[0, 0, 0, -300, -650]	763200	[2, -1, 4, 5]	[1, 2, 3, 1]	414720	IV	0.019000000000000000000000000000000000000
[0, 0, 0, 14641, -161051]	989296	[2, 5, -2, 5]	[1, 1, 1, 1]	2538624	IV*	1.8100000000000000000000000000000000000
[0, 0, 0, 2500, -3125]	2570800	[2, -2, 5]	[1, 1, 1]	3173760	IV*	5.8440000000000000000000000000000000000
[0, 0, 0, 147, 882]	3669120	[2, 3, 5, 4, 5]	[1, 2, 1, 3, 1]	1456128	IV	1.7650000000000000000000000000000000000
[0, 0, 0, 3125, -3125]	2505400	[3, -2, 5]	[2, 1, 1]	5053200	IV*	20.344000000000000000000000000000000000
[0, 0, 0, 637, 1715]	3709496	[3, -1, 5]	[2, 1, 1]	2201472	IV	2.9440000000000000000000000000000000000
[0, 0, 0, -2527, -20577]	3260552	[3, -1, 5]	[2, 2, 1]	3428352	IVmixed	0.37600000000000000000000000000000000000
[0, 0, 0, -196, 49]	2453332	[4, 4, 5]	[3, 3, 1]	1304856	IVmixed	12.959000000000000000000000000000000000
[0, 0, 0, 550, 375]	3426800	[2, -5, 5, 5]	[1, 4, 1, 1]	1330176	IV	13.291000000000000000000000000000000000
[1, -1, 1, -2147, -18426]	515205	[-1, 5, 4]	[2, 1, 3]	487296	IVmixed	0.063000000000000000000000000000000000000
[0, 0, 0, -245, 833]	3272612	[4, 4, 5, 5]	[1, 1, 1, 1]	1280016	IV	18.412000000000000000000000000000000000
[0, 0, 0, -1875, -625]	1927800	[3, 2, -4, 6, 5]	[2, 1, 3, 2, 1]	1728000	IV*	1.7430000000000000000000000000000000000
[0, 0, 0, -1083, -19494]	1195632	[-6, 3, 4, 5]	[2, 2, 1, 1]	709632	IVmixed	0.43900000000000000000000000000000000000
[0, 0, 0, -3125, 625]	637700	[4, -4, 7, 5]	[1, 3, 1, 1]	660960	IV*	5.3000000000000000000000000000000000000
[0, 0, 0, -77, -154]	3794560	[2, 6, 2, 2]	[1, 2, 1, 1]	663552	II,II	0.58100000000000000000000000000000000000
[0, 0, 0, -2500, -5000]	3956800	[-1, -4, 5]	[1, 1, 1]	8282880	IV*	2.3010000000000000000000000000000000000
[0, 0, 0, 450, -500]	950400	[3, 2, -5, 5]	[2, 1, 2, 1]	460800	IV	0.54100000000000000000000000000000000000
[0, 0, 0, -255, 1530]	1040400	[-1, 3, 2, 2]	[1, 2, 1, 1]	228096	II,II	0.047000000000000000000000000000000000000
[0, 0, 0, -968, 1936]	3643552	[-3, 4, 5]	[2, 3, 1]	1958400	IVmixed	6.5970000000000000000000000000000000000
[0, 0, 0, 3125, -3125]	2505400	[3, -2, 5]	[2, 1, 1]	5053200	IV*	19.178000000000000000000000000000000000
[0, 0, 0, 1250, 3750]	1198400	[2, -4, 6, 5]	[1, 3, 2, 1]	771840	IV*	2.2530000000000000000000000000000000000
[0, 0, 0, -450, 250]	1857600	[2, 2, -5, 5]	[1, 1, 2, 1]	1382400	IV	0.89200000000000000000000000000000000000
[0, 0, 0, 925, -750]	1272400	[-6, -1, 5]	[2, 1, 1]	860160	IV	1.0500000000000000000000000000000000000
[0, 0, 0, -4802, -16807]	604072	[3, -2, 5, 5]	[2, 1, 1, 1]	717696	IV*	3.2460000000000000000000000000000000000
[0, 0, 0, -231, -1694]	2561328	[-1, 2, 2, 3]	[1, 1, 1, 2]	808704	II,II	0.079000000000000000000000000000000000000
[0, 0, 0, -187, 3366]	1398760	[-3, 7, 2, 2]	[2, 3, 1, 1]	539136	II,II	0.26600000000000000000000000000000000000
[0, 0, 0, -100, 175]	2030800	[2, 4, 5]	[1, 1, 1]	721440	IVmixed	3.7070000000000000000000000000000000000
[0, 0, 0, 1176, 1372]	2730672	[-1, 2, -1, 5]	[2, 1, 2, 1]	2488320	IV	0.070000000000000000000000000000000000000
[0, 0, 0, 14641, -58564]	2330944	[2, 7, -4, 5]	[1, 3, 1, 1]	6082560	IV*	2.2260000000000000000000000000000000000
[0, 0, 0, 1029, -686]	1820448	[-1, 2, -1, 5]	[1, 1, 1, 1]	1306368	IV	0.19200000000000000000000000000000000000
[0, 0, 0, 600, -200]	3844800	[-1, 4, 4, 5]	[2, 3, 1, 1]	1557504	IVmixed	0.98500000000000000000000000000000000000
[0, 0, 0, -2401, 12005]	1750084	[4, -4, 5]	[1, 1, 1]	3661560	IV*	9.4030000000000000000000000000000000000
[0, 0, 0, 5625, -1250]	3797100	[-4, 3, -4, 5]	[3, 2, 1, 1]	3994560	IV*	10.978000000000000000000000000000000000
[0, 0, 0, 1058, -24334]	1184960	[2, 5, 5, -1]	[1, 1, 1, 2]	2365440	IVmixed	0.027000000000000000000000000000000000000
[0, 0, 0, -242, 968]	2075392	[3, 4, 5]	[2, 1, 1]	619008	IVmixed	0.41600000000000000000000000000000000000
[0, 0, 0, -1250, -5000]	3654400	[3, -4, 5]	[2, 1, 1]	2538240	IV*	1.7620000000000000000000000000000000000
[0, 0, 0, -726, -1331]	810216	[3, 2, -1, 5]	[2, 1, 1, 1]	411840	IV	0.070000000000000000000000000000000000000
[0, 0, 0, -2500, -2500]	3989200	[-1, -4, 5]	[1, 3, 1]	12271680	IV*	16.111000000000000000000000000000000000
[0, 0, 0, 1573, -3993]	794728	[3, -5, 5]	[2, 2, 1]	654720	IV	2.7030000000000000000000000000000000000
[0, 0, 0, 121, 363]	703736	[3, 4, 5]	[2, 3, 1]	222048	IV	2.5820000000000000000000000000000000000
[0, 0, 0, -12005, -19208]	1626016	[3, -4, 7, 5]	[2, 1, 1, 1]	3161088	IV*	5.0430000000000000000000000000000000000
[0, 0, 0, 140, -700]	2420600	[-5, 3, 2, 5, 5]	[4, 2, 1, 1, 1]	1500672	II,II	2.6290000000000000000000000000000000000
[0, 0, 0, 105, 700]	705600	[2, -1, 3, 2]	[1, 1, 2, 1]	230400	II,II	0.025000000000000000000000000000000000000
[0, 0, 0, -735, -490]	2690100	[-4, 3, 2, 4, 5]	[1, 2, 1, 3, 1]	1873152	II,II	1.0390000000000000000000000000000000000
[0, 0, 0, 300, 375]	572400	[2, 2, -5, 5]	[1, 1, 2, 1]	248832	IVmixed	0.27400000000000000000000000000000000000
[0, 0, 0, -361, 2166]	2726272	[2, 4, 5]	[1, 3, 1]	837504	IVmixed	1.4070000000000000000000000000000000000
[0, 0, 0, 2500, 6250]	2603200	[2, -2, 5]	[1, 1, 1]	2188800	IV*	0.70500000000000000000000000000000000000
[0, 0, 0, 105, -490]	1587600	[-1, 2, 2, 3]	[2, 1, 1, 2]	663552	II,II	0.10100000000000000000000000000000000000
[0, 0, 0, 825, -125]	1150200	[3, 2, -6, 5]	[2, 1, 4, 1]	875520	IV	1.0740000000000000000000000000000000000
[0, 0, 0, -4761, -12167]	2037708	[4, 3, -1, 5]	[3, 2, 2, 1]	4832256	IV	0.067000000000000000000000000000000000000
[0, 0, 0, 338, 1521]	1466920	[3, 5, 6, 4, 5]	[2, 1, 2, 3, 1]	615936	IVmixed	3.9070000000000000000000000000000000000
[0, 0, 0, -475, -150]	2140400	[-7, 4, 5]	[4, 3, 1]	933120	IV	7.9740000000000000000000000000000000000
[0, 0, 0, -14641, 161051]	884752	[2, -2, 5]	[1, 1, 1]	4359168	IV*	0.99500000000000000000000000000000000000
[0, 0, 0, 2401, 7203]	3860024	[3, -4, 5, 5]	[2, 1, 1, 1]	3798144	IV*	21.706000000000000000000000000000000000
[0, 0, 0, -833, -686]	2188928	[2, -5, 5]	[1, 4, 1]	1013760	IV	3.0450000000000000000000000000000000000
[0, 0, 0, 675, 1125]	899100	[4, 4, -1, 5]	[3, 1, 1, 1]	362880	IVmixed	0.13500000000000000000000000000000000000
[0, 0, 0, -800, 750]	2081600	[2, -6, 5]	[1, 4, 1]	1161216	IV	0.50500000000000000000000000000000000000
[0, 0, 0, -43923, -14641]	2099592	[3, -6, -4, 5]	[2, 4, 1, 1]	8380416	IV*	2.8370000000000000000000000000000000000
[0, 0, 0, 2888, -13718]	1779008	[2, 6, 5, -1]	[1, 2, 1, 2]	3773952	IVmixed	0.0070000000000000000000000000000000000000
[0, 0, 0, -2401, 2401]	1877092	[4, -4, 5, 5]	[3, 3, 1, 1]	4464432	IV*	10.376000000000000000000000000000000000
[0, 0, 0, -2401, -28812]	2240672	[3, -4, 5]	[2, 3, 1]	2521344	IV*	6.6820000000000000000000000000000000000
[0, 0, 0, 875, 1250]	2787200	[2, -4, 5, 5]	[1, 1, 1, 1]	5489280	IVmixed	5.5740000000000000000000000000000000000
[0, 0, 0, 1352, 4394]	832832	[2, 6, 5, -1]	[1, 2, 1, 2]	1244160	IV	0.0090000000000000000000000000000000000000
[0, 0, 0, -3211, 4394]	1154608	[-6, 5, -1, 5]	[2, 1, 2, 1]	2211840	IV	0.14000000000000000000000000000000000000
[0, 0, 0, -539, 1029]	3983504	[2, -1, 5]	[1, 2, 1]	2004480	IVmixed	1.4720000000000000000000000000000000000
[0, 0, 0, 2209, 83942]	3772972	[-4, 6, 4, 5]	[3, 2, 1, 1]	5868288	IV	3.2800000000000000000000000000000000000
[0, 0, 0, 6877, 24334]	588248	[-3, -1, 5]	[2, 2, 1]	720896	IVmixed	0.077000000000000000000000000000000000000
[0, 0, 0, -65, 65]	3937700	[4, 2, 2, 5]	[3, 1, 1, 1]	585792	II,II	2.7320000000000000000000000000000000000
[0, 0, 0, -200, -600]	891200	[-1, 4, 5]	[2, 3, 1]	239616	IVmixed	0.93300000000000000000000000000000000000
[0, 0, 0, 12005, 24010]	921200	[-10, 2, -4, 5]	[4, 1, 1, 1]	5225472	IV*	0.49600000000000000000000000000000000000
[0, 0, 0, -625, 1250]	956800	[2, -4, 5, 5]	[1, 1, 1, 1]	1274880	IV*	1.7760000000000000000000000000000000000
[0, 0, 0, -1183, -12506]	3549676	[-4, 4, 5, 5]	[3, 3, 1, 1]	5966784	IVmixed	10.188000000000000000000000000000000000
[0, 0, 0, -125, 25]	1247300	[4, 4, 5]	[1, 3, 1]	280080	IV	8.3500000000000000000000000000000000000
[0, 0, 0, -50, -600]	2950400	[3, 4, 5]	[2, 3, 1]	566400	IVmixed	1.4770000000000000000000000000000000000
[0, 0, 0, 300, 1300]	1024200	[-5, 3, 4, 5]	[2, 2, 1, 1]	567936	IVmixed	2.3070000000000000000000000000000000000
[0, 0, 0, -1470, 686]	1044288	[2, -1, -1, 5]	[1, 1, 1, 1]	725760	IVmixed	0.027000000000000000000000000000000000000
[0, 0, 0, 1250, -3750]	1198400	[2, -4, 6, 5]	[1, 3, 2, 1]	771840	IV*	2.3850000000000000000000000000000000000
[0, 0, 0, -49, 588]	1447264	[3, 4, 5, 5]	[2, 1, 1, 1]	347136	IVmixed	3.6560000000000000000000000000000000000
[0, 0, 0, 1813, 686]	1419040	[-1, 5, -5, 5]	[2, 1, 2, 1]	1855488	IVmixed	4.2320000000000000000000000000000000000
[0, 0, 0, -110, 440]	774400	[3, 2, 2]	[2, 1, 1]	138240	II,II	0.035000000000000000000000000000000000000
[0, 0, 0, -105, 490]	1411200	[2, 3, 2, 3]	[1, 2, 1, 2]	307200	II,II	0.17300000000000000000000000000000000000
[0, 0, 0, 275, 250]	2172800	[2, -1, 5, 5]	[1, 2, 1, 1]	1851392	IV	0.84200000000000000000000000000000000000
[0, 0, 0, 625, 5000]	1691200	[2, -4, 5, 5]	[1, 1, 1, 1]	983040	IV*	3.2020000000000000000000000000000000000
[0, 0, 0, 200, 975]	753200	[2, 4, 7, 5]	[1, 3, 1, 1]	292032	IV	1.6970000000000000000000000000000000000
[0, 0, 0, 3125, -3750]	979600	[-7, -4, 5, 5]	[4, 3, 1, 1]	731520	IV*	4.0510000000000000000000000000000000000
[0, 0, 0, -35, -105]	1009400	[3, 2, 2, 5]	[2, 1, 1, 1]	108000	II,II	1.1870000000000000000000000000000000000
[0, 0, 0, 14641, 29282]	3549656	[-5, -4, 5, 5]	[2, 1, 1, 1]	8718336	IV*	13.821000000000000000000000000000000000
[0, 0, 0, 2500, -3125]	2570800	[2, -2, 5]	[1, 1, 1]	3173760	IV*	5.2590000000000000000000000000000000000
[0, 0, 0, -125, -175]	1117700	[4, 4, 5]	[1, 1, 1]	199584	IVmixed	7.5790000000000000000000000000000000000
[0, 0, 0, -119, 238]	1302812	[-4, 2, 2, 5]	[3, 1, 1, 1]	304560	II,II	0.44000000000000000000000000000000000000
[0, 0, 0, 2184, 1456]	2384928	[-3, -7, 2, 2]	[2, 2, 1, 1]	2598912	II,II	0.28100000000000000000000000000000000000
[0, 0, 0, 2500, -7500]	2048600	[-5, -4, 5]	[4, 1, 1]	1617840	IV*	15.316000000000000000000000000000000000
[0, 0, 0, -255, 1955]	3641400	[3, -1, 2, 5, 2]	[2, 2, 1, 1, 1]	1347840	II,II	0.21800000000000000000000000000000000000
[0, 0, 0, -225, 375]	1069200	[2, 2, -1, 5]	[1, 1, 2, 1]	442368	IV	0.051000000000000000000000000000000000000
[0, 0, 0, 225, -800]	1915200	[2, 3, 4, 6, 5]	[1, 2, 1, 2, 1]	712704	IV	1.1080000000000000000000000000000000000
[0, 0, 0, -2500, 3125]	637300	[4, -2, 5]	[1, 1, 1]	1640160	IV*	5.0710000000000000000000000000000000000
[0, 0, 0, -700, 250]	1403200	[2, -6, 5]	[1, 2, 1]	1505280	IV	0.33600000000000000000000000000000000000
[0, 0, 0, -845, -5915]	3160300	[4, 2, 6, 4, 5]	[3, 1, 2, 3, 1]	1551744	IV	1.9090000000000000000000000000000000000
[0, 0, 0, -2401, -26411]	1242052	[4, -4, 5]	[1, 1, 1]	2095128	IV*	7.3130000000000000000000000000000000000
[0, 0, 0, -2401, 19208]	3087392	[3, -4, 5, 5]	[2, 3, 1, 1]	7279104	IV*	8.5270000000000000000000000000000000000
[0, 0, 0, -12005, -19208]	1626016	[3, -4, 7, 5]	[2, 1, 1, 1]	3161088	IV*	4.6060000000000000000000000000000000000
[0, 0, 0, 77, -154]	2466464	[-1, 2, 2, 5]	[2, 1, 1, 1]	1089792	II,II	0.59100000000000000000000000000000000000
[0, 0, 0, -100, -150]	2171200	[2, 4, 5, 5]	[1, 3, 1, 1]	311040	IV	0.52300000000000000000000000000000000000
[0, 0, 0, -2401, 28812]	2240672	[3, -4, 5]	[2, 1, 1]	2521344	IV*	7.0230000000000000000000000000000000000
[0, 0, 0, -29282, -161051]	3721960	[3, 5, -2, 5]	[2, 1, 1, 1]	11109120	IV*	14.805000000000000000000000000000000000
[0, 0, 0, 121, -3630]	2998864	[-1, 4, 5]	[1, 3, 1]	1013760	IV	2.6520000000000000000000000000000000000
[0, 0, 0, 1875, 5625]	2322900	[4, 3, -4, 5, 5]	[1, 2, 3, 1, 1]	2335680	IV*	5.8170000000000000000000000000000000000
[0, 0, 0, -28561, -142805]	911248	[2, -4, 6]	[1, 1, 2]	5945472	IV*	0.72400000000000000000000000000000000000
[0, 0, 0, -575, 750]	1192400	[-1, -1, 5, 5]	[2, 1, 1, 1]	519680	IV	0.94800000000000000000000000000000000000
[0, 0, 0, -2500, 3125]	637300	[4, -2, 5]	[1, 1, 1]	1640160	IV*	4.7240000000000000000000000000000000000
