test,block,level,n_test,local_gain
NEG_rootno,EQ,log_abs_disc@bin1,12358,-0.0006492297104550016
NEG_rootno,EQ,log_abs_disc@bin2,9329,-0.00012870707546985827
NEG_rootno,EQ,log_abs_disc@bin3,7734,0.0004884609936575135
NEG_rootno,EQ,log_abs_disc@bin4,6634,-0.0005340340018995526
NEG_rootno,EQ,log_abs_disc@bin5,5650,-0.00027277638813427707
NEG_rootno,EQ,log_abs_disc@bin6,4907,0.00014999393888537327
NEG_rootno,EQ,log_abs_disc@bin7,4632,-0.00013121416707040368
NEG_rootno,EQ,log_j_height@bin1,6407,-0.0016125875202546158
NEG_rootno,EQ,log_j_height@bin2,8453,-0.0012025384426239683
NEG_rootno,EQ,log_j_height@bin3,9854,-0.0005765875219778671
NEG_rootno,EQ,log_j_height@bin4,10553,-0.0005075127020395254
NEG_rootno,EQ,log_j_height@bin5,10766,-0.0004796463689986652
NEG_rootno,EQ,log_j_height@bin6,11174,-0.0005465146237435548
NEG_rootno,EQ,log_j_height@bin7,11452,0.00012912779447293854
NEG_rootno,EQ,disc_sign=-1,43624,-0.0007047904369943403
NEG_rootno,EQ,log_abs_c4@bin1,12397,-0.0005632922700464782
NEG_rootno,EQ,log_abs_c4@bin2,9730,-0.000961065981280651
NEG_rootno,EQ,log_abs_c4@bin3,7909,-0.0004867013087621608
NEG_rootno,EQ,log_abs_c4@bin4,6947,-0.0005892195659582544
NEG_rootno,EQ,log_abs_c4@bin5,5984,-0.0005560954429295606
NEG_rootno,EQ,log_abs_c4@bin6,5102,0.0002959162649871505
NEG_rootno,EQ,log_abs_c4@bin7,4657,0.0001880065859427571
NEG_rootno,EQ,c4_sign=1.0,55353,-7.153149874716824e-05
NEG_rootno,EQ,c6_sign=-1.0,36990,-7.052520084283032e-05
NEG_rootno,GAL,torsion_structure=[],50196,-0.004254484541305281
NEG_rootno,GAL,torsion_structure=[2],16614,-0.002892924125419194
NEG_rootno,GAL,torsion_structure=[3],2491,-0.0010706455007316595
NEG_rootno,GAL,torsion_structure=[4],976,-0.006910939020158491
NEG_rootno,GAL,has_2_isog,17872,-0.004011586858064353
NEG_rootno,GAL,has_3_isog,2754,-0.001250180327884154
NEG_rootno,GAL,class_size=1,50196,-0.004254484541305281
NEG_rootno,GAL,class_size=2,16922,-0.002637294230033671
NEG_rootno,GAL,class_size=4,3277,-0.0036271630205415573
NEG_rootno,GAL,max_isogeny_degree@bin1,14428,-0.0030137729228383314
NEG_rootno,GAL,max_isogeny_degree@bin2,5321,-0.0024459854014200477
NEG_rootno,GAL,max_isogeny_degree@bin3,816,-0.0055425050526733965
NEG_rootno,GAL,two_adic_log_index=0.0,52889,-0.0033819027936283774
NEG_rootno,GAL,two_adic_log_index=1.584962500721156,11875,-0.003112739110490148
NEG_rootno,GAL,two_adic_log_index=2.584962500721156,3472,-0.0021568513373897424
NEG_rootno,GAL,two_adic_log_index=3.584962500721156,2151,-0.0032919623094820327
NEG_rootno,GAL,two_adic_level=1,52889,-0.0033819027936283774
NEG_rootno,GAL,two_adic_level=2,11875,-0.003112739110490148
NEG_rootno,GAL,two_adic_level=8,3833,-0.0068418529807361406
NEG_rootno,GAL,two_adic_level=4,2124,-0.0031499754740154096
NEG_rootno,GAL,n_nonsurj_primes=0,50196,-0.004254484541305281
NEG_rootno,GAL,n_nonsurj_primes=1,20299,-0.0036366325690166956
NEG_rootno,GAL,v2_torsion=0,52889,-0.0033819027936283774
NEG_rootno,GAL,v2_torsion=1,16880,-0.002922767977210805
NEG_rootno,GAL,v2_torsion=2,981,-0.006903775257048439
NEG_rootno,GAL,odd_torsion=1,67802,-0.004228265604596659
NEG_rootno,GAL,odd_torsion=3,2752,-0.0017730868862275706
NEG_rootno,DIO,n_intpts_x@bin1,19074,-0.061119938967838294
NEG_rootno,DIO,n_intpts_x@bin2,10532,0.008527976502260892
NEG_rootno,DIO,n_intpts_x@bin3,9186,-0.01124110708397974
NEG_rootno,DIO,n_intpts_x@bin4,9821,0.0031427951954612343
NEG_rootno,AN,v2_sha=0,68685,-0.0039027853254556266
NEG_rootno,AN,v2_sha=2,1934,0.1720617577228346
NEG_rootno,AN,log_odd_sha@bin1,901,0.22474668809922205
NEG_rootno,AN,v2_moddeg@bin1,19909,-0.009830120626723726
NEG_rootno,AN,v2_moddeg@bin2,8250,-0.0045175471468434925
NEG_rootno,AN,v2_moddeg@bin3,6329,-0.0006606160128688199
NEG_rootno,AN,v2_moddeg@bin4,7957,-0.0009428642159325928
NEG_rootno,AN,v2_moddeg@bin5,2113,0.00042753055146693697
NEG_rootno,AN,v2_moddeg@bin6,2053,-0.001784313004224325
NEG_rootno,AN,v2_moddeg@bin7,931,0.0019284839239688267
NEG_rootno,AN,v3_moddeg@bin1,22496,-0.002368128294223615
NEG_rootno,AN,v3_moddeg@bin2,15763,-0.0026485135311093977
NEG_rootno,AN,v3_moddeg@bin3,8328,-0.005543912369220916
NEG_rootno,AN,v3_moddeg@bin4,3621,-0.0035254917352474102
NEG_rootno,AN,v3_moddeg@bin5,1949,-0.00043911427193044084
NEG_rootno,AN,v5_moddeg=0,40483,-0.004384434978522034
NEG_rootno,AN,v5_moddeg=1,21772,-0.001748026542989889
NEG_rootno,AN,v5_moddeg=2,6609,-0.0011617608891381082
NEG_rootno,AN,v5_moddeg=3,1570,-0.011972055750369082
NEG_rootno,AN,v7_moddeg=0,51355,-0.0040595714194711086
NEG_rootno,AN,v7_moddeg=1,16146,-0.001372201126649486
NEG_rootno,AN,v7_moddeg=2,2847,-0.0008758212579693669
NEG_rootno,AN,log_odd_moddeg@bin1,5069,-0.00706562831454649
NEG_rootno,AN,log_odd_moddeg@bin2,6408,-0.000327810071865553
NEG_rootno,AN,log_odd_moddeg@bin3,8176,-0.005589071852778016
NEG_rootno,AN,log_odd_moddeg@bin4,10389,-0.0031968282660350678
NEG_rootno,AN,log_odd_moddeg@bin5,11408,-0.0021576354842052226
NEG_rootno,AN,log_odd_moddeg@bin6,13051,-0.007145727292587889
NEG_rootno,AN,log_odd_moddeg@bin7,12886,-0.002593681507537804
NEG_rootno,AN,petersson_resid@bin1,5205,-0.034577583732656514
NEG_rootno,AN,petersson_resid@bin2,6112,-0.031469532093689745
NEG_rootno,AN,petersson_resid@bin3,7100,-0.02104318462665522
NEG_rootno,AN,petersson_resid@bin4,8620,-0.004405770206088011
NEG_rootno,AN,petersson_resid@bin5,10321,-0.002118224069416197
NEG_rootno,AN,petersson_resid@bin6,12113,-0.0011601353247354673
NEG_rootno,AN,petersson_resid@bin7,16290,-0.0013293469699666716
NEG_rootno,AN,log_omega@bin1,5266,-0.0008849581008221197
NEG_rootno,AN,log_omega@bin2,6009,0.00046117701885939333
NEG_rootno,AN,log_omega@bin3,6906,-0.0014385530395846224
NEG_rootno,AN,log_omega@bin4,7959,-0.0019831449293954417
NEG_rootno,AN,log_omega@bin5,9532,-0.010469558551911673
NEG_rootno,AN,log_omega@bin6,12049,-0.013601742340034084
NEG_rootno,AN,log_omega@bin7,18075,-0.015830974100792927
NEG_a997,EQ,log_abs_disc@bin1,39854,-8.485694163318236e-05
NEG_a997,EQ,log_abs_disc@bin2,36096,2.4861785664631597e-06
NEG_a997,EQ,log_abs_disc@bin3,32948,0.0001107522186626353
NEG_a997,EQ,log_abs_disc@bin4,30678,-6.499630325462746e-05
NEG_a997,EQ,log_abs_disc@bin5,28116,-2.269341834515437e-05
NEG_a997,EQ,log_abs_disc@bin6,25891,0.00011378874333300981
NEG_a997,EQ,log_abs_disc@bin7,23494,-0.00010581088473760047
NEG_a997,EQ,log_j_height@bin1,39157,-0.00012535396469526283
NEG_a997,EQ,log_j_height@bin2,36427,1.0042354761208294e-05
NEG_a997,EQ,log_j_height@bin3,34269,2.4580079516112185e-05
NEG_a997,EQ,log_j_height@bin4,31632,-7.077424361301432e-05
NEG_a997,EQ,log_j_height@bin5,28742,7.830347237702817e-05
NEG_a997,EQ,log_j_height@bin6,26666,0.00017056877173415863
NEG_a997,EQ,log_j_height@bin7,23241,-0.00013807329731974072
NEG_a997,EQ,disc_sign=-1,165384,8.786702438312588e-06
NEG_a997,EQ,log_abs_c4@bin1,40493,-1.0441644947345452e-05
NEG_a997,EQ,log_abs_c4@bin2,36777,-8.634798146944789e-06
NEG_a997,EQ,log_abs_c4@bin3,33667,4.2819793500625813e-05
NEG_a997,EQ,log_abs_c4@bin4,31031,-3.964829792968416e-05
NEG_a997,EQ,log_abs_c4@bin5,27994,0.00010070568008413439
NEG_a997,EQ,log_abs_c4@bin6,24994,0.00014298220429753705
NEG_a997,EQ,log_abs_c4@bin7,22168,-0.00023923518852764225
NEG_a997,EQ,c4_sign=1.0,203412,-2.6550601983199584e-05
NEG_a997,EQ,c6_sign=-1.0,132267,6.489714823421089e-06
NEG_a997,GAL,class_size=1,177789,7.098573369224148e-06
NEG_a997,GAL,class_size=2,69091,-7.366928490792901e-06
NEG_a997,GAL,class_size=4,12773,-5.736082610496851e-05
NEG_a997,GAL,class_size=3,988,-1.8890210531141705e-05
NEG_a997,GAL,class_size=6,914,0.000479060643352347
NEG_a997,GAL,max_isogeny_degree@bin1,55153,-3.34212355934671e-05
NEG_a997,GAL,max_isogeny_degree@bin2,23802,-4.7565612670608104e-05
NEG_a997,GAL,max_isogeny_degree@bin3,4993,0.0005476788960849799
NEG_a997,GAL,has_5_isog,1185,-0.00012627087552408156
NEG_a997,GAL,two_adic_log_index=0.0,189071,3.7024772125970884e-06
NEG_a997,GAL,two_adic_log_index=1.584962500721156,45521,-3.101632916480135e-05
NEG_a997,GAL,two_adic_log_index=2.584962500721156,14443,1.0929442237128661e-05
NEG_a997,GAL,two_adic_log_index=3.584962500721156,7294,-0.0002945801800007253
NEG_a997,GAL,two_adic_log_index=1.0,3069,0.0007783825972677016
NEG_a997,GAL,two_adic_log_index=4.584962500721156,1333,0.00035239472723236354
NEG_a997,GAL,two_adic_level=1,189071,3.7024772125970884e-06
NEG_a997,GAL,two_adic_level=2,46276,-2.8782766715584884e-05
NEG_a997,GAL,two_adic_level=8,14692,-1.4528969981109086e-05
NEG_a997,GAL,two_adic_level=4,10947,8.133360465523154e-05
NEG_a997,GAL,two_adic_level=16,643,0.0008984470230417596
NEG_a997,GAL,n_nonsurj_primes=0,176356,7.086623942997861e-06
NEG_a997,GAL,n_nonsurj_primes=1,83444,-5.665215164540882e-06
NEG_a997,GAL,exceptional_image,1657,0.000103238880162837
NEG_a997,GAL,v2_torsion=0,192743,1.6700071412079076e-05
NEG_a997,GAL,v2_torsion=1,66312,-3.0513855154401526e-05
NEG_a997,GAL,v2_torsion=2,2671,-0.00013160559949909612
NEG_a997,GAL,odd_torsion=1,256021,4.381864668667745e-06
NEG_a997,GAL,odd_torsion=3,5489,-5.39096661138494e-05
NEG_a997,GAL,has_2_isog,68994,-3.2146230033225365e-05
NEG_a997,GAL,has_3_isog,15132,2.5832048875185087e-05
NEG_a997,DIO,n_intpts_x@bin1,77088,0.00026586409244044873
NEG_a997,DIO,n_intpts_x@bin2,35297,-6.892572374250783e-05
NEG_a997,DIO,n_intpts_x@bin3,28131,1.3847436484804021e-05
NEG_a997,DIO,n_intpts_x@bin4,26300,0.000923223361865344
NEG_a997,LOC,n_bad_primes=4,121558,3.647144132568059e-05
NEG_a997,LOC,n_bad_primes=3,73649,1.3419128441771733e-07
NEG_a997,LOC,n_bad_primes=5,49100,-3.0638935077709206e-05
NEG_a997,LOC,n_bad_primes=2,13375,-0.00013396497926843054
NEG_a997,LOC,n_bad_primes=6,3317,-0.001489838293055712
NEG_a997,LOC,n_split_mult=1,99020,-3.0163508465852473e-05
NEG_a997,LOC,n_split_mult=2,74879,-0.00010836301839689533
NEG_a997,LOC,n_split_mult=0,51765,1.1647460271047017e-05
NEG_a997,LOC,n_split_mult=3,28735,0.00010374995261874798
NEG_a997,LOC,n_split_mult=4,6748,0.00031884696124195866
NEG_a997,LOC,n_split_mult=5,557,0.00014079626806773327
NEG_a997,LOC,n_nonsplit_mult=1,101081,3.0975528211296677e-06
NEG_a997,LOC,n_nonsplit_mult=2,73828,-3.802887650339315e-05
NEG_a997,LOC,n_nonsplit_mult=0,52387,4.211984562907389e-05
NEG_a997,LOC,n_nonsplit_mult=3,27830,-5.84912359906653e-05
NEG_a997,LOC,n_nonsplit_mult=4,5882,-0.00038783984850510045
NEG_a997,LOC,n_nonsplit_mult=5,694,-0.0018171338968018258
NEG_a997,LOC,n_additive=1,117989,-3.540706360039003e-05
NEG_a997,LOC,n_additive=0,70692,-2.6646125527385323e-05
NEG_a997,LOC,n_additive=2,61820,6.107963789525606e-06
NEG_a997,LOC,n_additive=3,10897,6.4137573730915776e-06
NEG_a997,LOC,n_kod_In=3,82891,-9.3657756997656e-05
NEG_a997,LOC,n_kod_In=2,75929,3.9474024540853137e-05
NEG_a997,LOC,n_kod_In=4,50717,0.00011551607326520941
NEG_a997,LOC,n_kod_In=1,31266,-0.00010439089636937737
NEG_a997,LOC,n_kod_In=5,15452,3.708300895310934e-05
NEG_a997,LOC,n_kod_In=0,3404,0.0003879039339720336
NEG_a997,LOC,n_kod_II=0,233186,1.0964819501246836e-05
NEG_a997,LOC,n_kod_II=1,27551,-0.0002487826515087388
NEG_a997,LOC,n_kod_II=2,990,-0.0008369486161243778
NEG_a997,LOC,n_kod_III=0,235246,-1.3038874455473248e-05
NEG_a997,LOC,n_kod_III=1,25579,-2.180541938501257e-05
NEG_a997,LOC,n_kod_III=2,903,-0.001646263102459633
NEG_a997,LOC,n_kod_IV=0,241263,-3.515991466063184e-05
NEG_a997,LOC,n_kod_IV=1,20021,0.00018063477425767083
NEG_a997,LOC,n_kod_I0s=0,229070,-1.8488754044865274e-05
NEG_a997,LOC,n_kod_I0s=1,31371,-4.816073603475246e-06
NEG_a997,LOC,n_kod_I0s=2,1282,-0.0005106408515818117
NEG_a997,LOC,n_kod_Ins=0,172039,-4.8524506312208615e-05
NEG_a997,LOC,n_kod_Ins=1,78851,5.1304571011434597e-05
NEG_a997,LOC,n_kod_Ins=2,10444,-4.417297347436566e-05
NEG_a997,LOC,n_kod_IIs=0,246213,-3.2208172459968765e-05
NEG_a997,LOC,n_kod_IIs=1,15122,0.00017619247396960525
NEG_a997,LOC,n_kod_IIIs=0,241326,-1.4641056990116752e-05
NEG_a997,LOC,n_kod_IIIs=1,19766,-8.689396023209284e-05
NEG_a997,LOC,n_kod_IIIs=2,636,0.0002984354826259805
NEG_a997,LOC,n_kod_IVs=0,236928,-4.438672795381571e-05
NEG_a997,LOC,n_kod_IVs=1,23777,0.00024178048606160463
NEG_a997,LOC,n_kod_IVs=2,1017,-0.00027995777993772286
NEG_a997,LOC,v2_tamagawa@bin1,67675,2.8335353844388678e-05
NEG_a997,LOC,v2_tamagawa@bin2,45693,-0.0001496455125395979
NEG_a997,LOC,v2_tamagawa@bin3,24677,-0.00011151990531210743
NEG_a997,LOC,v2_tamagawa@bin4,10413,-0.00033372574804446664
NEG_a997,LOC,v2_tamagawa@bin5,5155,0.0006105468864805452
NEG_a997,LOC,v3_tamagawa=0,185547,-3.642103420431475e-05
NEG_a997,LOC,v3_tamagawa=1,59552,0.00012187455920964485
NEG_a997,LOC,v3_tamagawa=2,12902,1.447187848602205e-05
NEG_a997,LOC,v3_tamagawa=3,3021,-0.0023891688991848348
NEG_a997,LOC,v3_tamagawa=4,620,0.0018771854738831584
NEG_a997,LOC,v5_tamagawa=0,236377,-1.744492375732598e-05
NEG_a997,LOC,v5_tamagawa=1,23896,-0.0001738138440225967
NEG_a997,LOC,v5_tamagawa=2,1324,0.0023258740993647997
NEG_a997,LOC,v7_tamagawa=0,248986,-2.049599699716076e-05
NEG_a997,LOC,v7_tamagawa=1,12473,-2.9567304014710416e-05
NEG_a997,LOC,log_odd_tamagawa@bin1,48739,5.245641034257176e-05
NEG_a997,LOC,log_odd_tamagawa@bin2,33293,-0.00012043342706435922
NEG_a997,LOC,log_odd_tamagawa@bin3,26184,8.991515914769099e-05
NEG_a997,LOC,log_tamagawa@bin1,47667,1.602917522991465e-05
NEG_a997,LOC,log_tamagawa@bin2,46238,-0.00011220067264772204
NEG_a997,LOC,log_tamagawa@bin3,6426,5.936124552341493e-05
NEG_a997,LOC,log_tamagawa@bin4,33046,5.7364457469732955e-05
NEG_a997,LOC,log_tamagawa@bin5,29440,-0.0001557025809224566
NEG_a997,LOC,log_tamagawa@bin6,19236,7.009079956499242e-05
NEG_a997,LOC,log_tamagawa@bin7,22761,-1.7680355462568187e-05
NEG_a997,AN,rank_c=1,132029,0.00041849166848972885
NEG_a997,AN,rank_c=0,97093,0.0021139277038745297
NEG_a997,AN,rank_c=2,31842,0.0013808828143565544
NEG_a997,AN,root_number=-1,132802,0.00041222039637600627
NEG_a997,AN,v2_sha=0,252726,0.0011600587322531108
NEG_a997,AN,v2_sha=2,8330,0.001282275008828826
NEG_a997,AN,v2_sha=4,642,-0.0004908967538301834
NEG_a997,AN,v3_sha=0,258523,0.0011992187823391953
NEG_a997,AN,v3_sha=2,3190,-0.0018973267007103
NEG_a997,AN,v5_sha=0,261162,0.001167019708572803
NEG_a997,AN,v5_sha=2,575,-0.0019520714141967321
NEG_a997,AN,v7_sha=0,261575,0.0011579684689599912
NEG_a997,AN,log_odd_sha@bin1,3984,-0.0016357324274052232
NEG_a997,AN,v2_moddeg@bin1,57603,0.0009863100562562677
NEG_a997,AN,v2_moddeg@bin2,32292,0.001163926104263302
NEG_a997,AN,v2_moddeg@bin3,30728,0.0011673330179334807
NEG_a997,AN,v2_moddeg@bin4,49277,0.0013035025862936367
NEG_a997,AN,v2_moddeg@bin5,16631,0.0005561328245256014
NEG_a997,AN,v2_moddeg@bin6,19757,0.0013839700877394945
NEG_a997,AN,v2_moddeg@bin7,10812,0.0010271814035099913
NEG_a997,AN,v3_moddeg@bin1,72515,0.0010534792419034655
NEG_a997,AN,v3_moddeg@bin2,69225,0.0016227423847815503
NEG_a997,AN,v3_moddeg@bin3,45122,0.0010298695720195594
NEG_a997,AN,v3_moddeg@bin4,22513,0.0009593226533614052
NEG_a997,AN,v3_moddeg@bin5,13276,0.0008840655017191557
NEG_a997,AN,v5_moddeg=0,141171,0.00130342584551002
NEG_a997,AN,v5_moddeg=1,87609,0.0011324938418386665
NEG_a997,AN,v5_moddeg=2,26454,0.0010141092920253891
NEG_a997,AN,v5_moddeg=3,5514,-0.0011683603075274274
NEG_a997,AN,v5_moddeg=4,883,-0.0012162452998747408
NEG_a997,AN,v7_moddeg=0,188050,0.0012396962012435342
NEG_a997,AN,v7_moddeg=1,62107,0.0010170919796131939
NEG_a997,AN,v7_moddeg=2,10362,0.0006083852439288107
NEG_a997,AN,v7_moddeg=3,1128,0.001622114608097025
NEG_a997,AN,log_odd_moddeg@bin1,31196,0.00040728273607348875
NEG_a997,AN,log_odd_moddeg@bin2,28888,0.0011337779774297507
NEG_a997,AN,log_odd_moddeg@bin3,33242,0.0018269735090175043
NEG_a997,AN,log_odd_moddeg@bin4,36172,0.000991327528841901
NEG_a997,AN,log_odd_moddeg@bin5,35961,0.0016146882491895331
NEG_a997,AN,log_odd_moddeg@bin6,37218,0.0010026164191347942
NEG_a997,AN,log_odd_moddeg@bin7,35352,0.0009588985701955988
NEG_a997,AN,petersson_resid@bin1,32013,0.0011762987926967616
NEG_a997,AN,petersson_resid@bin2,31805,0.0016040017864638045
NEG_a997,AN,petersson_resid@bin3,31204,0.0008812151501287335
NEG_a997,AN,petersson_resid@bin4,31456,0.0008251079881838042
NEG_a997,AN,petersson_resid@bin5,31618,0.0012080499948694534
NEG_a997,AN,petersson_resid@bin6,32787,0.0012005766038619692
NEG_a997,AN,petersson_resid@bin7,36942,0.0012886758157091283
NEG_a997,AN,log_regulator@bin1,103539,0.00200670192007002
NEG_a997,AN,log_regulator@bin2,26312,0.0004169322998281988
NEG_a997,AN,log_regulator@bin3,33918,0.000453367215049294
NEG_a997,AN,log_regulator@bin4,30527,0.0008403145091326891
NEG_a997,AN,log_regulator@bin5,25810,0.0015976947461199265
NEG_a997,AN,log_omega@bin1,26828,0.001840362883611224
NEG_a997,AN,log_omega@bin2,28948,0.0009480837145606769
NEG_a997,AN,log_omega@bin3,30835,0.002065650300961508
NEG_a997,AN,log_omega@bin4,32654,0.0007185745496268714
NEG_a997,AN,log_omega@bin5,35228,0.0011828328519188913
NEG_a997,AN,log_omega@bin6,38538,0.0009550081674042366
NEG_a997,AN,log_omega@bin7,43827,0.0010849708906500721
NEG_shuffled_rank,EQ,log_abs_disc@bin1,39954,3.621989950675086e-05
NEG_shuffled_rank,EQ,log_abs_disc@bin2,36180,-9.60037529962321e-06
NEG_shuffled_rank,EQ,log_abs_disc@bin3,33020,2.3621134241591513e-05
NEG_shuffled_rank,EQ,log_abs_disc@bin4,30750,-4.221098881562746e-05
NEG_shuffled_rank,EQ,log_abs_disc@bin5,28169,0.0002317477909811183
NEG_shuffled_rank,EQ,log_abs_disc@bin6,25932,2.8460831958954103e-05
NEG_shuffled_rank,EQ,log_abs_disc@bin7,23512,1.870660831559956e-05
NEG_shuffled_rank,EQ,log_j_height@bin1,39183,-1.7488232311402285e-05
NEG_shuffled_rank,EQ,log_j_height@bin2,36447,-3.542038709003492e-06
NEG_shuffled_rank,EQ,log_j_height@bin3,34296,1.150489994394821e-05
NEG_shuffled_rank,EQ,log_j_height@bin4,31663,-1.6609920336252415e-05
NEG_shuffled_rank,EQ,log_j_height@bin5,28762,2.8955896036131357e-05
NEG_shuffled_rank,EQ,log_j_height@bin6,26688,0.00010364381243077592
NEG_shuffled_rank,EQ,log_j_height@bin7,23252,-1.982064456074184e-05
NEG_shuffled_rank,EQ,disc_sign=-1,165850,-7.679537026961114e-06
NEG_shuffled_rank,EQ,log_abs_c4@bin1,40553,2.712353390998956e-06
NEG_shuffled_rank,EQ,log_abs_c4@bin2,36828,-4.488019409665256e-05
NEG_shuffled_rank,EQ,log_abs_c4@bin3,33713,5.1435420968748424e-05
NEG_shuffled_rank,EQ,log_abs_c4@bin4,31058,8.924005749777475e-05
NEG_shuffled_rank,EQ,log_abs_c4@bin5,28028,9.164319443932811e-05
NEG_shuffled_rank,EQ,log_abs_c4@bin6,25014,-1.918935238776065e-05
NEG_shuffled_rank,EQ,log_abs_c4@bin7,22175,-5.168530643584468e-05
NEG_shuffled_rank,EQ,c4_sign=1.0,203633,-1.6239204833734533e-05
NEG_shuffled_rank,EQ,c4_sign=-1.0,58429,3.2490698663734108e-06
NEG_shuffled_rank,EQ,c6_sign=-1.0,132490,-8.359905092181208e-06
NEG_shuffled_rank,EQ,c6_sign=1.0,129711,1.0664720954678408e-05
NEG_shuffled_rank,LOC,n_bad_primes=4,121651,-3.185329493660127e-05
NEG_shuffled_rank,LOC,n_bad_primes=3,74003,8.155870384496389e-06
NEG_shuffled_rank,LOC,n_bad_primes=5,49106,-2.2617137349412175e-05
NEG_shuffled_rank,LOC,n_bad_primes=2,13491,-1.7179000822986623e-05
NEG_shuffled_rank,LOC,n_bad_primes=6,3317,0.0002471666335011058
NEG_shuffled_rank,LOC,n_split_mult=1,99098,-1.0062883382122578e-05
NEG_shuffled_rank,LOC,n_split_mult=2,74924,-6.225578166763057e-05
NEG_shuffled_rank,LOC,n_split_mult=0,52189,5.07152709223746e-05
NEG_shuffled_rank,LOC,n_split_mult=3,28757,-7.61529060639976e-05
NEG_shuffled_rank,LOC,n_split_mult=4,6752,0.0007585203048862121
NEG_shuffled_rank,LOC,n_split_mult=5,557,0.0005360055675602826
NEG_shuffled_rank,LOC,n_nonsplit_mult=1,101157,-2.172861766780443e-05
NEG_shuffled_rank,LOC,n_nonsplit_mult=2,73876,-1.535938055341468e-05
NEG_shuffled_rank,LOC,n_nonsplit_mult=0,52816,7.623267096257269e-05
NEG_shuffled_rank,LOC,n_nonsplit_mult=3,27847,6.095830097607724e-05
NEG_shuffled_rank,LOC,n_nonsplit_mult=4,5884,0.00012487146190287568
NEG_shuffled_rank,LOC,n_nonsplit_mult=5,695,0.0026101286050873584
NEG_shuffled_rank,LOC,n_additive=1,118084,-3.0495883117875877e-05
NEG_shuffled_rank,LOC,n_additive=0,70761,1.4232341443487506e-05
NEG_shuffled_rank,LOC,n_additive=2,61957,-1.5237560216263546e-05
NEG_shuffled_rank,LOC,n_additive=3,11140,0.00014652180433083473
NEG_shuffled_rank,LOC,n_kod_In=3,82946,-3.2989078313949705e-05
NEG_shuffled_rank,LOC,n_kod_In=2,75991,-2.830353710869815e-05
NEG_shuffled_rank,LOC,n_kod_In=4,50750,-4.9308329081787505e-05
NEG_shuffled_rank,LOC,n_kod_In=1,31301,1.8943828391959627e-05
NEG_shuffled_rank,LOC,n_kod_In=5,15458,0.00011829648954098104
NEG_shuffled_rank,LOC,n_kod_In=0,3786,0.0007852980496150241
NEG_shuffled_rank,LOC,n_kod_II=0,233558,-2.379505867300402e-05
NEG_shuffled_rank,LOC,n_kod_II=1,27709,8.365784184005687e-05
NEG_shuffled_rank,LOC,n_kod_II=2,1028,0.0014120717474586097
NEG_shuffled_rank,LOC,n_kod_III=0,235590,-2.3572511456348977e-05
NEG_shuffled_rank,LOC,n_kod_III=1,25772,8.074438026506314e-05
NEG_shuffled_rank,LOC,n_kod_III=2,935,0.00037405750779195834
NEG_shuffled_rank,LOC,n_kod_IV=0,241722,-7.657025110630045e-06
NEG_shuffled_rank,LOC,n_kod_IV=1,20115,-3.350464450146973e-05
NEG_shuffled_rank,LOC,n_kod_I0s=0,229475,-4.441125145415725e-06
NEG_shuffled_rank,LOC,n_kod_I0s=1,31515,8.379563833937897e-05
NEG_shuffled_rank,LOC,n_kod_I0s=2,1306,0.0008813981774690172
NEG_shuffled_rank,LOC,n_kod_Ins=0,172533,9.646078947378456e-06
NEG_shuffled_rank,LOC,n_kod_Ins=1,78922,-3.5218377409718116e-05
NEG_shuffled_rank,LOC,n_kod_Ins=2,10452,-1.0643605178994875e-05
NEG_shuffled_rank,LOC,n_kod_IIs=0,246684,-2.2203152568955886e-05
NEG_shuffled_rank,LOC,n_kod_IIs=1,15210,0.0001784083825905336
NEG_shuffled_rank,LOC,n_kod_IIIs=0,241834,-9.21824578292707e-06
NEG_shuffled_rank,LOC,n_kod_IIIs=1,19823,-6.618236529853938e-05
NEG_shuffled_rank,LOC,n_kod_IIIs=2,644,-9.0813919666477e-06
NEG_shuffled_rank,LOC,n_kod_IVs=0,237419,-2.2529792609304877e-05
NEG_shuffled_rank,LOC,n_kod_IVs=1,23849,8.941076779256374e-05
NEG_shuffled_rank,LOC,n_kod_IVs=2,1025,0.00012884602215001983
NEG_shuffled_rank,LOC,v2_tamagawa@bin1,67820,6.103349618480358e-06
NEG_shuffled_rank,LOC,v2_tamagawa@bin2,45770,1.2605150998767911e-05
NEG_shuffled_rank,LOC,v2_tamagawa@bin3,24703,-2.213072097112523e-05
NEG_shuffled_rank,LOC,v2_tamagawa@bin4,10419,-0.00011675459126148091
NEG_shuffled_rank,LOC,v2_tamagawa@bin5,5156,0.00016827483871761917
NEG_shuffled_rank,LOC,v3_tamagawa=0,185969,-2.6039102002162196e-05
NEG_shuffled_rank,LOC,v3_tamagawa=1,59660,-1.5403301796279578e-05
NEG_shuffled_rank,LOC,v3_tamagawa=2,12938,0.00014299344491930377
NEG_shuffled_rank,LOC,v3_tamagawa=3,3028,0.0006358578452964059
NEG_shuffled_rank,LOC,v3_tamagawa=4,620,0.0006667074118648086
NEG_shuffled_rank,LOC,v5_tamagawa=0,236930,-1.9548449013973013e-05
NEG_shuffled_rank,LOC,v5_tamagawa=1,23915,-3.229659207870661e-05
NEG_shuffled_rank,LOC,v5_tamagawa=2,1325,-0.00019185973281787838
NEG_shuffled_rank,LOC,v7_tamagawa=0,249549,-1.2950880388329367e-05
NEG_shuffled_rank,LOC,v7_tamagawa=1,12483,-4.60443386456344e-05
NEG_shuffled_rank,LOC,log_odd_tamagawa@bin1,48841,3.124226999462465e-05
NEG_shuffled_rank,LOC,log_odd_tamagawa@bin2,33341,5.373116693840885e-05
NEG_shuffled_rank,LOC,log_odd_tamagawa@bin3,26211,-4.560150671606422e-05
NEG_shuffled_rank,LOC,log_tamagawa@bin1,47812,1.756553243659198e-05
NEG_shuffled_rank,LOC,log_tamagawa@bin2,46354,-5.790995744714422e-05
NEG_shuffled_rank,LOC,log_tamagawa@bin3,6440,-2.3883628650356314e-06
NEG_shuffled_rank,LOC,log_tamagawa@bin4,33086,5.096801316883948e-05
NEG_shuffled_rank,LOC,log_tamagawa@bin5,29481,2.9476524077032273e-05
NEG_shuffled_rank,LOC,log_tamagawa@bin6,19249,1.0757019191731665e-05
NEG_shuffled_rank,LOC,log_tamagawa@bin7,22777,5.4989818811135294e-05
NEG_shuffled_rank,GAL,torsion_structure=[],187545,-4.129132635810606e-08
NEG_shuffled_rank,GAL,torsion_structure=[2],65978,2.6822723644182034e-05
NEG_shuffled_rank,GAL,torsion_structure=[3],5141,0.00023280779725420864
NEG_shuffled_rank,GAL,torsion_structure=[4],1953,0.0004934353247475487
NEG_shuffled_rank,GAL,"torsion_structure=[2,2]",720,0.02505628004726368
NEG_shuffled_rank,GAL,has_2_isog,69020,9.25354018832536e-06
NEG_shuffled_rank,GAL,has_3_isog,15141,5.518170872254036e-05
NEG_shuffled_rank,GAL,class_size=1,177945,-3.098578974736199e-06
NEG_shuffled_rank,GAL,class_size=2,69118,3.3798373590743225e-05
NEG_shuffled_rank,GAL,class_size=4,12781,0.00011060460153722307
NEG_shuffled_rank,GAL,class_size=3,988,0.00022705682456303222
NEG_shuffled_rank,GAL,class_size=6,914,0.0006200503244000455
NEG_shuffled_rank,GAL,max_isogeny_degree@bin1,55171,1.3842367705296788e-05
NEG_shuffled_rank,GAL,max_isogeny_degree@bin2,23819,0.00012605647180918833
NEG_shuffled_rank,GAL,max_isogeny_degree@bin3,4993,0.00013794347497242399
NEG_shuffled_rank,GAL,has_5_isog,1185,0.0007673449800742471
NEG_shuffled_rank,GAL,two_adic_log_index=0.0,189235,6.38671335095875e-06
NEG_shuffled_rank,GAL,two_adic_log_index=1.584962500721156,45535,1.747978457122823e-05
NEG_shuffled_rank,GAL,two_adic_log_index=2.584962500721156,14448,0.00010491576264071156
NEG_shuffled_rank,GAL,two_adic_log_index=3.584962500721156,7301,5.624795570080554e-05
NEG_shuffled_rank,GAL,two_adic_log_index=1.0,3069,7.088360782225855e-06
NEG_shuffled_rank,GAL,two_adic_log_index=4.584962500721156,1333,4.482296885122139e-05
NEG_shuffled_rank,GAL,two_adic_level=1,189235,6.38671335095875e-06
NEG_shuffled_rank,GAL,two_adic_level=2,46290,8.697528348533545e-06
NEG_shuffled_rank,GAL,two_adic_level=8,14696,4.2457727743694385e-05
NEG_shuffled_rank,GAL,two_adic_level=4,10956,5.518666109427528e-06
NEG_shuffled_rank,GAL,two_adic_level=16,643,0.0003220802239293219
NEG_shuffled_rank,GAL,n_nonsurj_primes=0,176512,-1.2733473084836078e-06
NEG_shuffled_rank,GAL,n_nonsurj_primes=1,83479,4.197993455190563e-05
NEG_shuffled_rank,GAL,exceptional_image,1657,-3.554963144769552e-05
NEG_shuffled_rank,GAL,v2_torsion=0,192908,2.82246014782217e-07
NEG_shuffled_rank,GAL,v2_torsion=1,66336,9.890891445096806e-06
NEG_shuffled_rank,GAL,v2_torsion=2,2673,3.524508116470315e-05
NEG_shuffled_rank,GAL,odd_torsion=1,256207,-1.729948939654946e-07
NEG_shuffled_rank,GAL,odd_torsion=3,5494,7.907488099256899e-05
NEG_shuffled_rank,AN,rank_c=1,132300,-1.7131807864778636e-05
NEG_shuffled_rank,AN,rank_c=0,97324,-5.2187301851081e-06
NEG_shuffled_rank,AN,rank_c=2,31912,2.9829032145434198e-05
NEG_shuffled_rank,AN,root_number=-1,133074,-1.705835864584948e-05
NEG_shuffled_rank,AN,v2_sha=0,253268,-2.685504532906613e-05
NEG_shuffled_rank,AN,v2_sha=2,8358,0.00020533205536032995
NEG_shuffled_rank,AN,v2_sha=4,645,4.532006100621544e-05
NEG_shuffled_rank,AN,v3_sha=0,259077,-3.323637341035024e-05
NEG_shuffled_rank,AN,v3_sha=2,3209,0.0007843584779214652
NEG_shuffled_rank,AN,v5_sha=0,261734,-3.409671010867754e-05
NEG_shuffled_rank,AN,v5_sha=2,576,0.0044987393832119915
NEG_shuffled_rank,AN,v7_sha=0,262148,-3.3162325930424785e-05
NEG_shuffled_rank,AN,log_odd_sha@bin1,4004,0.00019625087892138904
NEG_shuffled_rank,AN,v2_moddeg@bin1,57750,-5.880394524915289e-05
NEG_shuffled_rank,AN,v2_moddeg@bin2,32349,4.89757080243125e-05
NEG_shuffled_rank,AN,v2_moddeg@bin3,30768,4.957550128448229e-05
NEG_shuffled_rank,AN,v2_moddeg@bin4,49371,-4.304850551428707e-05
NEG_shuffled_rank,AN,v2_moddeg@bin5,16647,4.411041800500559e-05
NEG_shuffled_rank,AN,v2_moddeg@bin6,19779,-3.8087773769790445e-05
NEG_shuffled_rank,AN,v2_moddeg@bin7,10818,-6.106310656672775e-06
NEG_shuffled_rank,AN,v3_moddeg@bin1,72622,-5.280813968999709e-06
NEG_shuffled_rank,AN,v3_moddeg@bin2,69337,-4.709702217398082e-05
NEG_shuffled_rank,AN,v3_moddeg@bin3,45223,-3.5354377510010693e-06
NEG_shuffled_rank,AN,v3_moddeg@bin4,22596,-3.235511250609946e-05
NEG_shuffled_rank,AN,v3_moddeg@bin5,13361,0.0002732090183400482
NEG_shuffled_rank,AN,v5_moddeg=0,141513,-2.0905044559205166e-05
NEG_shuffled_rank,AN,v5_moddeg=1,87790,-1.467702175395047e-05
NEG_shuffled_rank,AN,v5_moddeg=2,26496,4.97900747530311e-05
NEG_shuffled_rank,AN,v5_moddeg=3,5522,-3.1166761358836226e-05
NEG_shuffled_rank,AN,v5_moddeg=4,883,-0.00019737555012189212
NEG_shuffled_rank,AN,v7_moddeg=0,188479,-2.2511218918941367e-05
NEG_shuffled_rank,AN,v7_moddeg=1,62229,-5.418453455052763e-05
NEG_shuffled_rank,AN,v7_moddeg=2,10381,0.00018423383179788644
NEG_shuffled_rank,AN,v7_moddeg=3,1131,0.001341905138784405
NEG_shuffled_rank,AN,log_odd_moddeg@bin1,31262,-1.475515270232819e-05
NEG_shuffled_rank,AN,log_odd_moddeg@bin2,28933,-4.156459714788063e-05
NEG_shuffled_rank,AN,log_odd_moddeg@bin3,33314,2.2914786190542102e-05
NEG_shuffled_rank,AN,log_odd_moddeg@bin4,36249,5.725838606585043e-06
NEG_shuffled_rank,AN,log_odd_moddeg@bin5,36026,-1.1258361403143624e-05
NEG_shuffled_rank,AN,log_odd_moddeg@bin6,37298,9.623782520173929e-05
NEG_shuffled_rank,AN,log_odd_moddeg@bin7,35434,2.116611725477835e-05
NEG_shuffled_rank,AN,petersson_resid@bin1,32094,5.914553996788641e-05
NEG_shuffled_rank,AN,petersson_resid@bin2,31867,1.2404395701492987e-05
NEG_shuffled_rank,AN,petersson_resid@bin3,31276,2.454981648192245e-06
NEG_shuffled_rank,AN,petersson_resid@bin4,31500,-2.4338956742697704e-05
NEG_shuffled_rank,AN,petersson_resid@bin5,31657,1.7968445350624584e-05
NEG_shuffled_rank,AN,petersson_resid@bin6,32822,3.6140692487696136e-05
NEG_shuffled_rank,AN,petersson_resid@bin7,36973,-0.00011738087483537107
NEG_shuffled_rank,AN,log_regulator@bin1,103782,-1.631650637001769e-05
NEG_shuffled_rank,AN,log_regulator@bin2,26357,0.00011345140269347631
NEG_shuffled_rank,AN,log_regulator@bin3,33991,-1.8289313607366964e-05
NEG_shuffled_rank,AN,log_regulator@bin4,30613,7.645352188867527e-05
NEG_shuffled_rank,AN,log_regulator@bin5,25888,4.87703911815629e-05
NEG_shuffled_rank,AN,log_omega@bin1,26869,-2.4548834389737095e-06
NEG_shuffled_rank,AN,log_omega@bin2,29014,5.48262313811998e-05
NEG_shuffled_rank,AN,log_omega@bin3,30903,0.00010135085529039412
NEG_shuffled_rank,AN,log_omega@bin4,32736,1.868239147828632e-07
NEG_shuffled_rank,AN,log_omega@bin5,35311,-7.417218753635879e-06
NEG_shuffled_rank,AN,log_omega@bin6,38629,-1.956957438919993e-05
NEG_shuffled_rank,AN,log_omega@bin7,43950,-3.8996351043874e-05
NEG_shuffled_rank,AP,nagao_100@bin1,32529,6.755124461910178e-06
NEG_shuffled_rank,AP,nagao_100@bin2,31567,-2.8559891807056204e-05
NEG_shuffled_rank,AP,nagao_100@bin3,31846,-8.68695127875796e-06
NEG_shuffled_rank,AP,nagao_100@bin4,32430,-7.50917983911581e-05
NEG_shuffled_rank,AP,nagao_100@bin5,32777,-1.6194475051189983e-05
NEG_shuffled_rank,AP,nagao_100@bin6,32807,-2.0582848721195646e-05
NEG_shuffled_rank,AP,nagao_100@bin7,32868,-9.30916024555195e-05
NEG_shuffled_rank,AP,nagao_300@bin1,31536,-2.8672954821562513e-06
NEG_shuffled_rank,AP,nagao_300@bin2,31815,-9.224536805785277e-05
NEG_shuffled_rank,AP,nagao_300@bin3,32380,5.609380382876061e-05
NEG_shuffled_rank,AP,nagao_300@bin4,32609,1.436517366149026e-05
NEG_shuffled_rank,AP,nagao_300@bin5,32992,-8.148140638675194e-05
NEG_shuffled_rank,AP,nagao_300@bin6,32077,-8.759169136451916e-05
NEG_shuffled_rank,AP,nagao_300@bin7,32722,-2.1180894532735195e-05
NEG_shuffled_rank,AP,nagao_1000@bin1,31309,3.059778952785308e-05
NEG_shuffled_rank,AP,nagao_1000@bin2,32152,2.2713977067656543e-05
NEG_shuffled_rank,AP,nagao_1000@bin3,32694,-1.690275727472823e-05
NEG_shuffled_rank,AP,nagao_1000@bin4,32635,-9.132545674361836e-05
NEG_shuffled_rank,AP,nagao_1000@bin5,32675,7.672141136250143e-05
NEG_shuffled_rank,AP,nagao_1000@bin6,31636,2.85696835315985e-05
NEG_shuffled_rank,AP,nagao_1000@bin7,32580,-6.291063289665111e-05
NEG_shuffled_rank,AP,frac_even@bin1,45533,-2.9763671341331843e-05
NEG_shuffled_rank,AP,frac_even@bin2,40215,-3.493015364952612e-06
NEG_shuffled_rank,AP,frac_even@bin3,42504,-4.7339533081780516e-05
NEG_shuffled_rank,AP,frac_even@bin4,86721,-0.0001283162585792308
NEG_shuffled_rank,AP,frac_zero@bin1,41315,-5.329810024434778e-07
NEG_shuffled_rank,AP,frac_zero@bin2,35394,-2.3861965478655378e-05
NEG_shuffled_rank,AP,frac_zero@bin3,36172,4.306254699215639e-05
NEG_shuffled_rank,AP,frac_zero@bin4,32925,-8.278868804278972e-05
NEG_shuffled_rank,AP,frac_zero@bin5,25823,-4.456010121001164e-05
NEG_shuffled_rank,AP,frac_zero@bin6,26469,-2.8587303751104187e-05
NEG_shuffled_rank,AP,frac_zero@bin7,20460,-1.716419944441938e-05
NEG_shuffled_rank,AP,st_mean@bin1,32855,9.765684395390828e-05
NEG_shuffled_rank,AP,st_mean@bin2,32326,4.995372307659007e-05
NEG_shuffled_rank,AP,st_mean@bin3,32436,0.00011276041368357692
NEG_shuffled_rank,AP,st_mean@bin4,32459,-3.973558751124706e-05
NEG_shuffled_rank,AP,st_mean@bin5,32315,-3.629433480556443e-05
NEG_shuffled_rank,AP,st_mean@bin6,32067,3.276631261872609e-06
NEG_shuffled_rank,AP,st_mean@bin7,32221,-5.521979500722196e-05
NEG_shuffled_rank,AP,st_m2@bin1,32653,-5.858532103886205e-09
NEG_shuffled_rank,AP,st_m2@bin2,32337,7.958460213208784e-05
NEG_shuffled_rank,AP,st_m2@bin3,32865,2.1399237102315283e-06
NEG_shuffled_rank,AP,st_m2@bin4,32814,-5.200821854245419e-05
NEG_shuffled_rank,AP,st_m2@bin5,32794,9.812857514668316e-06
NEG_shuffled_rank,AP,st_m2@bin6,32830,-2.12288146566042e-05
NEG_shuffled_rank,AP,st_m2@bin7,33301,3.59094990128872e-05
NEG_shuffled_rank,AP,mur_lo@bin1,32626,-2.7303566079606156e-05
NEG_shuffled_rank,AP,mur_lo@bin2,31897,-7.628436642370673e-06
NEG_shuffled_rank,AP,mur_lo@bin3,32354,-4.162626313575224e-05
NEG_shuffled_rank,AP,mur_lo@bin4,32535,2.4828294518886018e-05
NEG_shuffled_rank,AP,mur_lo@bin5,32677,-0.0001039835374674336
NEG_shuffled_rank,AP,mur_lo@bin6,32767,2.007590324393238e-05
NEG_shuffled_rank,AP,mur_lo@bin7,32568,-3.957978959046038e-05
NEG_shuffled_rank,AP,mur_mid@bin1,33400,-4.8806893227171244e-05
NEG_shuffled_rank,AP,mur_mid@bin2,32950,-4.606061362255609e-05
NEG_shuffled_rank,AP,mur_mid@bin3,32677,-1.4468978621895445e-05
NEG_shuffled_rank,AP,mur_mid@bin4,32580,0.00011670855910617117
NEG_shuffled_rank,AP,mur_mid@bin5,32183,8.67756639122419e-06
NEG_shuffled_rank,AP,mur_mid@bin6,32460,-9.314829723661155e-05
NEG_shuffled_rank,AP,mur_mid@bin7,32014,-3.772731318241185e-05
NEG_shuffled_rank,AP,mur_hi@bin1,33300,-0.00012739947998219314
NEG_shuffled_rank,AP,mur_hi@bin2,33158,1.533411904830473e-05
NEG_shuffled_rank,AP,mur_hi@bin3,32666,4.137082922262003e-05
NEG_shuffled_rank,AP,mur_hi@bin4,32548,4.312318046362229e-05
NEG_shuffled_rank,AP,mur_hi@bin5,32360,-6.304158857672881e-05
NEG_shuffled_rank,AP,mur_hi@bin6,32198,-4.704477082140279e-05
NEG_shuffled_rank,AP,mur_hi@bin7,32220,-5.201898132289884e-05
NEG_shuffled_rank,DIO,n_intpts_x@bin1,77281,1.4170027944793162e-05
NEG_shuffled_rank,DIO,n_intpts_x@bin2,35357,-5.467754322197038e-06
NEG_shuffled_rank,DIO,n_intpts_x@bin3,28193,1.2506330358874607e-05
NEG_shuffled_rank,DIO,n_intpts_x@bin4,26342,-5.251975607079018e-06
POS_watkins,v2_moddeg,v2_moddeg@bin1,57750,0.0016244632608477527
POS_watkins,v2_moddeg,v2_moddeg@bin2,32349,0.0024936050050387015
POS_watkins,v2_moddeg,v2_moddeg@bin3,30768,0.0017772046245766449
POS_watkins,v2_moddeg,v2_moddeg@bin4,49371,0.0005700878256574837
POS_watkins,v2_moddeg,v2_moddeg@bin5,16647,0.0011739829022936465
POS_watkins,v2_moddeg,v2_moddeg@bin6,19779,0.003793917709344785
POS_watkins,v2_moddeg,v2_moddeg@bin7,10818,0.017629922750877713
POS_lorenzini,torsion,torsion_structure=[],202270,0.0102625684872647
POS_lorenzini,torsion,torsion_structure=[2],149486,0.006142421347725913
POS_lorenzini,torsion,"torsion_structure=[2,2]",13150,0.0513142028398752
POS_lorenzini,torsion,torsion_structure=[3],6943,0.061305237167860516
POS_lorenzini,torsion,torsion_structure=[4],4652,0.12882142521964635
POS_lorenzini,torsion,torsion_structure=[6],991,0.2569614150788112
POS_torsion_cong,frac_even,frac_even@bin1,45533,0.995999157816958
POS_torsion_cong,frac_even,frac_even@bin2,40215,0.9976424735255817
POS_torsion_cong,frac_even,frac_even@bin3,42504,0.99453065040995
POS_torsion_cong,frac_even,frac_even@bin4,86721,0.9978140471958734
POS_nagao,nagao,nagao_1000@bin1,31309,0.43314078599274053
POS_nagao,nagao,nagao_1000@bin2,32152,0.958592974540963
POS_nagao,nagao,nagao_1000@bin3,32694,0.9752111699719676
POS_nagao,nagao,nagao_1000@bin4,32635,0.9725025243125816
POS_nagao,nagao,nagao_1000@bin5,32675,0.9458896039666479
POS_nagao,nagao,nagao_1000@bin6,31636,0.9134650185358846
POS_nagao,nagao,nagao_1000@bin7,32580,0.9965194713006649
EXP_H1,disc_sign,disc_sign=-1,79590,0.004898238423577617
rank,EQ,log_abs_disc@bin1,39954,0.001388422655640209
rank,EQ,log_abs_disc@bin2,36180,0.0018209300639461246
rank,EQ,log_abs_disc@bin3,33020,0.0014217097655190303
rank,EQ,log_abs_disc@bin4,30750,0.0025681648654352074
rank,EQ,log_abs_disc@bin5,28169,0.0019126643718376801
rank,EQ,log_abs_disc@bin6,25932,0.0016370892328891884
rank,EQ,log_abs_disc@bin7,23512,0.001631747431496633
rank,EQ,log_j_height@bin1,39183,0.001790321099891523
rank,EQ,log_j_height@bin2,36447,0.0009960831013308136
rank,EQ,log_j_height@bin3,34296,0.0005935816096389601
rank,EQ,log_j_height@bin4,31663,0.0013099904110520644
rank,EQ,log_j_height@bin5,28762,0.0009853975544700244
rank,EQ,log_j_height@bin6,26688,0.0010994298689936954
rank,EQ,log_j_height@bin7,23252,0.0009057057809156444
rank,EQ,disc_sign=-1,165850,0.0020173134004743964
rank,EQ,log_abs_c4@bin1,40553,0.0018480151656519173
rank,EQ,log_abs_c4@bin2,36828,0.0012760983272893656
rank,EQ,log_abs_c4@bin3,33713,0.0014438837421902884
rank,EQ,log_abs_c4@bin4,31058,0.0026279922182045334
rank,EQ,log_abs_c4@bin5,28028,0.0026040167476797382
rank,EQ,log_abs_c4@bin6,25014,0.0006659349890870692
rank,EQ,log_abs_c4@bin7,22175,0.001538470651601176
rank,EQ,c4_sign=1.0,203633,0.0014276633470154954
rank,EQ,c4_sign=-1.0,58429,0.002578677500251536
rank,EQ,c6_sign=-1.0,132490,0.001415735116620187
rank,EQ,c6_sign=1.0,129711,0.0018670457934281126
rank,LOC,n_nonsplit_mult=1,101157,0.0017124327924576965
rank,LOC,n_nonsplit_mult=2,73876,0.0017052406922318797
rank,LOC,n_nonsplit_mult=0,52816,0.004296857846798341
rank,LOC,n_nonsplit_mult=3,27847,0.0020867659949459494
rank,LOC,n_nonsplit_mult=4,5884,0.0021606316279775273
rank,LOC,n_nonsplit_mult=5,695,0.02550845770703558
rank,LOC,n_additive=1,118084,0.0009234712718531046
rank,LOC,n_additive=0,70761,0.002929399846806069
rank,LOC,n_additive=2,61957,0.0022520719662781907
rank,LOC,n_additive=3,11140,0.013644331634415918
rank,LOC,n_kod_In=3,82946,0.0020770010382221704
rank,LOC,n_kod_In=2,75991,0.001487535962564901
rank,LOC,n_kod_In=4,50750,0.001863061038259728
rank,LOC,n_kod_In=1,31301,0.0045022517186026345
rank,LOC,n_kod_In=5,15458,0.003412677869459424
rank,LOC,n_kod_In=0,3786,0.027819916813526913
rank,LOC,n_kod_II=0,233558,0.001997793258142533
rank,LOC,n_kod_II=1,27709,0.010891809992121693
rank,LOC,n_kod_II=2,1028,0.024384122877020187
rank,LOC,n_kod_III=0,235590,0.0025744802155480695
rank,LOC,n_kod_III=1,25772,0.0013203426983127153
rank,LOC,n_kod_III=2,935,0.0033024469455398275
rank,LOC,n_kod_IV=0,241722,0.002436591844216518
rank,LOC,n_kod_IV=1,20115,0.0005503453234184663
rank,LOC,n_kod_I0s=0,229475,0.0020582197722913698
rank,LOC,n_kod_I0s=1,31515,0.0038039902286504113
rank,LOC,n_kod_I0s=2,1306,0.015569317321489917
rank,LOC,n_kod_Ins=0,172533,0.002676178354935388
rank,LOC,n_kod_Ins=1,78922,0.00150261434189769
rank,LOC,n_kod_Ins=2,10452,0.0013237302106342552
rank,LOC,n_kod_IIs=0,246684,0.0017113458691984107
rank,LOC,n_kod_IIs=1,15210,0.010220045547557066
rank,LOC,n_kod_IIIs=0,241834,0.0023044554951069385
rank,LOC,n_kod_IIIs=1,19823,0.004138914914785574
rank,LOC,n_kod_IIIs=2,644,0.011669228506782203
rank,LOC,n_kod_IVs=0,237419,0.002027422114949884
rank,LOC,n_kod_IVs=1,23849,0.005080462553014642
rank,LOC,n_kod_IVs=2,1025,0.004502900911199759
rank,LOC,v3_tamagawa=0,185969,0.002465784849267183
rank,LOC,v3_tamagawa=1,59660,0.0020655944908487545
rank,LOC,v3_tamagawa=2,12938,0.0008184133554473005
rank,LOC,v3_tamagawa=3,3028,0.00039671842637778454
rank,LOC,v3_tamagawa=4,620,0.0009454575243890151
rank,LOC,v5_tamagawa=0,236930,0.002280524081899493
rank,LOC,v5_tamagawa=1,23915,0.0022956672271811085
rank,LOC,v5_tamagawa=2,1325,0.004491153144370985
rank,LOC,v7_tamagawa=0,249549,0.0022963321898049616
rank,LOC,v7_tamagawa=1,12483,0.002198726860732858
rank,LOC,log_odd_tamagawa@bin1,48841,0.0022967097110287993
rank,LOC,log_odd_tamagawa@bin2,33341,0.0017301769790163402
rank,LOC,log_odd_tamagawa@bin3,26211,0.0016382192562779396
rank,GAL,class_size=1,177945,0.0001416776210300119
rank,GAL,class_size=2,69118,0.00028647604493015066
rank,GAL,class_size=4,12781,0.001567165981430696
rank,GAL,class_size=3,988,0.00415566889230734
rank,GAL,class_size=6,914,0.004172467974131289
rank,GAL,max_isogeny_degree@bin1,55171,0.00023263662144012986
rank,GAL,max_isogeny_degree@bin2,23819,0.0004401960055530063
rank,GAL,max_isogeny_degree@bin3,4993,0.007145900560696861
rank,GAL,has_5_isog,1185,0.00677533514434514
rank,GAL,two_adic_log_index=0.0,189235,0.00012757108256933325
rank,GAL,two_adic_log_index=1.584962500721156,45535,7.01075371515314e-05
rank,GAL,two_adic_log_index=2.584962500721156,14448,0.0009967358893046008
rank,GAL,two_adic_log_index=3.584962500721156,7301,0.0020954858117328
rank,GAL,two_adic_log_index=1.0,3069,0.0037764829512763054
rank,GAL,two_adic_log_index=4.584962500721156,1333,0.0016572419104854408
rank,GAL,two_adic_level=1,189235,0.00012757108256933325
rank,GAL,two_adic_level=2,46290,0.00011305060886324103
rank,GAL,two_adic_level=8,14696,0.002557793423238919
rank,GAL,two_adic_level=4,10956,0.001553430634151698
rank,GAL,two_adic_level=16,643,-0.0016544027804623607
rank,GAL,n_nonsurj_primes=0,176512,0.00010443980887775428
rank,GAL,n_nonsurj_primes=1,83479,0.0003415097729394523
rank,GAL,exceptional_image,1657,0.006227883301008985
rank,GAL,v2_torsion=0,192908,0.0001831891658996554
rank,GAL,v2_torsion=1,66336,0.0003352977878748886
rank,GAL,v2_torsion=2,2673,0.0007472990827644965
rank,GAL,odd_torsion=1,256207,0.0001811597668842646
rank,GAL,odd_torsion=3,5494,0.000417196568956002
rank,AN,v3_moddeg@bin1,72622,0.022053474562161335
rank,AN,v3_moddeg@bin2,69337,0.01531819388300526
rank,AN,v3_moddeg@bin3,45223,0.007820860059355672
rank,AN,v3_moddeg@bin4,22596,0.0052427476345739965
rank,AN,v3_moddeg@bin5,13361,0.005063878882726858
rank,AN,v5_moddeg=0,141513,0.01951320690915892
rank,AN,v5_moddeg=1,87790,0.01519681724500721
rank,AN,v5_moddeg=2,26496,0.007855246575248054
rank,AN,v5_moddeg=3,5522,0.011241267209513017
rank,AN,v5_moddeg=4,883,-0.0015792954855857744
rank,AN,v7_moddeg=0,188479,0.018919005745288153
rank,AN,v7_moddeg=1,62229,0.011544495808668231
rank,AN,v7_moddeg=2,10381,0.004334186740219237
rank,AN,v7_moddeg=3,1131,0.005465978209125422
rank,AN,log_odd_moddeg@bin1,31262,0.025882488610668886
rank,AN,log_odd_moddeg@bin2,28933,0.026571944631242572
rank,AN,log_odd_moddeg@bin3,33314,0.023838429028528507
rank,AN,log_odd_moddeg@bin4,36249,0.02031203947250959
rank,AN,log_odd_moddeg@bin5,36026,0.01580011299384776
rank,AN,log_odd_moddeg@bin6,37298,0.009765622990423939
rank,AN,log_odd_moddeg@bin7,35434,0.0013197277467457136
rank,AN,petersson_resid@bin1,32094,0.01160007975775823
rank,AN,petersson_resid@bin2,31867,0.004726518907743227
rank,AN,petersson_resid@bin3,31276,0.0017132656486235076
rank,AN,petersson_resid@bin4,31500,0.0007618922851733156
rank,AN,petersson_resid@bin5,31657,0.0021225802727971033
rank,AN,petersson_resid@bin6,32822,0.0048367803651859775
rank,AN,petersson_resid@bin7,36973,0.037553447566105014
rank,AP,nagao_300@bin1,31536,0.07805268414555644
rank,AP,nagao_300@bin2,31815,0.2849276471650526
rank,AP,nagao_300@bin3,32380,0.24810084720101566
rank,AP,nagao_300@bin4,32609,0.21216716226184218
rank,AP,nagao_300@bin5,32992,0.1837623592390888
rank,AP,nagao_300@bin6,32077,0.23374934852539908
rank,AP,nagao_300@bin7,32722,0.3030331268029406
rank,AP,frac_even@bin1,45533,0.12067467497720119
rank,AP,frac_even@bin2,40215,0.12255807960004039
rank,AP,frac_even@bin3,42504,0.11923539992004295
rank,AP,frac_even@bin4,86721,0.10276013806712192
rank,AP,frac_zero@bin1,41315,0.1334161001672033
rank,AP,frac_zero@bin2,35394,0.11854837877105817
rank,AP,frac_zero@bin3,36172,0.1006036552355748
rank,AP,frac_zero@bin4,32925,0.10884653313579806
rank,AP,frac_zero@bin5,25823,0.10153709922552412
rank,AP,frac_zero@bin6,26469,0.09969542306066759
rank,AP,frac_zero@bin7,20460,0.1022819680574788
rank,AP,st_mean@bin1,32855,0.03609815632914182
rank,AP,st_mean@bin2,32326,0.00656780800804091
rank,AP,st_mean@bin3,32436,0.006529713871782916
rank,AP,st_mean@bin4,32459,0.11633768415338475
rank,AP,st_mean@bin5,32315,0.12874620759190947
rank,AP,st_mean@bin6,32067,0.21620464978648823
rank,AP,st_mean@bin7,32221,0.35805031785937813
rank,AP,st_m2@bin1,32653,0.09775156386635198
rank,AP,st_m2@bin2,32337,0.0898066915500545
rank,AP,st_m2@bin3,32865,0.1055148008272736
rank,AP,st_m2@bin4,32814,0.1015023407207597
rank,AP,st_m2@bin5,32794,0.11527112919317051
rank,AP,st_m2@bin6,32830,0.12356422500691266
rank,AP,st_m2@bin7,33301,0.14272517499592252
rank,AP,mur_lo@bin1,32626,0.05750190774909725
rank,AP,mur_lo@bin2,31897,0.10168919618089489
rank,AP,mur_lo@bin3,32354,0.1583631874531325
rank,AP,mur_lo@bin4,32535,0.18432997543896312
rank,AP,mur_lo@bin5,32677,0.20423091607167632
rank,AP,mur_lo@bin6,32767,0.24960830940618672
rank,AP,mur_lo@bin7,32568,0.2257938767349955
rank,AP,mur_mid@bin1,33400,0.13386161990793077
rank,AP,mur_mid@bin2,32950,0.10185450026889065
rank,AP,mur_mid@bin3,32677,0.06536934270066919
rank,AP,mur_mid@bin4,32580,0.08726320444642488
rank,AP,mur_mid@bin5,32183,0.10718918283038892
rank,AP,mur_mid@bin6,32460,0.18706716557705583
rank,AP,mur_mid@bin7,32014,0.30939086104070423
rank,AP,mur_hi@bin1,33300,0.13645770411381586
rank,AP,mur_hi@bin2,33158,0.12881293543954764
rank,AP,mur_hi@bin3,32666,0.11384811969892927
rank,AP,mur_hi@bin4,32548,0.09792024081581141
rank,AP,mur_hi@bin5,32360,0.09614415855726699
rank,AP,mur_hi@bin6,32198,0.0992549036624919
rank,AP,mur_hi@bin7,32220,0.06105182255215913
rank,DIO,n_intpts_x@bin1,77281,0.18506150885995043
rank,DIO,n_intpts_x@bin2,35357,0.2655463568948204
rank,DIO,n_intpts_x@bin3,28193,0.19528758429902537
rank,DIO,n_intpts_x@bin4,26342,0.18476284167682266
torsion,AN,rank_c=1,190165,0.4558319863274177
torsion,AN,rank_c=0,147075,0.19578054854019378
torsion,AN,rank_c=2,39984,0.6252995680562172
torsion,AN,root_number=-1,190980,0.4571418088695113
torsion,AN,v2_sha=0,357213,0.37926946747505796
torsion,AN,v2_sha=2,18630,0.43920894238809827
torsion,AN,v2_sha=4,2062,0.6110123895585091
torsion,AN,log_odd_sha@bin1,7453,0.44307565206172417
torsion,AN,v2_moddeg@bin1,67667,0.40153266778853247
torsion,AN,v2_moddeg@bin2,39533,0.44093984784790796
torsion,AN,v2_moddeg@bin3,39624,0.44694050260242935
torsion,AN,v2_moddeg@bin4,71116,0.4204486975149957
torsion,AN,v2_moddeg@bin5,28521,0.3699396299531743
torsion,AN,v2_moddeg@bin6,41613,0.30338274074961846
torsion,AN,v2_moddeg@bin7,39424,0.15463870870682683
torsion,AN,v3_moddeg@bin1,104076,0.36631987657066645
torsion,AN,v3_moddeg@bin2,95546,0.3703651191027997
torsion,AN,v3_moddeg@bin3,61678,0.3819365802458127
torsion,AN,v3_moddeg@bin4,32787,0.41937846944802337
torsion,AN,v3_moddeg@bin5,25646,0.46253909034211693
torsion,AN,log_odd_moddeg@bin1,51579,0.40461333438309743
torsion,AN,log_odd_moddeg@bin2,42597,0.4105446087255258
torsion,AN,log_odd_moddeg@bin3,46770,0.4087350544149174
torsion,AN,log_odd_moddeg@bin4,48120,0.4012213269284971
torsion,AN,log_odd_moddeg@bin5,46930,0.3853481354977616
torsion,AN,log_odd_moddeg@bin6,47791,0.37369611810015235
torsion,AN,log_odd_moddeg@bin7,46584,0.3293168271476705
torsion,AN,petersson_resid@bin1,47371,0.42531094251162516
torsion,AN,petersson_resid@bin2,47712,0.4118888852728936
torsion,AN,petersson_resid@bin3,47177,0.3919715583330218
torsion,AN,petersson_resid@bin4,47082,0.3885041710627609
torsion,AN,petersson_resid@bin5,46827,0.3620116443350616
torsion,AN,petersson_resid@bin6,47081,0.34612230446295444
torsion,AN,petersson_resid@bin7,47183,0.3024043354547902
torsion,AN,log_regulator@bin1,155035,0.20981998942627156
torsion,AN,log_regulator@bin2,33968,0.4055958336873188
torsion,AN,log_regulator@bin3,47157,0.3646652282498982
torsion,AN,log_regulator@bin4,47356,0.3975785448830962
torsion,AN,log_regulator@bin5,47405,0.5109936093080637
torsion,AN,log_omega@bin1,47026,0.32995180192579066
torsion,AN,log_omega@bin2,47597,0.3573774182291305
torsion,AN,log_omega@bin3,47439,0.3810058068897898
torsion,AN,log_omega@bin4,47168,0.40214802582562903
torsion,AN,log_omega@bin5,46965,0.43124502330419323
torsion,AN,log_omega@bin6,47105,0.46128496068178504
torsion,AN,log_omega@bin7,47333,0.4440328693061555
torsion,LOC,n_split_mult=1,138105,0.12134864219986885
torsion,LOC,n_split_mult=2,109618,0.20177772546712747
torsion,LOC,n_split_mult=0,71278,0.47900530311754874
torsion,LOC,n_split_mult=3,46044,0.2665071940105984
torsion,LOC,n_split_mult=4,11684,0.3229302513980564
torsion,LOC,n_split_mult=5,1218,0.3569112219977978
torsion,LOC,n_nonsplit_mult=1,143283,0.24594391677008587
torsion,LOC,n_nonsplit_mult=2,107901,0.15683130928948652
torsion,LOC,n_nonsplit_mult=0,73674,0.256622638571691
torsion,LOC,n_nonsplit_mult=3,42255,0.08640129736451385
torsion,LOC,n_nonsplit_mult=4,9602,0.21656295830202377
torsion,LOC,n_nonsplit_mult=5,1243,0.7144660507317058
torsion,LOC,n_additive=1,169879,0.2086765435165473
torsion,LOC,n_additive=0,98779,0.24802895976387496
torsion,LOC,n_additive=2,91817,0.28301482116425547
torsion,LOC,n_additive=3,17002,0.2810224248404929
torsion,LOC,n_kod_In=3,118191,0.19807031361360916
torsion,LOC,n_kod_In=2,102419,0.1798567865570202
torsion,LOC,n_kod_In=4,79121,0.2961049756596408
torsion,LOC,n_kod_In=1,41117,0.14638698949656448
torsion,LOC,n_kod_In=5,26958,0.3484225514436544
torsion,LOC,n_kod_In=0,5565,0.4876166299816055
torsion,LOC,n_kod_II=0,347461,0.22895502972707604
torsion,LOC,n_kod_II=1,29474,0.21538139738005402
torsion,LOC,n_kod_II=2,1089,0.29983548343416166
torsion,LOC,n_kod_III=0,345882,0.2297701953785879
torsion,LOC,n_kod_III=1,31083,0.18500879971782636
torsion,LOC,n_kod_III=2,1060,0.4394017657228778
torsion,LOC,n_kod_IV=0,355310,0.2294401300361082
torsion,LOC,n_kod_IV=1,22165,0.2965716319524775
torsion,LOC,n_kod_IV=2,563,0.7398186921121361
torsion,LOC,n_kod_I0s=0,326842,0.23068083066559153
torsion,LOC,n_kod_I0s=1,48810,0.17956178889423824
torsion,LOC,n_kod_I0s=2,2350,0.12805593639294444
torsion,LOC,n_kod_Ins=0,228371,0.2342578153328181
torsion,LOC,n_kod_Ins=1,125328,0.1639977243442272
torsion,LOC,n_kod_Ins=2,22776,0.11259445918803801
torsion,LOC,n_kod_Ins=3,1558,0.8743488749983432
torsion,LOC,n_kod_IIs=0,356946,0.22885129834620166
torsion,LOC,n_kod_IIs=1,20592,0.11156730615676458
torsion,LOC,n_kod_IIIs=0,345580,0.22908153918167107
torsion,LOC,n_kod_IIIs=1,31358,0.039003839173787136
torsion,LOC,n_kod_IIIs=2,1086,0.13064787392764188
torsion,LOC,n_kod_IVs=0,345246,0.23080749618077734
torsion,LOC,n_kod_IVs=1,31453,0.28938038070691463
torsion,LOC,n_kod_IVs=2,1316,0.5743911804880868
torsion,LOC,v3_tamagawa=0,268590,0.6536889770381591
torsion,LOC,v3_tamagawa=1,84834,0.25022096451150067
torsion,LOC,v3_tamagawa=2,18868,0.05250891757072218
torsion,LOC,v3_tamagawa=3,4539,0.42985827851755654
torsion,LOC,v3_tamagawa=4,1033,0.662756634331992
torsion,LOC,v5_tamagawa=0,344626,0.192705039583845
torsion,LOC,v5_tamagawa=1,31653,0.2926890873561795
torsion,LOC,v5_tamagawa=2,1609,0.7131043672299394
torsion,LOC,v7_tamagawa=0,362178,0.22722694246485753
torsion,LOC,v7_tamagawa=1,15545,0.34842514172495087
torsion,LOC,log_odd_tamagawa@bin1,71523,0.5658526389147638
torsion,LOC,log_odd_tamagawa@bin2,46261,0.09351928858922443
torsion,LOC,log_odd_tamagawa@bin3,32438,0.358396973108553
torsion,EQ,log_abs_c4@bin1,46962,0.011586931320956895
torsion,EQ,log_abs_c4@bin2,47164,0.015758070975096294
torsion,EQ,log_abs_c4@bin3,47352,0.015287355816293147
torsion,EQ,log_abs_c4@bin4,47566,0.017881600718056112
torsion,EQ,log_abs_c4@bin5,47511,0.018747910216146413
torsion,EQ,log_abs_c4@bin6,46993,0.01521368319305505
torsion,EQ,log_abs_c4@bin7,47292,0.01932622605969314
torsion,EQ,c4_sign=1.0,299955,0.011245906913340709
torsion,EQ,c4_sign=-1.0,77588,0.02717830657748077
torsion,EQ,c6_sign=-1.0,189476,0.012699312934705276
torsion,EQ,c6_sign=1.0,188345,0.0172571343750183
torsion,DIO,n_intpts_x@bin1,111424,0.22626546720213214
torsion,DIO,n_intpts_x@bin2,53120,0.10643315041157142
torsion,DIO,n_intpts_x@bin3,44041,0.01581836417892324
torsion,DIO,n_intpts_x@bin4,36112,0.16829949111949616
tamagawa_v2,GAL,class_size=1,177945,0.00481636681296671
tamagawa_v2,GAL,class_size=2,138236,0.04237502431271145
tamagawa_v2,GAL,class_size=4,51124,0.027296165075002432
tamagawa_v2,GAL,class_size=6,5484,0.1305413729341266
tamagawa_v2,GAL,class_size=3,2964,0.12811182980648939
tamagawa_v2,GAL,max_isogeny_degree@bin1,110342,0.030444397945635693
tamagawa_v2,GAL,max_isogeny_degree@bin2,70110,0.040875222321369864
tamagawa_v2,GAL,max_isogeny_degree@bin3,18812,0.11341312109088086
tamagawa_v2,GAL,has_2_isog,168294,0.036111401782801145
tamagawa_v2,GAL,has_3_isog,34926,0.06584693864873137
tamagawa_v2,GAL,has_5_isog,2606,0.19207320185501564
tamagawa_v2,GAL,has_7_isog,580,0.21420491911192308
tamagawa_v2,GAL,two_adic_log_index=0.0,204770,0.007085521670494588
tamagawa_v2,GAL,two_adic_log_index=1.584962500721156,93664,0.012895440829419624
tamagawa_v2,GAL,two_adic_log_index=2.584962500721156,39824,0.048487609571283063
tamagawa_v2,GAL,two_adic_log_index=3.584962500721156,26426,0.03922822182815655
tamagawa_v2,GAL,two_adic_log_index=4.584962500721156,6200,0.08828046868449047
tamagawa_v2,GAL,two_adic_log_index=1.0,3501,0.40374056306391815
tamagawa_v2,GAL,two_adic_log_index=5.584962500721156,1894,0.18402579250393658
tamagawa_v2,GAL,two_adic_level=1,204770,0.007085521670494588
tamagawa_v2,GAL,two_adic_level=2,99332,0.015096468572165622
tamagawa_v2,GAL,two_adic_level=8,36750,0.06174967431416867
tamagawa_v2,GAL,two_adic_level=4,34120,0.09291551431400347
tamagawa_v2,GAL,two_adic_level=16,1986,0.04014506214425195
tamagawa_v2,GAL,n_nonsurj_primes=1,192989,0.04550748323382492
tamagawa_v2,GAL,n_nonsurj_primes=0,176512,0.003993584917119097
tamagawa_v2,GAL,exceptional_image,1881,0.16664499568488622
tamagawa_v2,AN,rank_c=1,190165,0.16806039089723845
tamagawa_v2,AN,rank_c=0,147075,0.2701284461887452
tamagawa_v2,AN,rank_c=2,39984,0.23150881140853163
tamagawa_v2,AN,root_number=-1,190980,0.16950772647589474
tamagawa_v2,AN,v2_sha=0,357213,0.20865876733292288
tamagawa_v2,AN,v2_sha=2,18630,0.24266021867438015
tamagawa_v2,AN,v2_sha=4,2062,0.4770442192927091
tamagawa_v2,AN,log_odd_sha@bin1,7453,0.46179388886824835
tamagawa_v2,AN,v2_moddeg@bin1,67667,0.2432603960740488
tamagawa_v2,AN,v2_moddeg@bin2,39533,0.1813413151729193
tamagawa_v2,AN,v2_moddeg@bin3,39624,0.16596350424648176
tamagawa_v2,AN,v2_moddeg@bin4,71116,0.15367063813383264
tamagawa_v2,AN,v2_moddeg@bin5,28521,0.15099201340858492
tamagawa_v2,AN,v2_moddeg@bin6,41613,0.1501352780861036
tamagawa_v2,AN,v2_moddeg@bin7,39424,0.23680241316458106
tamagawa_v2,AN,v3_moddeg@bin1,104076,0.21167302619758666
tamagawa_v2,AN,v3_moddeg@bin2,95546,0.1993274325736043
tamagawa_v2,AN,v3_moddeg@bin3,61678,0.18770406691903485
tamagawa_v2,AN,v3_moddeg@bin4,32787,0.19668795324816968
tamagawa_v2,AN,v3_moddeg@bin5,25646,0.2598069719148123
tamagawa_v2,AN,v5_moddeg=0,210697,0.21516282073354398
tamagawa_v2,AN,v5_moddeg=1,123069,0.19947573033143107
tamagawa_v2,AN,v5_moddeg=2,35272,0.22606543472776186
tamagawa_v2,AN,v5_moddeg=3,7319,0.2761651505757412
tamagawa_v2,AN,v5_moddeg=4,1400,0.3372799025643175
tamagawa_v2,AN,v7_moddeg=0,278514,0.20974782027012062
tamagawa_v2,AN,v7_moddeg=1,84569,0.2160717192079571
tamagawa_v2,AN,v7_moddeg=2,13344,0.24666824144877442
tamagawa_v2,AN,v7_moddeg=3,1456,0.3314299510720039
tamagawa_v2,AN,log_odd_moddeg@bin1,51579,0.1843259822264215
tamagawa_v2,AN,log_odd_moddeg@bin2,42597,0.19256411209716906
tamagawa_v2,AN,log_odd_moddeg@bin3,46770,0.1780976484696839
tamagawa_v2,AN,log_odd_moddeg@bin4,48120,0.16626926885815763
tamagawa_v2,AN,log_odd_moddeg@bin5,46930,0.17784049537279234
tamagawa_v2,AN,log_odd_moddeg@bin6,47791,0.2182879503667301
tamagawa_v2,AN,log_odd_moddeg@bin7,46584,0.35573334708522586
tamagawa_v2,AN,petersson_resid@bin1,47371,0.17260046442618593
tamagawa_v2,AN,petersson_resid@bin2,47712,0.18631104191564618
tamagawa_v2,AN,petersson_resid@bin3,47177,0.2083075429361424
tamagawa_v2,AN,petersson_resid@bin4,47082,0.21715043089700625
tamagawa_v2,AN,petersson_resid@bin5,46827,0.24018154311320017
tamagawa_v2,AN,petersson_resid@bin6,47081,0.24687298786608436
tamagawa_v2,AN,petersson_resid@bin7,47183,0.2547897997515254
tamagawa_v2,AN,log_omega@bin1,47026,0.22272987704622194
tamagawa_v2,AN,log_omega@bin2,47597,0.21611745876168298
tamagawa_v2,AN,log_omega@bin3,47439,0.2092872630319188
tamagawa_v2,AN,log_omega@bin4,47168,0.2138542037257085
tamagawa_v2,AN,log_omega@bin5,46965,0.20708255152147725
tamagawa_v2,AN,log_omega@bin6,47105,0.20901625103503974
tamagawa_v2,AN,log_omega@bin7,47333,0.19932863481940377
tamagawa_v2,EQ,disc_sign=-1,205836,0.010939970323358472
tamagawa_v2,EQ,log_j_height@bin1,47092,0.008092520955941485
tamagawa_v2,EQ,log_j_height@bin2,47159,0.008339879572202724
tamagawa_v2,EQ,log_j_height@bin3,47820,0.007736395599450829
tamagawa_v2,EQ,log_j_height@bin4,47361,0.012055735195685813
tamagawa_v2,EQ,log_j_height@bin5,47052,0.010963927166145027
tamagawa_v2,EQ,log_j_height@bin6,47425,0.014046291702947022
tamagawa_v2,EQ,log_j_height@bin7,47012,0.017807966462996205
tamagawa_v2,EQ,log_abs_c4@bin1,46962,0.0028938143680951045
tamagawa_v2,EQ,log_abs_c4@bin2,47164,0.007383265363411828
tamagawa_v2,EQ,log_abs_c4@bin3,47352,0.01109691370899979
tamagawa_v2,EQ,log_abs_c4@bin4,47566,0.013485528815687875
tamagawa_v2,EQ,log_abs_c4@bin5,47511,0.014245596966898866
tamagawa_v2,EQ,log_abs_c4@bin6,46993,0.017688637737863444
tamagawa_v2,EQ,log_abs_c4@bin7,47292,0.016578712001859564
tamagawa_v2,EQ,c4_sign=1.0,299955,0.011927965622253955
tamagawa_v2,EQ,c4_sign=-1.0,77588,0.011042717366711141
tamagawa_v2,EQ,c6_sign=-1.0,189476,0.01245697825001335
tamagawa_v2,EQ,c6_sign=1.0,188345,0.01083218370924277
tamagawa_v2,AP,nagao_100@bin1,47255,0.028245370216826493
tamagawa_v2,AP,nagao_100@bin2,47118,0.014104057891249355
tamagawa_v2,AP,nagao_100@bin3,47192,0.012065225318111161
tamagawa_v2,AP,nagao_100@bin4,47348,0.010067017814911372
tamagawa_v2,AP,nagao_100@bin5,47206,0.010161563764288561
tamagawa_v2,AP,nagao_100@bin6,46931,0.008938883405637976
tamagawa_v2,AP,nagao_100@bin7,47528,0.005819894765999645
tamagawa_v2,AP,nagao_300@bin1,47226,0.01940912190959765
tamagawa_v2,AP,nagao_300@bin2,47171,0.014990780616242483
tamagawa_v2,AP,nagao_300@bin3,47219,0.011549914680903495
tamagawa_v2,AP,nagao_300@bin4,47362,0.00869745820827339
tamagawa_v2,AP,nagao_300@bin5,47374,0.010031431231476207
tamagawa_v2,AP,nagao_300@bin6,47120,0.012057561408530981
tamagawa_v2,AP,nagao_300@bin7,47215,0.008265590278348722
tamagawa_v2,AP,nagao_1000@bin1,47230,0.013348851055396183
tamagawa_v2,AP,nagao_1000@bin2,47189,0.01307732138693496
tamagawa_v2,AP,nagao_1000@bin3,47143,0.012675953036152765
tamagawa_v2,AP,nagao_1000@bin4,47158,0.01107412593738566
tamagawa_v2,AP,nagao_1000@bin5,47507,0.014630119095910388
tamagawa_v2,AP,nagao_1000@bin6,47516,0.01640026603963196
tamagawa_v2,AP,nagao_1000@bin7,47060,0.010314310805222271
tamagawa_v2,AP,frac_even@bin1,49178,0.029717908918139857
tamagawa_v2,AP,frac_even@bin2,43623,0.040267307587929846
tamagawa_v2,AP,frac_even@bin3,46545,0.03247118685598416
tamagawa_v2,AP,frac_even@bin4,187679,0.015785298036411266
tamagawa_v2,AP,frac_zero@bin1,48298,0.03152684118811444
tamagawa_v2,AP,frac_zero@bin2,45257,0.030285632961760345
tamagawa_v2,AP,frac_zero@bin3,49273,0.025799692675659514
tamagawa_v2,AP,frac_zero@bin4,48815,0.023059194614183487
tamagawa_v2,AP,frac_zero@bin5,43372,0.018391907909307115
tamagawa_v2,AP,frac_zero@bin6,48175,0.01913802378538887
tamagawa_v2,AP,frac_zero@bin7,45875,0.011087504691839056
tamagawa_v2,AP,st_mean@bin1,47098,0.01838435518468373
tamagawa_v2,AP,st_mean@bin2,47152,0.009750956430356283
tamagawa_v2,AP,st_mean@bin3,47064,0.014456013095177411
tamagawa_v2,AP,st_mean@bin4,47437,0.01487640924360778
tamagawa_v2,AP,st_mean@bin5,47580,0.015071346511106642
tamagawa_v2,AP,st_mean@bin6,47232,0.01650298107014092
tamagawa_v2,AP,st_mean@bin7,47200,0.01553643997317311
tamagawa_v2,AP,st_m2@bin1,47637,0.02235990366150542
tamagawa_v2,AP,st_m2@bin2,47137,0.02190333958539814
tamagawa_v2,AP,st_m2@bin3,47255,0.023482826255320388
tamagawa_v2,AP,st_m2@bin4,47340,0.023161356118233112
tamagawa_v2,AP,st_m2@bin5,46986,0.028688375557198942
tamagawa_v2,AP,st_m2@bin6,47158,0.02740476059138519
tamagawa_v2,AP,st_m2@bin7,47243,0.028058594653882052
tamagawa_v2,AP,mur_lo@bin1,47711,0.026350430113655454
tamagawa_v2,AP,mur_lo@bin2,46855,0.01546066435784621
tamagawa_v2,AP,mur_lo@bin3,47423,0.01247789258922094
tamagawa_v2,AP,mur_lo@bin4,47155,0.008771738139192076
tamagawa_v2,AP,mur_lo@bin5,46868,0.010510253220034738
tamagawa_v2,AP,mur_lo@bin6,47194,0.009875558901929926
tamagawa_v2,AP,mur_lo@bin7,47456,0.007839703164105316
tamagawa_v2,AP,mur_mid@bin1,47267,0.0334804916353294
tamagawa_v2,AP,mur_mid@bin2,47313,0.02409609469011309
tamagawa_v2,AP,mur_mid@bin3,47433,0.023940064165268615
tamagawa_v2,AP,mur_mid@bin4,47720,0.01518466220676118
tamagawa_v2,AP,mur_mid@bin5,47063,0.015883129871311907
tamagawa_v2,AP,mur_mid@bin6,47353,0.012803077349598069
tamagawa_v2,AP,mur_mid@bin7,46831,0.01401580363081445
tamagawa_v2,AP,mur_hi@bin1,47205,0.02960214238575587
tamagawa_v2,AP,mur_hi@bin2,47608,0.02416605780846215
tamagawa_v2,AP,mur_hi@bin3,47094,0.02316272439950029
tamagawa_v2,AP,mur_hi@bin4,47030,0.024014802344036412
tamagawa_v2,AP,mur_hi@bin5,47056,0.02089956561220363
tamagawa_v2,AP,mur_hi@bin6,47091,0.022641306431697372
tamagawa_v2,AP,mur_hi@bin7,47767,0.021404881704437106
tamagawa_v2,DIO,n_intpts_x@bin1,111424,0.026652454100261402
tamagawa_v2,DIO,n_intpts_x@bin2,53120,0.026674363002936352
tamagawa_v2,DIO,n_intpts_x@bin3,44041,0.07472040232387389
tamagawa_v2,DIO,n_intpts_x@bin4,36112,0.21838724393920128
tamagawa_odd,GAL,class_size=1,177945,0.005405691980601368
tamagawa_odd,GAL,class_size=2,138236,0.02113848975559951
tamagawa_odd,GAL,class_size=4,51124,0.10462238160246529
tamagawa_odd,GAL,class_size=6,5484,0.3486493124700635
tamagawa_odd,GAL,class_size=3,2964,0.04668507212696127
tamagawa_odd,GAL,max_isogeny_degree@bin1,110342,0.020079915301957074
tamagawa_odd,GAL,max_isogeny_degree@bin2,70110,0.07534195065969396
tamagawa_odd,GAL,max_isogeny_degree@bin3,18812,0.12479299759398799
tamagawa_odd,GAL,has_2_isog,168294,0.05946942446592385
tamagawa_odd,GAL,has_3_isog,34926,0.02494372860577887
tamagawa_odd,GAL,has_5_isog,2606,0.028870342873573485
tamagawa_odd,GAL,has_7_isog,580,0.008871552549508444
tamagawa_odd,GAL,two_adic_log_index=0.0,204770,0.0071762318922822255
tamagawa_odd,GAL,two_adic_log_index=1.584962500721156,93664,0.017406111676975256
tamagawa_odd,GAL,two_adic_log_index=2.584962500721156,39824,0.03711515158405576
tamagawa_odd,GAL,two_adic_log_index=3.584962500721156,26426,0.1540111108869172
tamagawa_odd,GAL,two_adic_log_index=4.584962500721156,6200,0.31362200985955646
tamagawa_odd,GAL,two_adic_log_index=1.0,3501,0.061099240294057444
tamagawa_odd,GAL,two_adic_log_index=5.584962500721156,1894,0.28132997118138414
tamagawa_odd,GAL,two_adic_level=1,204770,0.0071762318922822255
tamagawa_odd,GAL,two_adic_level=2,99332,0.019394415175293944
tamagawa_odd,GAL,two_adic_level=8,36750,0.09783030163635731
tamagawa_odd,GAL,two_adic_level=4,34120,0.13274707425566656
tamagawa_odd,GAL,two_adic_level=16,1986,0.2598411150814971
tamagawa_odd,GAL,n_nonsurj_primes=1,192989,0.05331392663690182
tamagawa_odd,GAL,n_nonsurj_primes=0,176512,0.005242355466752557
tamagawa_odd,GAL,exceptional_image,1881,0.087442014502629
tamagawa_odd,AN,rank_c=1,190165,0.049950837031386364
tamagawa_odd,AN,rank_c=0,147075,0.16185129029836698
tamagawa_odd,AN,rank_c=2,39984,0.1811902823565692
tamagawa_odd,AN,root_number=-1,190980,0.05052525271647723
tamagawa_odd,AN,v2_sha=0,357213,0.0973078122618738
tamagawa_odd,AN,v2_sha=2,18630,0.2593844851613588
tamagawa_odd,AN,v2_sha=4,2062,0.4727818087961939
tamagawa_odd,AN,log_odd_sha@bin1,7453,0.4545136972930309
tamagawa_odd,AN,v2_moddeg@bin1,67667,0.11393829592111004
tamagawa_odd,AN,v2_moddeg@bin2,39533,0.10446360053085257
tamagawa_odd,AN,v2_moddeg@bin3,39624,0.10033999345162892
tamagawa_odd,AN,v2_moddeg@bin4,71116,0.09072340847113625
tamagawa_odd,AN,v2_moddeg@bin5,28521,0.09026956436047195
tamagawa_odd,AN,v2_moddeg@bin6,41613,0.09396599207319078
tamagawa_odd,AN,v2_moddeg@bin7,39424,0.14872819674406634
tamagawa_odd,AN,v3_moddeg@bin1,104076,0.10900298703783895
tamagawa_odd,AN,v3_moddeg@bin2,95546,0.10147802279313411
tamagawa_odd,AN,v3_moddeg@bin3,61678,0.0980658572125469
tamagawa_odd,AN,v3_moddeg@bin4,32787,0.09772235547710939
tamagawa_odd,AN,v3_moddeg@bin5,25646,0.09376046819742045
tamagawa_odd,AN,v5_moddeg=0,210697,0.11089053620779055
tamagawa_odd,AN,v5_moddeg=1,123069,0.10005839199046307
tamagawa_odd,AN,v5_moddeg=2,35272,0.10220605123665483
tamagawa_odd,AN,v5_moddeg=3,7319,0.12419301780536385
tamagawa_odd,AN,v5_moddeg=4,1400,0.11416636832551597
tamagawa_odd,AN,v7_moddeg=0,278514,0.10527310446688354
tamagawa_odd,AN,v7_moddeg=1,84569,0.10437888030929232
tamagawa_odd,AN,v7_moddeg=2,13344,0.11968137631914932
tamagawa_odd,AN,v7_moddeg=3,1456,0.16421700867527722
tamagawa_odd,AN,log_odd_moddeg@bin1,51579,0.09695085231463452
tamagawa_odd,AN,log_odd_moddeg@bin2,42597,0.1024098314276064
tamagawa_odd,AN,log_odd_moddeg@bin3,46770,0.09493546412613674
tamagawa_odd,AN,log_odd_moddeg@bin4,48120,0.09277666713425403
tamagawa_odd,AN,log_odd_moddeg@bin5,46930,0.10320062782364203
tamagawa_odd,AN,log_odd_moddeg@bin6,47791,0.10937999925806785
tamagawa_odd,AN,log_odd_moddeg@bin7,46584,0.12142406162917119
tamagawa_odd,AN,petersson_resid@bin1,47371,0.07068133208701466
tamagawa_odd,AN,petersson_resid@bin2,47712,0.09423850332645733
tamagawa_odd,AN,petersson_resid@bin3,47177,0.10312273396304761
tamagawa_odd,AN,petersson_resid@bin4,47082,0.10636117517344457
tamagawa_odd,AN,petersson_resid@bin5,46827,0.12022355189325362
tamagawa_odd,AN,petersson_resid@bin6,47081,0.1265432698682547
tamagawa_odd,AN,petersson_resid@bin7,47183,0.13339250844592165
tamagawa_odd,AN,log_omega@bin1,47026,0.11037505018053373
tamagawa_odd,AN,log_omega@bin2,47597,0.1031784667339588
tamagawa_odd,AN,log_omega@bin3,47439,0.10777941656237389
tamagawa_odd,AN,log_omega@bin4,47168,0.10245030121508436
tamagawa_odd,AN,log_omega@bin5,46965,0.10503317943721469
tamagawa_odd,AN,log_omega@bin6,47105,0.09391248996512791
tamagawa_odd,AN,log_omega@bin7,47333,0.07522898711992154
tamagawa_odd,EQ,disc_sign=-1,205836,0.0037756133755014742
tamagawa_odd,EQ,log_j_height@bin1,47092,0.010290476650951619
tamagawa_odd,EQ,log_j_height@bin2,47159,0.006018962781066728
tamagawa_odd,EQ,log_j_height@bin3,47820,0.003833115980050983
tamagawa_odd,EQ,log_j_height@bin4,47361,0.0030114145735425923
tamagawa_odd,EQ,log_j_height@bin5,47052,0.002669169493979995
tamagawa_odd,EQ,log_j_height@bin6,47425,0.0019115097133565184
tamagawa_odd,EQ,log_j_height@bin7,47012,0.0018415535208307077
tamagawa_odd,EQ,log_abs_c4@bin1,46962,0.007004274242089048
tamagawa_odd,EQ,log_abs_c4@bin2,47164,0.007346710276311508
tamagawa_odd,EQ,log_abs_c4@bin3,47352,0.00655958342851648
tamagawa_odd,EQ,log_abs_c4@bin4,47566,0.005177520455665663
tamagawa_odd,EQ,log_abs_c4@bin5,47511,0.0037800941844600144
tamagawa_odd,EQ,log_abs_c4@bin6,46993,0.0029080944991658475
tamagawa_odd,EQ,log_abs_c4@bin7,47292,0.0019308288378004912
tamagawa_odd,EQ,c4_sign=1.0,299955,0.004960795565891685
tamagawa_odd,EQ,c4_sign=-1.0,77588,0.003444778499536727
tamagawa_odd,EQ,c6_sign=-1.0,189476,0.004951172425341044
tamagawa_odd,EQ,c6_sign=1.0,188345,0.004167817611982927
tamagawa_odd,AP,nagao_100@bin1,47255,0.04135307597874638
tamagawa_odd,AP,nagao_100@bin2,47118,0.03592773646938219
tamagawa_odd,AP,nagao_100@bin3,47192,0.030724909680332924
tamagawa_odd,AP,nagao_100@bin4,47348,0.03472428637767433
tamagawa_odd,AP,nagao_100@bin5,47206,0.030905349851352737
tamagawa_odd,AP,nagao_100@bin6,46931,0.03361830930363696
tamagawa_odd,AP,nagao_100@bin7,47528,0.03154230357514742
tamagawa_odd,AP,nagao_300@bin1,47226,0.03942053701932535
tamagawa_odd,AP,nagao_300@bin2,47171,0.034940389923295734
tamagawa_odd,AP,nagao_300@bin3,47219,0.027493182583831488
tamagawa_odd,AP,nagao_300@bin4,47362,0.027460675909703802
tamagawa_odd,AP,nagao_300@bin5,47374,0.025778816812579097
tamagawa_odd,AP,nagao_300@bin6,47120,0.03948444597960088
tamagawa_odd,AP,nagao_300@bin7,47215,0.038979292149034506
tamagawa_odd,AP,nagao_1000@bin1,47230,0.027993066016711587
tamagawa_odd,AP,nagao_1000@bin2,47189,0.029979413925800502
tamagawa_odd,AP,nagao_1000@bin3,47143,0.025046525431929423
tamagawa_odd,AP,nagao_1000@bin4,47158,0.031684129608405054
tamagawa_odd,AP,nagao_1000@bin5,47507,0.04444156584013692
tamagawa_odd,AP,nagao_1000@bin6,47516,0.05117039149802083
tamagawa_odd,AP,nagao_1000@bin7,47060,0.034109052252764394
tamagawa_odd,AP,frac_even@bin1,49178,0.06413382847606486
tamagawa_odd,AP,frac_even@bin2,43623,0.0592817407041355
tamagawa_odd,AP,frac_even@bin3,46545,0.05949889392451513
tamagawa_odd,AP,frac_even@bin4,187679,0.025643653641051922
tamagawa_odd,AP,frac_zero@bin1,48298,0.06071583223004684
tamagawa_odd,AP,frac_zero@bin2,45257,0.050570629243535725
tamagawa_odd,AP,frac_zero@bin3,49273,0.04976815251464539
tamagawa_odd,AP,frac_zero@bin4,48815,0.04602793650815884
tamagawa_odd,AP,frac_zero@bin5,43372,0.039610360142024126
tamagawa_odd,AP,frac_zero@bin6,48175,0.03258188785021843
tamagawa_odd,AP,frac_zero@bin7,45875,0.03388433699939286
tamagawa_odd,AP,st_mean@bin1,47098,0.03778977416237428
tamagawa_odd,AP,st_mean@bin2,47152,0.027277006527936853
tamagawa_odd,AP,st_mean@bin3,47064,0.02863794901115002
tamagawa_odd,AP,st_mean@bin4,47437,0.0353210979963281
tamagawa_odd,AP,st_mean@bin5,47580,0.04478313618944407
tamagawa_odd,AP,st_mean@bin6,47232,0.047078628926471744
tamagawa_odd,AP,st_mean@bin7,47200,0.04288756064050003
tamagawa_odd,AP,st_m2@bin1,47637,0.04909519223705072
tamagawa_odd,AP,st_m2@bin2,47137,0.05060034225366461
tamagawa_odd,AP,st_m2@bin3,47255,0.05241846040504694
tamagawa_odd,AP,st_m2@bin4,47340,0.05020812445698586
tamagawa_odd,AP,st_m2@bin5,46986,0.04532074029569244
tamagawa_odd,AP,st_m2@bin6,47158,0.04527828702410874
tamagawa_odd,AP,st_m2@bin7,47243,0.05028077365778383
tamagawa_odd,AP,mur_lo@bin1,47711,0.03548135018941845
tamagawa_odd,AP,mur_lo@bin2,46855,0.036171069066708084
tamagawa_odd,AP,mur_lo@bin3,47423,0.03060000182006184
tamagawa_odd,AP,mur_lo@bin4,47155,0.032885749035789
tamagawa_odd,AP,mur_lo@bin5,46868,0.031355752016720806
tamagawa_odd,AP,mur_lo@bin6,47194,0.03798915862025809
tamagawa_odd,AP,mur_lo@bin7,47456,0.034497114256667905
tamagawa_odd,AP,mur_mid@bin1,47267,0.052790349917150925
tamagawa_odd,AP,mur_mid@bin2,47313,0.052078072167493494
tamagawa_odd,AP,mur_mid@bin3,47433,0.04093313189469128
tamagawa_odd,AP,mur_mid@bin4,47720,0.043139022875066435
tamagawa_odd,AP,mur_mid@bin5,47063,0.040753884453038514
tamagawa_odd,AP,mur_mid@bin6,47353,0.036403739051207196
tamagawa_odd,AP,mur_mid@bin7,46831,0.0394410027094102
tamagawa_odd,AP,mur_hi@bin1,47205,0.04249427307329334
tamagawa_odd,AP,mur_hi@bin2,47608,0.04838445406565639
tamagawa_odd,AP,mur_hi@bin3,47094,0.052513488033833156
tamagawa_odd,AP,mur_hi@bin4,47030,0.04861710854668211
tamagawa_odd,AP,mur_hi@bin5,47056,0.05160219811060862
tamagawa_odd,AP,mur_hi@bin6,47091,0.05003221375757838
tamagawa_odd,AP,mur_hi@bin7,47767,0.04556539083477096
tamagawa_odd,DIO,n_intpts_x@bin1,111424,0.019569525909771457
tamagawa_odd,DIO,n_intpts_x@bin2,53120,0.06497623806832586
tamagawa_odd,DIO,n_intpts_x@bin3,44041,0.14985546910809544
tamagawa_odd,DIO,n_intpts_x@bin4,36112,0.3442843857432766
sha_v2,EQ,log_abs_disc@bin1,47056,0.017938046412334985
sha_v2,EQ,log_abs_disc@bin2,47120,0.016475063548582636
sha_v2,EQ,log_abs_disc@bin3,47251,0.009603817890883382
sha_v2,EQ,log_abs_disc@bin4,47566,0.006387468017681641
sha_v2,EQ,log_abs_disc@bin5,47344,0.0034028080598184074
sha_v2,EQ,log_abs_disc@bin6,47210,-0.0006305971073092831
sha_v2,EQ,log_abs_disc@bin7,47325,-0.00034695697123665603
sha_v2,EQ,log_j_height@bin1,47092,0.0028202327927596693
sha_v2,EQ,log_j_height@bin2,47159,0.005449102901365244
sha_v2,EQ,log_j_height@bin3,47820,0.003345807065364026
sha_v2,EQ,log_j_height@bin4,47361,0.004016878240972854
sha_v2,EQ,log_j_height@bin5,47052,0.002699107315634719
sha_v2,EQ,log_j_height@bin6,47425,0.006712260876247433
sha_v2,EQ,log_j_height@bin7,47012,0.012336910586788874
sha_v2,EQ,log_abs_c4@bin1,46962,0.004868794013214051
sha_v2,EQ,log_abs_c4@bin2,47164,0.004163452686490987
sha_v2,EQ,log_abs_c4@bin3,47352,0.0022274064738680988
sha_v2,EQ,log_abs_c4@bin4,47566,0.0017450759347974465
sha_v2,EQ,log_abs_c4@bin5,47511,0.00197628822835505
sha_v2,EQ,log_abs_c4@bin6,46993,0.009052886753795897
sha_v2,EQ,log_abs_c4@bin7,47292,0.011346800175047522
sha_v2,EQ,c4_sign=1.0,299955,0.007715934617720799
sha_v2,EQ,c4_sign=-1.0,77588,0.0016109714416213672
sha_v2,EQ,c6_sign=-1.0,189476,0.0040772016996656335
sha_v2,EQ,c6_sign=1.0,188345,0.007780199758049999
sha_v2,LOC,n_split_mult=1,138105,0.0029602269845020457
sha_v2,LOC,n_split_mult=2,109618,0.0031786299101536075
sha_v2,LOC,n_split_mult=0,71278,0.007287369150527523
sha_v2,LOC,n_split_mult=3,46044,0.018059366121251696
sha_v2,LOC,n_split_mult=4,11684,0.054269768225157944
sha_v2,LOC,n_split_mult=5,1218,0.04720332690119777
sha_v2,LOC,n_nonsplit_mult=1,143283,0.005570522571350711
sha_v2,LOC,n_nonsplit_mult=2,107901,0.005704742959827036
sha_v2,LOC,n_nonsplit_mult=0,73674,0.011640110805450687
sha_v2,LOC,n_nonsplit_mult=3,42255,0.009355277769760195
sha_v2,LOC,n_nonsplit_mult=4,9602,0.0197857281377255
sha_v2,LOC,n_nonsplit_mult=5,1243,0.0499764196176995
sha_v2,LOC,n_additive=1,169879,0.007215641711470155
sha_v2,LOC,n_additive=0,98779,0.012736785402569062
sha_v2,LOC,n_additive=2,91817,0.00456637754791156
sha_v2,LOC,n_additive=3,17002,0.005002905386261358
sha_v2,LOC,n_kod_In=3,118191,0.00595032651082672
sha_v2,LOC,n_kod_In=2,102419,0.0024266209611507605
sha_v2,LOC,n_kod_In=4,79121,0.013938220177788785
sha_v2,LOC,n_kod_In=1,41117,-4.868410402458778e-05
sha_v2,LOC,n_kod_In=5,26958,0.02001722143140594
sha_v2,LOC,n_kod_In=0,5565,-0.0017614258790417114
sha_v2,LOC,n_kod_II=0,347461,0.008351482178295844
sha_v2,LOC,n_kod_II=1,29474,-0.00046437073875948975
sha_v2,LOC,n_kod_II=2,1089,-0.010274975372147388
sha_v2,LOC,n_kod_III=0,345882,0.00809743845306854
sha_v2,LOC,n_kod_III=1,31083,0.0032549539639288305
sha_v2,LOC,n_kod_III=2,1060,-0.004403061611660153
sha_v2,LOC,n_kod_IV=0,355310,0.008306318606528862
sha_v2,LOC,n_kod_IV=1,22165,-0.005597505096310851
sha_v2,LOC,n_kod_IV=2,563,-0.02817163007286516
sha_v2,LOC,n_kod_I0s=0,326842,0.008013964203204993
sha_v2,LOC,n_kod_I0s=1,48810,0.006673470463398612
sha_v2,LOC,n_kod_I0s=2,2350,0.009349741945887002
sha_v2,LOC,n_kod_Ins=0,228371,0.007920078748303805
sha_v2,LOC,n_kod_Ins=1,125328,0.007533753692882783
sha_v2,LOC,n_kod_Ins=2,22776,0.008566295711685878
sha_v2,LOC,n_kod_Ins=3,1558,0.010014130895069084
sha_v2,LOC,n_kod_IIs=0,356946,0.008128614289042213
sha_v2,LOC,n_kod_IIs=1,20592,0.004762393169684409
sha_v2,LOC,n_kod_IIIs=0,345580,0.008070302745403768
sha_v2,LOC,n_kod_IIIs=1,31358,0.006120379163241152
sha_v2,LOC,n_kod_IIIs=2,1086,0.0029090123244908117
sha_v2,LOC,n_kod_IVs=0,345246,0.008636170990228398
sha_v2,LOC,n_kod_IVs=1,31453,-0.003146980105138697
sha_v2,LOC,n_kod_IVs=2,1316,0.01096867799068213
sha_v2,LOC,v3_tamagawa=0,268590,0.009482226201385835
sha_v2,LOC,v3_tamagawa=1,84834,0.0035839143530964623
sha_v2,LOC,v3_tamagawa=2,18868,-0.012717700175847835
sha_v2,LOC,v3_tamagawa=3,4539,-0.02609570213650203
sha_v2,LOC,v3_tamagawa=4,1033,-0.018827114313506588
sha_v2,LOC,v5_tamagawa=0,344626,0.008225178917326992
sha_v2,LOC,v5_tamagawa=1,31653,0.0005254473486470124
sha_v2,LOC,v5_tamagawa=2,1609,0.009161847895277742
sha_v2,LOC,v7_tamagawa=0,362178,0.00789458369265772
sha_v2,LOC,v7_tamagawa=1,15545,0.005871336738196065
sha_v2,LOC,log_odd_tamagawa@bin1,71523,0.005083552639500555
sha_v2,LOC,log_odd_tamagawa@bin2,46261,-0.0006207193051879223
sha_v2,LOC,log_odd_tamagawa@bin3,32438,-0.010793523369039715
sha_v2,GAL,class_size=1,177945,0.007657323372392999
sha_v2,GAL,class_size=2,138236,0.008417083897574895
sha_v2,GAL,class_size=4,51124,0.03083257017729002
sha_v2,GAL,class_size=6,5484,0.07499170256762033
sha_v2,GAL,class_size=3,2964,0.05738056364513244
sha_v2,GAL,max_isogeny_degree@bin1,110342,0.004826949711654871
sha_v2,GAL,max_isogeny_degree@bin2,70110,0.030504601430386136
sha_v2,GAL,max_isogeny_degree@bin3,18812,0.06267040107583899
sha_v2,GAL,has_5_isog,2606,0.08135185381044341
sha_v2,GAL,has_7_isog,580,0.041675124309641154
sha_v2,GAL,two_adic_log_index=0.0,204770,0.012448208793996107
sha_v2,GAL,two_adic_log_index=1.584962500721156,93664,0.004873931307784574
sha_v2,GAL,two_adic_log_index=2.584962500721156,39824,0.014050259313923119
sha_v2,GAL,two_adic_log_index=3.584962500721156,26426,0.03696528633770635
sha_v2,GAL,two_adic_log_index=4.584962500721156,6200,0.0640490296843379
sha_v2,GAL,two_adic_log_index=1.0,3501,0.008772557544017956
sha_v2,GAL,two_adic_log_index=5.584962500721156,1894,0.09170890747429783
sha_v2,GAL,two_adic_level=1,204770,0.012448208793996107
sha_v2,GAL,two_adic_level=2,99332,0.005225702871744287
sha_v2,GAL,two_adic_level=8,36750,0.041165995947416545
sha_v2,GAL,two_adic_level=4,34120,0.018345736859427197
sha_v2,GAL,two_adic_level=16,1986,0.08659670720171864
sha_v2,GAL,n_nonsurj_primes=1,192989,0.024225337138492842
sha_v2,GAL,n_nonsurj_primes=0,176512,0.007773623125542417
sha_v2,GAL,exceptional_image,1881,-0.007675148851199243
sha_v2,GAL,v2_torsion=0,208915,0.012250230320439148
sha_v2,GAL,v2_torsion=1,150202,0.024713765332100013
sha_v2,GAL,v2_torsion=2,17810,0.00706226728199566
sha_v2,GAL,odd_torsion=1,369055,0.020055971901047576
sha_v2,GAL,odd_torsion=3,7906,-0.0006356019181597006
sha_v2,GAL,has_2_isog,168294,0.023258255134080308
sha_v2,GAL,has_3_isog,34926,0.02542422326147975
sha_v2,AN,v2_moddeg@bin1,67667,0.029076868509776754
sha_v2,AN,v2_moddeg@bin2,39533,0.018358818186219317
sha_v2,AN,v2_moddeg@bin3,39624,0.011515202608943453
sha_v2,AN,v2_moddeg@bin4,71116,0.003971555606400612
sha_v2,AN,v2_moddeg@bin5,28521,0.0035699088390619416
sha_v2,AN,v2_moddeg@bin6,41613,0.011536439846023372
sha_v2,AN,v2_moddeg@bin7,39424,0.05427537522177406
sha_v2,AN,v3_moddeg@bin1,104076,0.02957535736591166
sha_v2,AN,v3_moddeg@bin2,95546,0.024602850902600837
sha_v2,AN,v3_moddeg@bin3,61678,0.018822485779828924
sha_v2,AN,v3_moddeg@bin4,32787,0.01764933161530846
sha_v2,AN,v3_moddeg@bin5,25646,0.03691141564532974
sha_v2,AN,v5_moddeg=0,210697,0.029925239222923672
sha_v2,AN,v5_moddeg=1,123069,0.02215174615767579
sha_v2,AN,v5_moddeg=2,35272,0.02611225960771557
sha_v2,AN,v5_moddeg=3,7319,0.023810458109773447
sha_v2,AN,v5_moddeg=4,1400,0.03564560799054528
sha_v2,AN,v7_moddeg=0,278514,0.027984539178774526
sha_v2,AN,v7_moddeg=1,84569,0.02353463039749415
sha_v2,AN,v7_moddeg=2,13344,0.024613381391980105
sha_v2,AN,v7_moddeg=3,1456,0.03762742991840873
sha_v2,AN,log_odd_moddeg@bin1,51579,0.030096120812615923
sha_v2,AN,log_odd_moddeg@bin2,42597,0.018612047133949927
sha_v2,AN,log_odd_moddeg@bin3,46770,0.01977687924106386
sha_v2,AN,log_odd_moddeg@bin4,48120,0.014482802512625126
sha_v2,AN,log_odd_moddeg@bin5,46930,0.01988361655609827
sha_v2,AN,log_odd_moddeg@bin6,47791,0.021793950834280484
sha_v2,AN,log_odd_moddeg@bin7,46584,0.038579126731078106
sha_v2,AN,petersson_resid@bin1,47371,0.02051165237470054
sha_v2,AN,petersson_resid@bin2,47712,0.02523532064447831
sha_v2,AN,petersson_resid@bin3,47177,0.02806758250459307
sha_v2,AN,petersson_resid@bin4,47082,0.030539537190586885
sha_v2,AN,petersson_resid@bin5,46827,0.03539134610230821
sha_v2,AN,petersson_resid@bin6,47081,0.028657695682835493
sha_v2,AN,petersson_resid@bin7,47183,0.025630672337271565
sha_v2,AP,nagao_100@bin1,47255,0.1047815976548283
sha_v2,AP,nagao_100@bin2,47118,0.04574918952244744
sha_v2,AP,nagao_100@bin3,47192,0.006866115220005575
sha_v2,AP,nagao_100@bin4,47348,0.002117942545326712
sha_v2,AP,nagao_100@bin5,47206,0.007812798735394866
sha_v2,AP,nagao_100@bin6,46931,0.02912733074748286
sha_v2,AP,nagao_100@bin7,47528,0.06996999766849665
sha_v2,AP,nagao_300@bin1,47226,0.10502676845008985
sha_v2,AP,nagao_300@bin2,47171,0.025858412562171917
sha_v2,AP,nagao_300@bin3,47219,0.0014735470847512255
sha_v2,AP,nagao_300@bin4,47362,-0.0038817529671357764
sha_v2,AP,nagao_300@bin5,47374,0.011001289141454151
sha_v2,AP,nagao_300@bin6,47120,0.04085165243219124
sha_v2,AP,nagao_300@bin7,47215,0.06863138712127381
sha_v2,AP,nagao_1000@bin1,47230,0.056326392591139696
sha_v2,AP,nagao_1000@bin2,47189,0.008626773106607089
sha_v2,AP,nagao_1000@bin3,47143,0.005703566277423078
sha_v2,AP,nagao_1000@bin4,47158,0.02105531268468297
sha_v2,AP,nagao_1000@bin5,47507,0.030937043522231034
sha_v2,AP,nagao_1000@bin6,47516,0.050642648956581326
sha_v2,AP,nagao_1000@bin7,47060,0.06437253609635774
sha_v2,AP,frac_even@bin1,49178,0.004717593420174859
sha_v2,AP,frac_even@bin2,43623,0.00967710519761511
sha_v2,AP,frac_even@bin3,46545,0.012559867052983953
sha_v2,AP,frac_even@bin4,187679,0.060561945997380406
sha_v2,AP,frac_zero@bin1,48298,0.034698542485878225
sha_v2,AP,frac_zero@bin2,45257,0.034437798063025715
sha_v2,AP,frac_zero@bin3,49273,0.04028374242555377
sha_v2,AP,frac_zero@bin4,48815,0.05007891260439423
sha_v2,AP,frac_zero@bin5,43372,0.050080408358837314
sha_v2,AP,frac_zero@bin6,48175,0.05644450711441673
sha_v2,AP,frac_zero@bin7,45875,0.05527837315414186
sha_v2,AP,st_mean@bin1,47098,0.001998327978397385
sha_v2,AP,st_mean@bin2,47152,0.022482983374540355
sha_v2,AP,st_mean@bin3,47064,0.03800173608286306
sha_v2,AP,st_mean@bin4,47437,0.051545109071994166
sha_v2,AP,st_mean@bin5,47580,0.054524532004138204
sha_v2,AP,st_mean@bin6,47232,0.05559592929840451
sha_v2,AP,st_mean@bin7,47200,0.05432966338656031
sha_v2,AP,st_m2@bin1,47637,0.048295198537317674
sha_v2,AP,st_m2@bin2,47137,0.04295236025844973
sha_v2,AP,st_m2@bin3,47255,0.04383064754446475
sha_v2,AP,st_m2@bin4,47340,0.04987447180145754
sha_v2,AP,st_m2@bin5,46986,0.048745529911516594
sha_v2,AP,st_m2@bin6,47158,0.04617554376632482
sha_v2,AP,st_m2@bin7,47243,0.04403049639223966
sha_v2,AP,mur_lo@bin1,47711,0.08154846407308469
sha_v2,AP,mur_lo@bin2,46855,0.044490751430311004
sha_v2,AP,mur_lo@bin3,47423,0.018762218145008447
sha_v2,AP,mur_lo@bin4,47155,0.013015200667704896
sha_v2,AP,mur_lo@bin5,46868,0.018018218612940173
sha_v2,AP,mur_lo@bin6,47194,0.03436559797402772
sha_v2,AP,mur_lo@bin7,47456,0.06755570111298503
sha_v2,AP,mur_mid@bin1,47267,0.023834500671637837
sha_v2,AP,mur_mid@bin2,47313,0.04787790499521982
sha_v2,AP,mur_mid@bin3,47433,0.051309055246412494
sha_v2,AP,mur_mid@bin4,47720,0.05635757687774556
sha_v2,AP,mur_mid@bin5,47063,0.05295959401355643
sha_v2,AP,mur_mid@bin6,47353,0.048767748074600714
sha_v2,AP,mur_mid@bin7,46831,0.047540614866775965
sha_v2,AP,mur_hi@bin1,47205,0.029344388693870016
sha_v2,AP,mur_hi@bin2,47608,0.03989434610738318
sha_v2,AP,mur_hi@bin3,47094,0.04345317109363778
sha_v2,AP,mur_hi@bin4,47030,0.05001995172611473
sha_v2,AP,mur_hi@bin5,47056,0.052998358070245555
sha_v2,AP,mur_hi@bin6,47091,0.05115797469467098
sha_v2,AP,mur_hi@bin7,47767,0.05571065355045568
sha_v2,DIO,n_intpts_x@bin1,111424,0.026783710908019787
sha_v2,DIO,n_intpts_x@bin2,53120,0.02441565462013473
sha_v2,DIO,n_intpts_x@bin3,44041,0.05318793811964251
sha_v2,DIO,n_intpts_x@bin4,36112,0.25777522528546426
sha_odd,EQ,log_abs_disc@bin1,47056,0.004874250778953537
sha_odd,EQ,log_abs_disc@bin2,47120,0.005835791302931437
sha_odd,EQ,log_abs_disc@bin3,47251,0.004549361934436891
sha_odd,EQ,log_abs_disc@bin4,47566,0.004253214126049287
sha_odd,EQ,log_abs_disc@bin5,47344,0.0021106969617475935
sha_odd,EQ,log_abs_disc@bin6,47210,0.002253875426199925
sha_odd,EQ,log_abs_disc@bin7,47325,0.001712178512394913
sha_odd,EQ,log_j_height@bin1,47092,0.001677851323399815
sha_odd,EQ,log_j_height@bin2,47159,0.002114566997313938
sha_odd,EQ,log_j_height@bin3,47820,0.0025347007561655754
sha_odd,EQ,log_j_height@bin4,47361,0.0038566016966504746
sha_odd,EQ,log_j_height@bin5,47052,0.0032524360263593843
sha_odd,EQ,log_j_height@bin6,47425,0.0033232475267387374
sha_odd,EQ,log_j_height@bin7,47012,0.0033273463170927498
sha_odd,EQ,log_abs_c4@bin1,46962,0.003716684678513049
sha_odd,EQ,log_abs_c4@bin2,47164,0.0031552685116155166
sha_odd,EQ,log_abs_c4@bin3,47352,0.003026193282761991
sha_odd,EQ,log_abs_c4@bin4,47566,0.0013038030424186164
sha_odd,EQ,log_abs_c4@bin5,47511,0.003035518143150062
sha_odd,EQ,log_abs_c4@bin6,46993,0.0018462266625594026
sha_odd,EQ,log_abs_c4@bin7,47292,0.003727642681819354
sha_odd,EQ,c4_sign=1.0,299955,0.0029057875762427132
sha_odd,EQ,c4_sign=-1.0,77588,0.004705935699710118
sha_odd,EQ,c6_sign=-1.0,189476,0.004439948454407983
sha_odd,EQ,c6_sign=1.0,188345,0.002722024967367953
sha_odd,LOC,n_split_mult=1,138105,0.0029639669599542673
sha_odd,LOC,n_split_mult=2,109618,-0.001986645076959448
sha_odd,LOC,n_split_mult=0,71278,0.003335283664191002
sha_odd,LOC,n_split_mult=3,46044,0.0048660958962385426
sha_odd,LOC,n_split_mult=4,11684,0.06351700492766954
sha_odd,LOC,n_split_mult=5,1218,0.024017485971745356
sha_odd,LOC,n_nonsplit_mult=1,143283,0.003521066475216883
sha_odd,LOC,n_nonsplit_mult=2,107901,0.0017082302174358244
sha_odd,LOC,n_nonsplit_mult=0,73674,0.004370947197975594
sha_odd,LOC,n_nonsplit_mult=3,42255,0.002836348827932267
sha_odd,LOC,n_nonsplit_mult=4,9602,0.00441279473645384
sha_odd,LOC,n_nonsplit_mult=5,1243,0.03897811444338828
sha_odd,LOC,n_additive=1,169879,0.0017211736733804273
sha_odd,LOC,n_additive=0,98779,0.00530489726400285
sha_odd,LOC,n_additive=2,91817,0.0032002437872495904
sha_odd,LOC,n_additive=3,17002,0.005110381210090331
sha_odd,LOC,n_kod_In=3,118191,0.002673464638033529
sha_odd,LOC,n_kod_In=2,102419,0.002129212662391189
sha_odd,LOC,n_kod_In=4,79121,0.00313814479612462
sha_odd,LOC,n_kod_In=1,41117,0.002384326964600225
sha_odd,LOC,n_kod_In=5,26958,0.009957439889141217
sha_odd,LOC,n_kod_In=0,5565,0.0035636822309979
sha_odd,LOC,n_kod_II=0,347461,0.003239529329931101
sha_odd,LOC,n_kod_II=1,29474,0.0023749011949694143
sha_odd,LOC,n_kod_II=2,1089,0.0010030632929759475
sha_odd,LOC,n_kod_III=0,345882,0.00337451468997485
sha_odd,LOC,n_kod_III=1,31083,-0.002273170067206731
sha_odd,LOC,n_kod_III=2,1060,-0.0012271525564968577
sha_odd,LOC,n_kod_IV=0,355310,0.003182298678406248
sha_odd,LOC,n_kod_IV=1,22165,0.003282353986985398
sha_odd,LOC,n_kod_IV=2,563,-0.014868785710759225
sha_odd,LOC,n_kod_I0s=0,326842,0.003355996535045702
sha_odd,LOC,n_kod_I0s=1,48810,0.002104171046542036
sha_odd,LOC,n_kod_I0s=2,2350,0.00019073485637943755
sha_odd,LOC,n_kod_Ins=0,228371,0.00404913485166658
sha_odd,LOC,n_kod_Ins=1,125328,0.0016627381909710692
sha_odd,LOC,n_kod_Ins=2,22776,0.0037754752384662194
sha_odd,LOC,n_kod_Ins=3,1558,0.0031713545774734175
sha_odd,LOC,n_kod_IIs=0,356946,0.002913107481669397
sha_odd,LOC,n_kod_IIs=1,20592,0.0038468880262367833
sha_odd,LOC,n_kod_IIIs=0,345580,0.003143413585796284
sha_odd,LOC,n_kod_IIIs=1,31358,0.0034376693573827666
sha_odd,LOC,n_kod_IIIs=2,1086,0.005362756026110138
sha_odd,LOC,n_kod_IVs=0,345246,0.003037964516684477
sha_odd,LOC,n_kod_IVs=1,31453,0.004075580035505122
sha_odd,LOC,n_kod_IVs=2,1316,0.007387875924071752
sha_odd,LOC,v3_tamagawa=0,268590,0.0033744556322254926
sha_odd,LOC,v3_tamagawa=1,84834,0.002325167078312318
sha_odd,LOC,v3_tamagawa=2,18868,0.0013107435954833324
sha_odd,LOC,v3_tamagawa=3,4539,0.0034592167784071037
sha_odd,LOC,v3_tamagawa=4,1033,-0.014957411567232404
sha_odd,LOC,v5_tamagawa=0,344626,0.003139044340071173
sha_odd,LOC,v5_tamagawa=1,31653,0.00302866913580635
sha_odd,LOC,v5_tamagawa=2,1609,0.027257699247109746
sha_odd,LOC,v7_tamagawa=0,362178,0.003114738988898691
sha_odd,LOC,v7_tamagawa=1,15545,0.006326990772357655
sha_odd,LOC,log_odd_tamagawa@bin1,71523,0.002276095034888237
sha_odd,LOC,log_odd_tamagawa@bin2,46261,0.002110220135892571
sha_odd,LOC,log_odd_tamagawa@bin3,32438,0.005919957632680717
sha_odd,GAL,class_size=1,177945,0.000897706955803157
sha_odd,GAL,class_size=2,138236,0.0016616810079070898
sha_odd,GAL,class_size=4,51124,0.0037896851088217165
sha_odd,GAL,class_size=6,5484,0.012395974050531944
sha_odd,GAL,class_size=3,2964,0.02810281950038107
sha_odd,GAL,max_isogeny_degree@bin1,110342,0.0006767105365507176
sha_odd,GAL,max_isogeny_degree@bin2,70110,0.002556185875188799
sha_odd,GAL,max_isogeny_degree@bin3,18812,0.014256804421159064
sha_odd,GAL,has_5_isog,2606,0.010270604148907458
sha_odd,GAL,has_7_isog,580,-0.003268945798377665
sha_odd,GAL,two_adic_log_index=0.0,204770,0.0033942854865728345
sha_odd,GAL,two_adic_log_index=1.584962500721156,93664,0.000879943490875168
sha_odd,GAL,two_adic_log_index=2.584962500721156,39824,0.002846125839616964
sha_odd,GAL,two_adic_log_index=3.584962500721156,26426,0.0042634841964102055
sha_odd,GAL,two_adic_log_index=4.584962500721156,6200,0.007488876070277706
sha_odd,GAL,two_adic_log_index=1.0,3501,-0.0028889467853436823
sha_odd,GAL,two_adic_log_index=5.584962500721156,1894,0.02163790410259514
sha_odd,GAL,two_adic_level=1,204770,0.0033942854865728345
sha_odd,GAL,two_adic_level=2,99332,0.0008946878548827808
sha_odd,GAL,two_adic_level=8,36750,0.0038518764758667112
sha_odd,GAL,two_adic_level=4,34120,0.0039858895059806665
sha_odd,GAL,two_adic_level=16,1986,0.014666721158979934
sha_odd,GAL,n_nonsurj_primes=1,192989,0.00421047834695909
sha_odd,GAL,n_nonsurj_primes=0,176512,0.0008327745417620047
sha_odd,GAL,exceptional_image,1881,-0.001478905099991712
sha_odd,GAL,v2_torsion=0,208915,0.0032309301872837093
sha_odd,GAL,v2_torsion=1,150202,0.0030567017250473505
sha_odd,GAL,v2_torsion=2,17810,0.0005805665223607148
sha_odd,GAL,odd_torsion=1,369055,0.0031580954788783533
sha_odd,GAL,odd_torsion=3,7906,-0.003281397472883807
sha_odd,GAL,has_2_isog,168294,0.002809590812694829
sha_odd,GAL,has_3_isog,34926,0.006933944404997505
sha_odd,AN,v2_moddeg@bin1,67667,0.005440725261389723
sha_odd,AN,v2_moddeg@bin2,39533,0.004191052228421643
sha_odd,AN,v2_moddeg@bin3,39624,0.0032864665957799133
sha_odd,AN,v2_moddeg@bin4,71116,0.0029393046730731287
sha_odd,AN,v2_moddeg@bin5,28521,0.002838005039057956
sha_odd,AN,v2_moddeg@bin6,41613,0.004994166549370571
sha_odd,AN,v2_moddeg@bin7,39424,0.014559938114145021
sha_odd,AN,v3_moddeg@bin1,104076,0.008193209174523597
sha_odd,AN,v3_moddeg@bin2,95546,0.005205881747461283
sha_odd,AN,v3_moddeg@bin3,61678,0.00250212484070933
sha_odd,AN,v3_moddeg@bin4,32787,0.003863878744881588
sha_odd,AN,v3_moddeg@bin5,25646,0.010828489936961394
sha_odd,AN,v5_moddeg=0,210697,0.010144892583317855
sha_odd,AN,v5_moddeg=1,123069,0.0030496143575402535
sha_odd,AN,v5_moddeg=2,35272,0.005817846275654293
sha_odd,AN,v5_moddeg=3,7319,0.00481210134249066
sha_odd,AN,v5_moddeg=4,1400,0.008896187539463751
sha_odd,AN,v7_moddeg=0,278514,0.008311446417720969
sha_odd,AN,v7_moddeg=1,84569,0.0039718603512263195
sha_odd,AN,v7_moddeg=2,13344,0.003853355277773529
sha_odd,AN,v7_moddeg=3,1456,0.007975299054154728
sha_odd,AN,log_odd_moddeg@bin1,51579,0.026675019680500567
sha_odd,AN,log_odd_moddeg@bin2,42597,0.005390072125235457
sha_odd,AN,log_odd_moddeg@bin3,46770,0.004906570768477669
sha_odd,AN,log_odd_moddeg@bin4,48120,0.005136336604586456
sha_odd,AN,log_odd_moddeg@bin5,46930,0.0019491205981297943
sha_odd,AN,log_odd_moddeg@bin6,47791,0.0016265501404304494
sha_odd,AN,log_odd_moddeg@bin7,46584,0.008212139582028821
sha_odd,AN,petersson_resid@bin1,47371,0.003920378848684791
sha_odd,AN,petersson_resid@bin2,47712,0.005355658999933621
sha_odd,AN,petersson_resid@bin3,47177,0.006507690799445354
sha_odd,AN,petersson_resid@bin4,47082,0.005873562017335687
sha_odd,AN,petersson_resid@bin5,46827,0.004923565365489546
sha_odd,AN,petersson_resid@bin6,47081,0.006259425306608168
sha_odd,AN,petersson_resid@bin7,47183,0.009843601613102937
sha_odd,AP,nagao_100@bin1,47255,0.11253439393657627
sha_odd,AP,nagao_100@bin2,47118,0.025600660531548636
sha_odd,AP,nagao_100@bin3,47192,-0.008710585980949537
sha_odd,AP,nagao_100@bin4,47348,-0.011182290775880066
sha_odd,AP,nagao_100@bin5,47206,-0.0004936201267249363
sha_odd,AP,nagao_100@bin6,46931,0.020726803275927796
sha_odd,AP,nagao_100@bin7,47528,0.06485557947322984
sha_odd,AP,nagao_300@bin1,47226,0.09095136427500727
sha_odd,AP,nagao_300@bin2,47171,-0.005496305818315728
sha_odd,AP,nagao_300@bin3,47219,-0.023165738209685705
sha_odd,AP,nagao_300@bin4,47362,-0.025473252492674847
sha_odd,AP,nagao_300@bin5,47374,0.0001884726891214772
sha_odd,AP,nagao_300@bin6,47120,0.033416579384832
sha_odd,AP,nagao_300@bin7,47215,0.06424571025033254
sha_odd,AP,nagao_1000@bin1,47230,0.04923232729376903
sha_odd,AP,nagao_1000@bin2,47189,-0.03369001851149833
sha_odd,AP,nagao_1000@bin3,47143,-0.02874711430152166
sha_odd,AP,nagao_1000@bin4,47158,-0.01997199786245174
sha_odd,AP,nagao_1000@bin5,47507,0.02708632095152308
sha_odd,AP,nagao_1000@bin6,47516,0.05176327549255699
sha_odd,AP,nagao_1000@bin7,47060,0.0550648065863556
sha_odd,AP,frac_even@bin1,49178,0.02885316843455199
sha_odd,AP,frac_even@bin2,43623,0.03711046040782362
sha_odd,AP,frac_even@bin3,46545,0.03496584882806042
sha_odd,AP,frac_even@bin4,187679,0.0514273835099367
sha_odd,AP,frac_zero@bin1,48298,0.03725711024889011
sha_odd,AP,frac_zero@bin2,45257,0.034094204307151155
sha_odd,AP,frac_zero@bin3,49273,0.04010311769999775
sha_odd,AP,frac_zero@bin4,48815,0.037815685485468764
sha_odd,AP,frac_zero@bin5,43372,0.05220489131118167
sha_odd,AP,frac_zero@bin6,48175,0.04912055342669619
sha_odd,AP,frac_zero@bin7,45875,0.04861653888354356
sha_odd,AP,st_mean@bin1,47098,-0.011713159325231093
sha_odd,AP,st_mean@bin2,47152,-0.0005907275004948254
sha_odd,AP,st_mean@bin3,47064,0.03616679468357187
sha_odd,AP,st_mean@bin4,47437,0.045221089086670996
sha_odd,AP,st_mean@bin5,47580,0.05382064992391011
sha_odd,AP,st_mean@bin6,47232,0.049084076594385295
sha_odd,AP,st_mean@bin7,47200,0.04592945384274294
sha_odd,AP,st_m2@bin1,47637,0.0357409293451969
sha_odd,AP,st_m2@bin2,47137,0.04198462242820711
sha_odd,AP,st_m2@bin3,47255,0.03903062498645682
sha_odd,AP,st_m2@bin4,47340,0.043160615384339907
sha_odd,AP,st_m2@bin5,46986,0.04584945342884106
sha_odd,AP,st_m2@bin6,47158,0.04449686445868817
sha_odd,AP,st_m2@bin7,47243,0.04554049618156708
sha_odd,AP,mur_lo@bin1,47711,0.08509286252611847
sha_odd,AP,mur_lo@bin2,46855,0.03185154293685599
sha_odd,AP,mur_lo@bin3,47423,0.0025217471285250426
sha_odd,AP,mur_lo@bin4,47155,-0.0005338662037956965
sha_odd,AP,mur_lo@bin5,46868,0.0041155736872271476
sha_odd,AP,mur_lo@bin6,47194,0.027378904744869037
sha_odd,AP,mur_lo@bin7,47456,0.0631557541786456
sha_odd,AP,mur_mid@bin1,47267,0.02427734396286174
sha_odd,AP,mur_mid@bin2,47313,0.04573175125762896
sha_odd,AP,mur_mid@bin3,47433,0.04872476833061423
sha_odd,AP,mur_mid@bin4,47720,0.05134485858765736
sha_odd,AP,mur_mid@bin5,47063,0.041146278601333575
sha_odd,AP,mur_mid@bin6,47353,0.04912893294638121
sha_odd,AP,mur_mid@bin7,46831,0.03926588813497478
sha_odd,AP,mur_hi@bin1,47205,0.03910372064501877
sha_odd,AP,mur_hi@bin2,47608,0.03436666549095235
sha_odd,AP,mur_hi@bin3,47094,0.047103983496785795
sha_odd,AP,mur_hi@bin4,47030,0.041070393255573046
sha_odd,AP,mur_hi@bin5,47056,0.04875877950730245
sha_odd,AP,mur_hi@bin6,47091,0.044320258698165915
sha_odd,AP,mur_hi@bin7,47767,0.043478732840148804
sha_odd,DIO,n_intpts_x@bin1,111424,0.01625665952540245
sha_odd,DIO,n_intpts_x@bin2,53120,-0.0052090551262904405
sha_odd,DIO,n_intpts_x@bin3,44041,0.0809287459207676
sha_odd,DIO,n_intpts_x@bin4,36112,0.406754791708288
petersson,AN,rank_c=1,132300,0.007447290157678532
petersson,AN,rank_c=0,97324,0.014151833102482914
petersson,AN,rank_c=2,31912,0.034703190892891755
petersson,AN,root_number=-1,133074,0.020274023010563136
petersson,AN,v2_sha=0,253268,0.018570708405479586
petersson,AN,v2_sha=2,8358,0.04118173557831473
petersson,AN,v2_sha=4,645,0.07398021912728359
petersson,AN,v3_sha=0,259077,0.01884856990066286
petersson,AN,v3_sha=2,3209,0.0723765730584559
petersson,AN,log_odd_sha@bin1,4004,0.07028846044876869
petersson,AN,log_regulator@bin1,103782,0.015167620636288626
petersson,AN,log_regulator@bin2,26357,0.02856008762931228
petersson,AN,log_regulator@bin3,33991,0.02381985653177443
petersson,AN,log_regulator@bin4,30613,0.008409811308576987
petersson,AN,log_regulator@bin5,25888,-0.0025372089628139527
petersson,LOC,n_bad_primes=4,121651,0.07593440192123913
petersson,LOC,n_bad_primes=3,74003,0.04715397260668874
petersson,LOC,n_bad_primes=5,49106,0.12012060344432052
petersson,LOC,n_bad_primes=2,13491,0.02533772921954991
petersson,LOC,n_bad_primes=6,3317,0.14906069324353166
petersson,LOC,n_split_mult=1,99098,0.0702654199628685
petersson,LOC,n_split_mult=2,74924,0.0512577471763882
petersson,LOC,n_split_mult=0,52189,0.059311011954993
petersson,LOC,n_split_mult=3,28757,0.11534648041651285
petersson,LOC,n_split_mult=4,6752,0.03315278562802437
petersson,LOC,n_split_mult=5,557,0.2829255019420436
petersson,LOC,n_nonsplit_mult=1,101157,0.06554311641193789
petersson,LOC,n_nonsplit_mult=2,73876,0.06658829858801174
petersson,LOC,n_nonsplit_mult=0,52816,0.06950506502924736
petersson,LOC,n_nonsplit_mult=3,27847,0.06837079855781414
petersson,LOC,n_nonsplit_mult=4,5884,0.0872911698811708
petersson,LOC,n_nonsplit_mult=5,695,0.08899336251356094
petersson,LOC,n_additive=1,118084,0.037019147815365416
petersson,LOC,n_additive=0,70761,0.07217647581768794
petersson,LOC,n_additive=2,61957,0.11239931571881967
petersson,LOC,n_additive=3,11140,0.16305502532811178
petersson,LOC,n_kod_In=3,82946,0.05564251041179691
petersson,LOC,n_kod_In=2,75991,0.05739090286989923
petersson,LOC,n_kod_In=4,50750,0.08474022374704826
petersson,LOC,n_kod_In=1,31301,0.08407597148035795
petersson,LOC,n_kod_In=5,15458,0.11768358121954281
petersson,LOC,n_kod_In=0,3786,0.02650168133095121
petersson,LOC,n_kod_II=0,233558,0.06706458933920245
petersson,LOC,n_kod_II=1,27709,0.0691775764443443
petersson,LOC,n_kod_II=2,1028,0.09590361847211537
petersson,LOC,n_kod_III=0,235590,0.06643656081479155
petersson,LOC,n_kod_III=1,25772,0.07436060921275267
petersson,LOC,n_kod_III=2,935,0.15475448108361156
petersson,LOC,n_kod_IV=0,241722,0.06308637389642613
petersson,LOC,n_kod_IV=1,20115,0.11947017979751828
petersson,LOC,n_kod_I0s=0,229475,0.06613815976617388
petersson,LOC,n_kod_I0s=1,31515,0.07572192486401819
petersson,LOC,n_kod_I0s=2,1306,0.09782825665933992
petersson,LOC,n_kod_Ins=0,172533,0.06868286390621448
petersson,LOC,n_kod_Ins=1,78922,0.057632961731370336
petersson,LOC,n_kod_Ins=2,10452,0.12043906528752846
petersson,LOC,n_kod_IIs=0,246684,0.06606230417535897
petersson,LOC,n_kod_IIs=1,15210,0.08901322039196868
petersson,LOC,n_kod_IIIs=0,241834,0.06594993721803721
petersson,LOC,n_kod_IIIs=1,19823,0.08503319037727908
petersson,LOC,n_kod_IIIs=2,644,0.10752936938341362
petersson,LOC,n_kod_IVs=0,237419,0.06376188552456785
petersson,LOC,n_kod_IVs=1,23849,0.10202418407919989
petersson,LOC,n_kod_IVs=2,1025,0.14535623212303217
petersson,LOC,v2_tamagawa@bin1,67820,0.06346079251121384
petersson,LOC,v2_tamagawa@bin2,45770,0.07695460759309447
petersson,LOC,v2_tamagawa@bin3,24703,0.08856515799270959
petersson,LOC,v2_tamagawa@bin4,10419,0.09874962896137596
petersson,LOC,v2_tamagawa@bin5,5156,0.12885327907471744
petersson,LOC,v3_tamagawa=0,185969,0.06089577386294276
petersson,LOC,v3_tamagawa=1,59660,0.08206359505324867
petersson,LOC,v3_tamagawa=2,12938,0.08781439280347769
petersson,LOC,v3_tamagawa=3,3028,0.10418526000772865
petersson,LOC,v3_tamagawa=4,620,0.13660829660160378
petersson,LOC,v5_tamagawa=0,236930,0.06640152516749898
petersson,LOC,v5_tamagawa=1,23915,0.07647460116777671
petersson,LOC,v5_tamagawa=2,1325,0.07333852932413243
petersson,LOC,v7_tamagawa=0,249549,0.0663007285632804
petersson,LOC,v7_tamagawa=1,12483,0.0889753421602466
petersson,LOC,log_odd_tamagawa@bin1,48841,0.08020449661389928
petersson,LOC,log_odd_tamagawa@bin2,33341,0.07632096995876314
petersson,LOC,log_odd_tamagawa@bin3,26211,0.09063010185234421
petersson,LOC,log_tamagawa@bin1,47812,0.05407447494763418
petersson,LOC,log_tamagawa@bin2,46354,0.06990168864328272
petersson,LOC,log_tamagawa@bin3,6440,0.070978316719989
petersson,LOC,log_tamagawa@bin4,33086,0.07959018629980985
petersson,LOC,log_tamagawa@bin5,29481,0.08662520927943729
petersson,LOC,log_tamagawa@bin6,19249,0.08819611996389554
petersson,LOC,log_tamagawa@bin7,22777,0.1042497181814912
petersson,GAL,class_size=1,177945,0.00024558246830319597
petersson,GAL,class_size=2,69118,0.012198004720694877
petersson,GAL,class_size=4,12781,0.03847328742630285
petersson,GAL,class_size=3,988,0.1819505789323772
petersson,GAL,class_size=6,914,0.0942397953718388
petersson,GAL,max_isogeny_degree@bin1,55171,0.007768023596701368
petersson,GAL,max_isogeny_degree@bin2,23819,0.03439194421379532
petersson,GAL,max_isogeny_degree@bin3,4993,0.07037885234215913
petersson,GAL,has_5_isog,1185,0.036814136020269506
petersson,GAL,two_adic_log_index=0.0,189235,0.0020551353883946355
petersson,GAL,two_adic_log_index=1.584962500721156,45535,0.0011887629993391213
petersson,GAL,two_adic_log_index=2.584962500721156,14448,0.03173527305028634
petersson,GAL,two_adic_log_index=3.584962500721156,7301,0.02999979784350515
petersson,GAL,two_adic_log_index=1.0,3069,0.03146549228742668
petersson,GAL,two_adic_log_index=4.584962500721156,1333,0.11597721787696336
petersson,GAL,two_adic_level=1,189235,0.0020551353883946355
petersson,GAL,two_adic_level=2,46290,0.0014936024573835027
petersson,GAL,two_adic_level=8,14696,0.04044673158292822
petersson,GAL,two_adic_level=4,10956,0.017395180057311
petersson,GAL,two_adic_level=16,643,0.11753133724717679
petersson,GAL,n_nonsurj_primes=0,176512,0.0002066621389960055
petersson,GAL,n_nonsurj_primes=1,83479,0.017777301253159572
petersson,GAL,exceptional_image,1657,0.006217169217518137
petersson,GAL,v2_torsion=0,192908,0.002492133901103144
petersson,GAL,v2_torsion=1,66336,0.01336309975933303
petersson,GAL,v2_torsion=2,2673,-0.00204905719014592
petersson,GAL,odd_torsion=1,256207,0.0043789120753048305
petersson,GAL,odd_torsion=3,5494,0.005489828355707771
petersson,GAL,has_2_isog,69020,0.012899579786668225
petersson,GAL,has_3_isog,15141,0.038467635736145867
petersson,EQ,disc_sign=-1,165850,0.00894492489769827
petersson,EQ,log_abs_c4@bin1,40553,0.011163450106721484
petersson,EQ,log_abs_c4@bin2,36828,0.010984518139566135
petersson,EQ,log_abs_c4@bin3,33713,0.01267866082692004
petersson,EQ,log_abs_c4@bin4,31058,0.008582637109434188
petersson,EQ,log_abs_c4@bin5,28028,0.006573713647452184
petersson,EQ,log_abs_c4@bin6,25014,0.004622500330466406
petersson,EQ,log_abs_c4@bin7,22175,0.0049188315733113
petersson,EQ,c4_sign=1.0,203633,0.01085390243160489
petersson,EQ,c4_sign=-1.0,58429,0.006719214859976619
petersson,EQ,c6_sign=-1.0,132490,0.01018563468284317
petersson,EQ,c6_sign=1.0,129711,0.009460468874786798
petersson,AP,nagao_100@bin1,32529,0.10795730640265899
petersson,AP,nagao_100@bin2,31567,0.1270161486122363
petersson,AP,nagao_100@bin3,31846,0.1439596098349919
petersson,AP,nagao_100@bin4,32430,0.1684616574003348
petersson,AP,nagao_100@bin5,32777,0.17150915629612506
petersson,AP,nagao_100@bin6,32807,0.12894272565984322
petersson,AP,nagao_100@bin7,32868,0.11970602966261423
petersson,AP,nagao_300@bin1,31536,0.10512646938629167
petersson,AP,nagao_300@bin2,31815,0.125425556303857
petersson,AP,nagao_300@bin3,32380,0.12853070648720344
petersson,AP,nagao_300@bin4,32609,0.16402101957597903
petersson,AP,nagao_300@bin5,32992,0.19078809844548283
petersson,AP,nagao_300@bin6,32077,0.12225345424143907
petersson,AP,nagao_300@bin7,32722,0.12273142767455769
petersson,AP,nagao_1000@bin1,31309,0.12240945449300622
petersson,AP,nagao_1000@bin2,32152,0.13163415808482914
petersson,AP,nagao_1000@bin3,32694,0.1482224919569124
petersson,AP,nagao_1000@bin4,32635,0.16107030862098715
petersson,AP,nagao_1000@bin5,32675,0.1650973328477474
petersson,AP,nagao_1000@bin6,31636,0.12945349492932967
petersson,AP,nagao_1000@bin7,32580,0.1011227603308893
petersson,AP,frac_even@bin1,45533,0.14840978451345221
petersson,AP,frac_even@bin2,40215,0.13215304620322432
petersson,AP,frac_even@bin3,42504,0.13795845750350877
petersson,AP,frac_even@bin4,86721,0.14497735798972466
petersson,AP,frac_zero@bin1,41315,0.13320370760162614
petersson,AP,frac_zero@bin2,35394,0.1374615959883433
petersson,AP,frac_zero@bin3,36172,0.12450096882888284
petersson,AP,frac_zero@bin4,32925,0.12781811613903016
petersson,AP,frac_zero@bin5,25823,0.13827232468913864
petersson,AP,frac_zero@bin6,26469,0.15998330532396443
petersson,AP,frac_zero@bin7,20460,0.18390906617741476
petersson,AP,st_mean@bin1,32855,0.13965021946858036
petersson,AP,st_mean@bin2,32326,0.14010311096700523
petersson,AP,st_mean@bin3,32436,0.1400935902045466
petersson,AP,st_mean@bin4,32459,0.1625905521983313
petersson,AP,st_mean@bin5,32315,0.16152722167282285
petersson,AP,st_mean@bin6,32067,0.11719674056140839
petersson,AP,st_mean@bin7,32221,0.09597856967487006
petersson,AP,st_m2@bin1,32653,0.15367397245837777
petersson,AP,st_m2@bin2,32337,0.08386134106435394
petersson,AP,st_m2@bin3,32865,0.049814938539608944
petersson,AP,st_m2@bin4,32814,0.05243947768574253
petersson,AP,st_m2@bin5,32794,0.08183615670219524
petersson,AP,st_m2@bin6,32830,0.13334790336827462
petersson,AP,st_m2@bin7,33301,0.2316969634648124
petersson,AP,mur_lo@bin1,32626,0.1109021893608445
petersson,AP,mur_lo@bin2,31897,0.1286595925728271
petersson,AP,mur_lo@bin3,32354,0.1486581469114131
petersson,AP,mur_lo@bin4,32535,0.16840302575924604
petersson,AP,mur_lo@bin5,32677,0.15544302920546238
petersson,AP,mur_lo@bin6,32767,0.13928080933237919
petersson,AP,mur_lo@bin7,32568,0.11293078615136798
petersson,AP,mur_mid@bin1,33400,0.14961244936858042
petersson,AP,mur_mid@bin2,32950,0.14288939206352524
petersson,AP,mur_mid@bin3,32677,0.14639823346045233
petersson,AP,mur_mid@bin4,32580,0.14643876565120162
petersson,AP,mur_mid@bin5,32183,0.14278566271267001
petersson,AP,mur_mid@bin6,32460,0.14043925864377915
petersson,AP,mur_mid@bin7,32014,0.11879076807811983
petersson,AP,mur_hi@bin1,33300,0.15708620408212526
petersson,AP,mur_hi@bin2,33158,0.1555448481766185
petersson,AP,mur_hi@bin3,32666,0.15955479458535682
petersson,AP,mur_hi@bin4,32548,0.14610774833916784
petersson,AP,mur_hi@bin5,32360,0.14228486384668548
petersson,AP,mur_hi@bin6,32198,0.1276387927143917
petersson,AP,mur_hi@bin7,32220,0.10060329421506575
petersson,DIO,n_intpts_x@bin1,77281,0.025070196156696145
petersson,DIO,n_intpts_x@bin2,35357,0.012429425181381903
petersson,DIO,n_intpts_x@bin3,28193,0.015842186414459225
petersson,DIO,n_intpts_x@bin4,26342,0.13107548429208682
moddeg_v2,GAL,class_size=1,177945,0.00251772650373705
moddeg_v2,GAL,class_size=2,69118,0.010438259403734773
moddeg_v2,GAL,class_size=4,12781,0.040879434052148556
moddeg_v2,GAL,class_size=3,988,0.012900133409304404
moddeg_v2,GAL,class_size=6,914,0.17619998471424936
moddeg_v2,GAL,max_isogeny_degree@bin1,55171,0.009340636904218047
moddeg_v2,GAL,max_isogeny_degree@bin2,23819,0.03130872271759255
moddeg_v2,GAL,max_isogeny_degree@bin3,4993,0.07774714936520688
moddeg_v2,GAL,has_3_isog,15141,0.02027856045743659
moddeg_v2,GAL,has_5_isog,1185,0.0027385764817793312
moddeg_v2,GAL,two_adic_level=1,189235,0.0030388618062916484
moddeg_v2,GAL,two_adic_level=2,46290,-0.0009011874792534957
moddeg_v2,GAL,two_adic_level=8,14696,0.051312475483569875
moddeg_v2,GAL,two_adic_level=4,10956,0.036569622731497
moddeg_v2,GAL,two_adic_level=16,643,0.15520817042775603
moddeg_v2,GAL,n_nonsurj_primes=0,176512,0.0014260327807530393
moddeg_v2,GAL,n_nonsurj_primes=1,83479,0.020188139889118717
moddeg_v2,GAL,exceptional_image,1657,0.12034772906220081
moddeg_v2,LOC,n_split_mult=1,99098,0.17550312232692622
moddeg_v2,LOC,n_split_mult=2,74924,0.18035336379284705
moddeg_v2,LOC,n_split_mult=0,51807,0.19974129931470697
moddeg_v2,LOC,n_split_mult=3,28757,0.2185206595566508
moddeg_v2,LOC,n_split_mult=4,6752,0.23779216633328581
moddeg_v2,LOC,n_split_mult=5,557,0.21653095505756292
moddeg_v2,LOC,n_nonsplit_mult=1,101157,0.19843910465053216
moddeg_v2,LOC,n_nonsplit_mult=2,73876,0.16891993200373778
moddeg_v2,LOC,n_nonsplit_mult=0,52434,0.2261590270199606
moddeg_v2,LOC,n_nonsplit_mult=3,27847,0.14114765497462145
moddeg_v2,LOC,n_nonsplit_mult=4,5884,0.07317107491431774
moddeg_v2,LOC,n_nonsplit_mult=5,695,-0.06891878592257461
moddeg_v2,LOC,n_additive=1,118082,0.10714725076821507
moddeg_v2,LOC,n_additive=0,70761,0.2568203675252324
moddeg_v2,LOC,n_additive=2,61849,0.22294457185304717
moddeg_v2,LOC,n_additive=3,10897,0.3360849251718837
moddeg_v2,LOC,n_kod_In=3,82946,0.16780243792002492
moddeg_v2,LOC,n_kod_In=2,75991,0.16395557928030657
moddeg_v2,LOC,n_kod_In=4,50750,0.2063982551290081
moddeg_v2,LOC,n_kod_In=1,31301,0.2611970564843382
moddeg_v2,LOC,n_kod_In=5,15458,0.1379312978944638
moddeg_v2,LOC,n_kod_In=0,3404,0.3311457882358231
moddeg_v2,LOC,n_kod_II=0,233374,0.18983260064563834
moddeg_v2,LOC,n_kod_II=1,27554,0.17056064200983045
moddeg_v2,LOC,n_kod_II=2,990,0.19694173107595292
moddeg_v2,LOC,n_kod_III=0,235424,0.19354582234713413
moddeg_v2,LOC,n_kod_III=1,25592,0.1283174790262288
moddeg_v2,LOC,n_kod_III=2,903,0.11220994590163036
moddeg_v2,LOC,n_kod_IV=0,241450,0.18654932063369012
moddeg_v2,LOC,n_kod_IV=1,20025,0.2021078274530096
moddeg_v2,LOC,n_kod_I0s=0,229241,0.19698812056519965
moddeg_v2,LOC,n_kod_I0s=1,31389,0.12797147347390403
moddeg_v2,LOC,n_kod_I0s=2,1284,0.18135849594999665
moddeg_v2,LOC,n_kod_Ins=0,172155,0.16880837993198905
moddeg_v2,LOC,n_kod_Ins=1,78918,0.17796807300954065
moddeg_v2,LOC,n_kod_Ins=2,10452,0.4279057854038415
moddeg_v2,LOC,n_kod_IIs=0,246397,0.18848237371661558
moddeg_v2,LOC,n_kod_IIs=1,15129,0.17518990189824724
moddeg_v2,LOC,n_kod_IIIs=0,241507,0.19105925782069344
moddeg_v2,LOC,n_kod_IIIs=1,19776,0.14466554116037655
moddeg_v2,LOC,n_kod_IIIs=2,636,0.15898841947405984
moddeg_v2,LOC,n_kod_IVs=0,237111,0.190674220164736
moddeg_v2,LOC,n_kod_IVs=1,23784,0.15506799792120451
moddeg_v2,LOC,n_kod_IVs=2,1018,0.10847216675828453
moddeg_v2,LOC,v3_tamagawa=0,185685,0.1933005231350745
moddeg_v2,LOC,v3_tamagawa=1,59589,0.1797408876499329
moddeg_v2,LOC,v3_tamagawa=2,12916,0.15157569316549424
moddeg_v2,LOC,v3_tamagawa=3,3023,0.09476674810631047
moddeg_v2,LOC,v3_tamagawa=4,620,0.07684882432946516
moddeg_v2,LOC,v5_tamagawa=0,236548,0.18971159534381454
moddeg_v2,LOC,v5_tamagawa=1,23915,0.16851683312443977
moddeg_v2,LOC,v5_tamagawa=2,1325,0.14817655446560674
moddeg_v2,LOC,v7_tamagawa=0,249167,0.18861385088702354
moddeg_v2,LOC,v7_tamagawa=1,12483,0.16938657712499705
moddeg_v2,LOC,log_odd_tamagawa@bin1,48770,0.1826775051744275
moddeg_v2,LOC,log_odd_tamagawa@bin2,33319,0.17182815674160612
moddeg_v2,LOC,log_odd_tamagawa@bin3,26206,0.15250519467674717
moddeg_v2,AN,root_number=-1,132887,0.044685346389452985
moddeg_v2,AN,v3_sha=0,258711,0.03657313363517356
moddeg_v2,AN,v3_sha=2,3193,0.0468502645861163
moddeg_v2,AN,v5_sha=0,261353,0.03667663113622732
moddeg_v2,AN,v5_sha=2,575,0.06439538094413744
moddeg_v2,AN,v7_sha=0,261766,0.036713657915509734
moddeg_v2,AN,log_odd_sha@bin1,3987,0.051239701461213816
moddeg_v2,AN,petersson_resid@bin1,32032,0.04313782502669283
moddeg_v2,AN,petersson_resid@bin2,31829,0.03015354400577719
moddeg_v2,AN,petersson_resid@bin3,31229,0.02684516939937276
moddeg_v2,AN,petersson_resid@bin4,31477,0.026298709182318913
moddeg_v2,AN,petersson_resid@bin5,31637,0.02658208891643099
moddeg_v2,AN,petersson_resid@bin6,32815,0.03481728623384672
moddeg_v2,AN,petersson_resid@bin7,36972,0.047945688717678125
moddeg_v2,AN,log_regulator@bin1,103614,0.026857230365599616
moddeg_v2,AN,log_regulator@bin2,26332,0.015492186558150767
moddeg_v2,AN,log_regulator@bin3,33943,0.018372098707351125
moddeg_v2,AN,log_regulator@bin4,30549,0.03503513023189253
moddeg_v2,AN,log_regulator@bin5,25824,0.05560927117328218
moddeg_v2,AN,log_omega@bin1,26847,0.03203487539055683
moddeg_v2,AN,log_omega@bin2,28966,0.029844029545547768
moddeg_v2,AN,log_omega@bin3,30860,0.03209855346002699
moddeg_v2,AN,log_omega@bin4,32684,0.03405219158372952
moddeg_v2,AN,log_omega@bin5,35253,0.039721899369180025
moddeg_v2,AN,log_omega@bin6,38566,0.04237837286354673
moddeg_v2,AN,log_omega@bin7,43864,0.04671872460239812
moddeg_v2,EQ,log_abs_disc@bin1,39895,0.11454428907912362
moddeg_v2,EQ,log_abs_disc@bin2,36127,0.10380828149630716
moddeg_v2,EQ,log_abs_disc@bin3,32969,0.08736233398069326
moddeg_v2,EQ,log_abs_disc@bin4,30703,0.07499667567397783
moddeg_v2,EQ,log_abs_disc@bin5,28133,0.06470516049129482
moddeg_v2,EQ,log_abs_disc@bin6,25904,0.03794142470753825
moddeg_v2,EQ,log_abs_disc@bin7,23501,0.03008632352369256
moddeg_v2,EQ,log_j_height@bin1,39181,0.06753448613617619
moddeg_v2,EQ,log_j_height@bin2,36446,0.08791781461195824
moddeg_v2,EQ,log_j_height@bin3,34296,0.10574780389399407
moddeg_v2,EQ,log_j_height@bin4,31663,0.10531441859168655
moddeg_v2,EQ,log_j_height@bin5,28761,0.110677685643639
moddeg_v2,EQ,log_j_height@bin6,26688,0.09932817630208568
moddeg_v2,EQ,log_j_height@bin7,23252,0.09335659273919228
moddeg_v2,EQ,disc_sign=-1,165533,0.08014668402814973
moddeg_v2,EQ,log_abs_c4@bin1,40530,0.11518106715239507
moddeg_v2,EQ,log_abs_c4@bin2,36806,0.09296286322557556
moddeg_v2,EQ,log_abs_c4@bin3,33690,0.08294551565090957
moddeg_v2,EQ,log_abs_c4@bin4,31047,0.070784925178631
moddeg_v2,EQ,log_abs_c4@bin5,28015,0.05892754594852878
moddeg_v2,EQ,log_abs_c4@bin6,25012,0.04371139439756322
moddeg_v2,EQ,log_abs_c4@bin7,22175,0.0498562774241772
moddeg_v2,EQ,c4_sign=1.0,203547,0.08458589388210713
moddeg_v2,EQ,c6_sign=-1.0,132360,0.08564704244304955
moddeg_v2,AP,nagao_100@bin1,32475,0.00267840806592734
moddeg_v2,AP,nagao_100@bin2,31534,0.007142256929678181
moddeg_v2,AP,nagao_100@bin3,31799,0.007469713397827982
moddeg_v2,AP,nagao_100@bin4,32380,0.006838667329262416
moddeg_v2,AP,nagao_100@bin5,32717,0.006821813024941448
moddeg_v2,AP,nagao_100@bin6,32758,0.009069065696325818
moddeg_v2,AP,nagao_100@bin7,32828,0.01788007379719625
moddeg_v2,AP,nagao_300@bin1,31482,0.005116866173400458
moddeg_v2,AP,nagao_300@bin2,31767,0.005583000841766439
moddeg_v2,AP,nagao_300@bin3,32336,0.006696976716121128
moddeg_v2,AP,nagao_300@bin4,32552,0.005570413032048971
moddeg_v2,AP,nagao_300@bin5,32945,0.008443506542617385
moddeg_v2,AP,nagao_300@bin6,32029,0.010016472503602492
moddeg_v2,AP,nagao_300@bin7,32683,0.016366225208519047
moddeg_v2,AP,nagao_1000@bin1,31256,0.006816979849896931
moddeg_v2,AP,nagao_1000@bin2,32108,0.004426927061804031
moddeg_v2,AP,nagao_1000@bin3,32645,0.0030566498042324808
moddeg_v2,AP,nagao_1000@bin4,32583,0.00884293777412648
moddeg_v2,AP,nagao_1000@bin5,32617,0.009569731230482104
moddeg_v2,AP,nagao_1000@bin6,31586,0.010808517176287946
moddeg_v2,AP,nagao_1000@bin7,32543,0.01454880401161307
moddeg_v2,AP,frac_even@bin1,45514,0.003642530745342931
moddeg_v2,AP,frac_even@bin2,40128,0.00831643088665468
moddeg_v2,AP,frac_even@bin3,42404,0.0038804144063517843
moddeg_v2,AP,frac_even@bin4,86546,0.011741201888029962
moddeg_v2,AP,frac_zero@bin1,41315,0.0080079763498343
moddeg_v2,AP,frac_zero@bin2,35394,0.010537530252522798
moddeg_v2,AP,frac_zero@bin3,36172,0.006667899479316786
moddeg_v2,AP,frac_zero@bin4,32925,0.0046145277994456
moddeg_v2,AP,frac_zero@bin5,25823,0.005584418655747103
moddeg_v2,AP,frac_zero@bin6,26469,0.005833023252169056
moddeg_v2,AP,frac_zero@bin7,20078,0.009084201751531462
moddeg_v2,AP,st_mean@bin1,32807,0.004940484348135765
moddeg_v2,AP,st_mean@bin2,32281,0.005382512869549272
moddeg_v2,AP,st_mean@bin3,32381,0.005112994501309087
moddeg_v2,AP,st_mean@bin4,32404,0.008403957070651558
moddeg_v2,AP,st_mean@bin5,32267,0.00974520089512354
moddeg_v2,AP,st_mean@bin6,32012,0.010804488512235033
moddeg_v2,AP,st_mean@bin7,32183,0.011282912652846533
moddeg_v2,AP,st_m2@bin1,32543,0.008115080839036004
moddeg_v2,AP,st_m2@bin2,32268,0.005516209398128247
moddeg_v2,AP,st_m2@bin3,32801,0.006377790138674455
moddeg_v2,AP,st_m2@bin4,32773,0.008283434223164687
moddeg_v2,AP,st_m2@bin5,32764,0.007342539813312343
moddeg_v2,AP,st_m2@bin6,32814,0.00647971412222581
moddeg_v2,AP,st_m2@bin7,33299,0.007237150375690282
moddeg_v2,AP,mur_lo@bin1,32570,0.004130967889503512
moddeg_v2,AP,mur_lo@bin2,31861,0.006409203429166621
moddeg_v2,AP,mur_lo@bin3,32312,0.0071980587039622845
moddeg_v2,AP,mur_lo@bin4,32486,0.006819399312828378
moddeg_v2,AP,mur_lo@bin5,32624,0.007749257147308675
moddeg_v2,AP,mur_lo@bin6,32710,0.01092875871358423
moddeg_v2,AP,mur_lo@bin7,32527,0.01394698500620628
moddeg_v2,AP,mur_mid@bin1,33344,0.0046209266811180205
moddeg_v2,AP,mur_mid@bin2,32902,0.009032687005686157
moddeg_v2,AP,mur_mid@bin3,32636,0.008304637486280741
moddeg_v2,AP,mur_mid@bin4,32531,0.007953068860308998
moddeg_v2,AP,mur_mid@bin5,32134,0.008350717956768672
moddeg_v2,AP,mur_mid@bin6,32407,0.009167451756804779
moddeg_v2,AP,mur_mid@bin7,31969,0.007434139313081567
moddeg_v2,AP,mur_hi@bin1,33258,0.005144420237146563
moddeg_v2,AP,mur_hi@bin2,33085,0.006701749866772633
moddeg_v2,AP,mur_hi@bin3,32626,0.0076168600204044035
moddeg_v2,AP,mur_hi@bin4,32499,0.007408727386643332
moddeg_v2,AP,mur_hi@bin5,32318,0.008673648089718378
moddeg_v2,AP,mur_hi@bin6,32153,0.008583691592483511
moddeg_v2,AP,mur_hi@bin7,32168,0.00857357291757288
moddeg_v2,DIO,n_intpts_x@bin1,77142,0.0101246647654466
moddeg_v2,DIO,n_intpts_x@bin2,35315,0.024116918179154845
moddeg_v2,DIO,n_intpts_x@bin3,28153,0.03677144883523231
moddeg_v2,DIO,n_intpts_x@bin4,26328,0.04005352850976662
moddeg_v3,GAL,class_size=1,177945,0.011215587737297472
moddeg_v3,GAL,class_size=2,69118,0.17790598133924684
moddeg_v3,GAL,class_size=4,12781,0.203633947757503
moddeg_v3,GAL,class_size=3,988,0.6084097640648113
moddeg_v3,GAL,class_size=6,914,0.16640099836746625
moddeg_v3,GAL,max_isogeny_degree@bin1,55171,0.0035924062951638858
moddeg_v3,GAL,max_isogeny_degree@bin2,23819,0.3700302747435381
moddeg_v3,GAL,max_isogeny_degree@bin3,4993,0.544234416164314
moddeg_v3,GAL,has_2_isog,69020,0.049001049838038324
moddeg_v3,GAL,has_3_isog,15141,0.5283296382845417
moddeg_v3,GAL,has_5_isog,1185,0.067171939695583
moddeg_v3,GAL,two_adic_log_index=0.0,189235,0.07810953054044645
moddeg_v3,GAL,two_adic_log_index=1.584962500721156,45535,0.053148063717358585
moddeg_v3,GAL,two_adic_log_index=2.584962500721156,14448,0.049968567715954704
moddeg_v3,GAL,two_adic_log_index=3.584962500721156,7301,0.025683309572195667
moddeg_v3,GAL,two_adic_log_index=1.0,3069,0.275871422564543
moddeg_v3,GAL,two_adic_log_index=4.584962500721156,1333,0.017211271781007342
moddeg_v3,GAL,two_adic_level=1,189235,0.07810953054044645
moddeg_v3,GAL,two_adic_level=2,46290,0.057726136987732435
moddeg_v3,GAL,two_adic_level=8,14696,0.07611641291494264
moddeg_v3,GAL,two_adic_level=4,10956,0.062402571468700097
moddeg_v3,GAL,two_adic_level=16,643,-0.015537648138739035
moddeg_v3,GAL,n_nonsurj_primes=0,176512,0.007541782259516183
moddeg_v3,GAL,n_nonsurj_primes=1,83479,0.17696695335166468
moddeg_v3,GAL,exceptional_image,1657,0.36418314041991307
moddeg_v3,GAL,v2_torsion=0,192908,0.08143837849940694
moddeg_v3,GAL,v2_torsion=1,66336,0.0501822122936465
moddeg_v3,GAL,v2_torsion=2,2673,0.014473761514412598
moddeg_v3,GAL,odd_torsion=1,256207,0.07527502733186775
moddeg_v3,GAL,odd_torsion=3,5494,0.02816671945079463
moddeg_v3,LOC,n_split_mult=1,99098,0.1700463022369969
moddeg_v3,LOC,n_split_mult=2,74924,0.23793599768601936
moddeg_v3,LOC,n_split_mult=0,52189,0.14120356902798148
moddeg_v3,LOC,n_split_mult=3,28757,0.3174762504637977
moddeg_v3,LOC,n_split_mult=4,6752,0.3896718488812648
moddeg_v3,LOC,n_split_mult=5,557,0.4181671182416974
moddeg_v3,LOC,n_nonsplit_mult=1,101157,0.2146268118434954
moddeg_v3,LOC,n_nonsplit_mult=2,73876,0.1699265584734797
moddeg_v3,LOC,n_nonsplit_mult=0,52816,0.2847949386438069
moddeg_v3,LOC,n_nonsplit_mult=3,27847,0.145151643814587
moddeg_v3,LOC,n_nonsplit_mult=4,5884,0.10470257229966562
moddeg_v3,LOC,n_nonsplit_mult=5,695,0.07606944885482436
moddeg_v3,LOC,n_additive=1,118084,0.1399571141575161
moddeg_v3,LOC,n_additive=0,70761,0.28917130310533734
moddeg_v3,LOC,n_additive=2,61957,0.19741980713116258
moddeg_v3,LOC,n_additive=3,11140,0.3604037252071227
moddeg_v3,LOC,n_kod_In=3,82946,0.19403214707802352
moddeg_v3,LOC,n_kod_In=2,75991,0.15425181635337182
moddeg_v3,LOC,n_kod_In=4,50750,0.2481701091139703
moddeg_v3,LOC,n_kod_In=1,31301,0.21004342358736516
moddeg_v3,LOC,n_kod_In=5,15458,0.2724397213808972
moddeg_v3,LOC,n_kod_In=0,3786,0.4585019464664508
moddeg_v3,LOC,n_kod_II=0,233558,0.20417824481552316
moddeg_v3,LOC,n_kod_II=1,27709,0.21216446912724252
moddeg_v3,LOC,n_kod_II=2,1028,0.3830234343121962
moddeg_v3,LOC,n_kod_III=0,235590,0.20469971880096305
moddeg_v3,LOC,n_kod_III=1,25772,0.21692291571130418
moddeg_v3,LOC,n_kod_III=2,935,0.28955892971882746
moddeg_v3,LOC,n_kod_IV=0,241722,0.20166673710360794
moddeg_v3,LOC,n_kod_IV=1,20115,0.2450993822535159
moddeg_v3,LOC,n_kod_I0s=0,229475,0.21465237714158902
moddeg_v3,LOC,n_kod_I0s=1,31515,0.15368298007063097
moddeg_v3,LOC,n_kod_I0s=2,1306,0.08383915275080678
moddeg_v3,LOC,n_kod_Ins=0,172533,0.22797726731006063
moddeg_v3,LOC,n_kod_Ins=1,78922,0.1580006520010766
moddeg_v3,LOC,n_kod_Ins=2,10452,0.19752058796433758
moddeg_v3,LOC,n_kod_IIs=0,246684,0.20562679560232788
moddeg_v3,LOC,n_kod_IIs=1,15210,0.20534711297357078
moddeg_v3,LOC,n_kod_IIIs=0,241834,0.20871429829735544
moddeg_v3,LOC,n_kod_IIIs=1,19823,0.16984661697076653
moddeg_v3,LOC,n_kod_IIIs=2,644,0.13830578587143594
moddeg_v3,LOC,n_kod_IVs=0,237419,0.19835549111848583
moddeg_v3,LOC,n_kod_IVs=1,23849,0.24782308190090974
moddeg_v3,LOC,n_kod_IVs=2,1025,0.5341851295884916
moddeg_v3,LOC,v2_tamagawa@bin1,67820,0.20383215509044594
moddeg_v3,LOC,v2_tamagawa@bin2,45770,0.19175015901773484
moddeg_v3,LOC,v2_tamagawa@bin3,24703,0.1941969938709005
moddeg_v3,LOC,v2_tamagawa@bin4,10419,0.21003472722390426
moddeg_v3,LOC,v2_tamagawa@bin5,5156,0.23010416965396174
moddeg_v3,LOC,v3_tamagawa=0,185969,0.16335854792749127
moddeg_v3,LOC,v3_tamagawa=1,59660,0.19002701241547182
moddeg_v3,LOC,v3_tamagawa=2,12938,0.4787157312976382
moddeg_v3,LOC,v3_tamagawa=3,3028,0.6214344371507166
moddeg_v3,LOC,v3_tamagawa=4,620,0.6842226398400955
moddeg_v3,LOC,v5_tamagawa=0,236930,0.20090023842168148
moddeg_v3,LOC,v5_tamagawa=1,23915,0.2512604548716578
moddeg_v3,LOC,v5_tamagawa=2,1325,0.3240845224249137
moddeg_v3,LOC,v7_tamagawa=0,249549,0.20376630197467305
moddeg_v3,LOC,v7_tamagawa=1,12483,0.2502637623849774
moddeg_v3,LOC,log_odd_tamagawa@bin1,48841,0.20552308332489477
moddeg_v3,LOC,log_odd_tamagawa@bin2,33341,0.35014035254538445
moddeg_v3,LOC,log_odd_tamagawa@bin3,26211,0.3456599878690948
moddeg_v3,AN,root_number=-1,133074,0.05759794515883543
moddeg_v3,AN,v2_sha=0,253268,0.05434083636002318
moddeg_v3,AN,v2_sha=2,8358,0.0529587513494556
moddeg_v3,AN,v2_sha=4,645,0.061304637063885004
moddeg_v3,AN,v5_sha=0,261734,0.05408944542621996
moddeg_v3,AN,v5_sha=2,576,0.12420623128948727
moddeg_v3,AN,v7_sha=0,262148,0.05428869162059502
moddeg_v3,AN,log_odd_sha@bin1,4004,0.04424559737671341
moddeg_v3,AN,petersson_resid@bin1,32094,0.05612076163516666
moddeg_v3,AN,petersson_resid@bin2,31867,0.060391796195304326
moddeg_v3,AN,petersson_resid@bin3,31276,0.053343286688752545
moddeg_v3,AN,petersson_resid@bin4,31500,0.052413732322875495
moddeg_v3,AN,petersson_resid@bin5,31657,0.04513977619371379
moddeg_v3,AN,petersson_resid@bin6,32822,0.0518109264578831
moddeg_v3,AN,petersson_resid@bin7,36973,0.0581452846749535
moddeg_v3,AN,log_regulator@bin1,103782,0.04961644088009898
moddeg_v3,AN,log_regulator@bin2,26357,0.0709896986584777
moddeg_v3,AN,log_regulator@bin3,33991,0.05097140839743963
moddeg_v3,AN,log_regulator@bin4,30613,0.05365261009638367
moddeg_v3,AN,log_regulator@bin5,25888,0.07372732513102243
moddeg_v3,AN,log_omega@bin1,26869,0.05968543351835909
moddeg_v3,AN,log_omega@bin2,29014,0.032082906168224956
moddeg_v3,AN,log_omega@bin3,30903,0.014311270814664212
moddeg_v3,AN,log_omega@bin4,32736,0.00897549065192571
moddeg_v3,AN,log_omega@bin5,35311,0.01842348221784096
moddeg_v3,AN,log_omega@bin6,38629,0.04648682020920292
moddeg_v3,AN,log_omega@bin7,43950,0.14124036920122562
moddeg_v3,EQ,log_abs_disc@bin1,39954,0.10785598202746749
moddeg_v3,EQ,log_abs_disc@bin2,36180,0.06795587650673784
moddeg_v3,EQ,log_abs_disc@bin3,33020,0.060271686108316014
moddeg_v3,EQ,log_abs_disc@bin4,30750,0.0698933907279119
moddeg_v3,EQ,log_abs_disc@bin5,28169,0.09011544931237225
moddeg_v3,EQ,log_abs_disc@bin6,25932,0.1235904292920692
moddeg_v3,EQ,log_abs_disc@bin7,23512,0.15402633960961087
moddeg_v3,EQ,log_j_height@bin1,39183,0.14151443419461818
moddeg_v3,EQ,log_j_height@bin2,36447,0.13437647906575267
moddeg_v3,EQ,log_j_height@bin3,34296,0.12764657867669538
moddeg_v3,EQ,log_j_height@bin4,31663,0.11113827206329585
moddeg_v3,EQ,log_j_height@bin5,28762,0.09738498103673987
moddeg_v3,EQ,log_j_height@bin6,26688,0.08393319279864053
moddeg_v3,EQ,log_j_height@bin7,23252,0.07446813730360902
moddeg_v3,EQ,disc_sign=-1,165850,0.10906090221238118
moddeg_v3,EQ,log_abs_c4@bin1,40553,0.10570662048905177
moddeg_v3,EQ,log_abs_c4@bin2,36828,0.08344569323039697
moddeg_v3,EQ,log_abs_c4@bin3,33713,0.07016848682851462
moddeg_v3,EQ,log_abs_c4@bin4,31058,0.07647988019218654
moddeg_v3,EQ,log_abs_c4@bin5,28028,0.0968938051073639
moddeg_v3,EQ,log_abs_c4@bin6,25014,0.12174941388504634
moddeg_v3,EQ,log_abs_c4@bin7,22175,0.15086168033521918
moddeg_v3,EQ,c4_sign=1.0,203633,0.11410675316499042
moddeg_v3,EQ,c4_sign=-1.0,58429,0.10665850177312453
moddeg_v3,EQ,c6_sign=-1.0,132490,0.11079129833078338
moddeg_v3,EQ,c6_sign=1.0,129711,0.11487181370445154
moddeg_v3,AP,nagao_100@bin1,32529,0.009399047642036917
moddeg_v3,AP,nagao_100@bin2,31567,0.0047710851624096495
moddeg_v3,AP,nagao_100@bin3,31846,0.006740103182490853
moddeg_v3,AP,nagao_100@bin4,32430,0.005164630026763262
moddeg_v3,AP,nagao_100@bin5,32777,0.006465323901656772
moddeg_v3,AP,nagao_100@bin6,32807,0.008740446898408583
moddeg_v3,AP,nagao_100@bin7,32868,0.008652021644229069
moddeg_v3,AP,nagao_300@bin1,31536,0.008859288953146693
moddeg_v3,AP,nagao_300@bin2,31815,0.006623981073439977
moddeg_v3,AP,nagao_300@bin3,32380,0.004447714417847304
moddeg_v3,AP,nagao_300@bin4,32609,0.00669320999587153
moddeg_v3,AP,nagao_300@bin5,32992,0.007491032035762846
moddeg_v3,AP,nagao_300@bin6,32077,0.005551524459751378
moddeg_v3,AP,nagao_300@bin7,32722,0.009659558281489011
moddeg_v3,AP,nagao_1000@bin1,31309,0.010978969959374418
moddeg_v3,AP,nagao_1000@bin2,32152,0.006723432040538713
moddeg_v3,AP,nagao_1000@bin3,32694,0.0050981681682823465
moddeg_v3,AP,nagao_1000@bin4,32635,0.006432281607853807
moddeg_v3,AP,nagao_1000@bin5,32675,0.006220679684926234
moddeg_v3,AP,nagao_1000@bin6,31636,0.005995869398629727
moddeg_v3,AP,nagao_1000@bin7,32580,0.01022009667854984
moddeg_v3,AP,frac_even@bin1,45533,0.005782682581034537
moddeg_v3,AP,frac_even@bin2,40215,0.008080020422661538
moddeg_v3,AP,frac_even@bin3,42504,0.012673888870173067
moddeg_v3,AP,frac_even@bin4,86721,0.0017491846774549957
moddeg_v3,AP,frac_zero@bin1,41315,0.007514320218069193
moddeg_v3,AP,frac_zero@bin2,35394,0.005303797139442956
moddeg_v3,AP,frac_zero@bin3,36172,0.005713731461735372
moddeg_v3,AP,frac_zero@bin4,32925,0.0051892109888520555
moddeg_v3,AP,frac_zero@bin5,25823,0.003144355161469603
moddeg_v3,AP,frac_zero@bin6,26469,0.004166820562028994
moddeg_v3,AP,frac_zero@bin7,20460,0.020924117847890278
moddeg_v3,AP,st_mean@bin1,32855,0.009031477965419477
moddeg_v3,AP,st_mean@bin2,32326,0.007976048834669847
moddeg_v3,AP,st_mean@bin3,32436,0.006952703514144676
moddeg_v3,AP,st_mean@bin4,32459,0.005968657825125012
moddeg_v3,AP,st_mean@bin5,32315,0.007520622315231096
moddeg_v3,AP,st_mean@bin6,32067,0.007580114469508792
moddeg_v3,AP,st_mean@bin7,32221,0.008222209141969916
moddeg_v3,AP,st_m2@bin1,32653,0.008744684650424661
moddeg_v3,AP,st_m2@bin2,32337,0.010145147653825681
moddeg_v3,AP,st_m2@bin3,32865,0.008103269293626258
moddeg_v3,AP,st_m2@bin4,32814,0.007141687632097438
moddeg_v3,AP,st_m2@bin5,32794,0.008607061899631896
moddeg_v3,AP,st_m2@bin6,32830,0.0060766989243850045
moddeg_v3,AP,st_m2@bin7,33301,0.005061012947221166
moddeg_v3,AP,mur_lo@bin1,32626,0.008625844863799248
moddeg_v3,AP,mur_lo@bin2,31897,0.007087584687368698
moddeg_v3,AP,mur_lo@bin3,32354,0.0068763177183337465
moddeg_v3,AP,mur_lo@bin4,32535,0.005240900438230112
moddeg_v3,AP,mur_lo@bin5,32677,0.006057962295736075
moddeg_v3,AP,mur_lo@bin6,32767,0.009655700452494753
moddeg_v3,AP,mur_lo@bin7,32568,0.007063258835525055
moddeg_v3,AP,mur_mid@bin1,33400,0.00795928753290942
moddeg_v3,AP,mur_mid@bin2,32950,0.006204237123951684
moddeg_v3,AP,mur_mid@bin3,32677,0.007111126820105618
moddeg_v3,AP,mur_mid@bin4,32580,0.007702405021790648
moddeg_v3,AP,mur_mid@bin5,32183,0.008253924188753592
moddeg_v3,AP,mur_mid@bin6,32460,0.0075272789388155514
moddeg_v3,AP,mur_mid@bin7,32014,0.0070608689840122585
moddeg_v3,AP,mur_hi@bin1,33300,0.006149171844920587
moddeg_v3,AP,mur_hi@bin2,33158,0.009080290802760294
moddeg_v3,AP,mur_hi@bin3,32666,0.006534131292063816
moddeg_v3,AP,mur_hi@bin4,32548,0.007453286767036826
moddeg_v3,AP,mur_hi@bin5,32360,0.00862894434217587
moddeg_v3,AP,mur_hi@bin6,32198,0.008468378759838413
moddeg_v3,AP,mur_hi@bin7,32220,0.006872850526855934
moddeg_v3,DIO,n_intpts_x@bin1,77281,0.0016893818277706751
moddeg_v3,DIO,n_intpts_x@bin2,35357,0.001954318030273461
moddeg_v3,DIO,n_intpts_x@bin3,28193,0.005117934785461298
moddeg_v3,DIO,n_intpts_x@bin4,26342,0.003249054731788714
moddeg_v5,GAL,class_size=1,177945,0.0011332343552963309
moddeg_v5,GAL,class_size=2,69118,0.0687579548579974
moddeg_v5,GAL,class_size=4,12781,0.048625947707706785
moddeg_v5,GAL,class_size=3,988,0.08303406792428625
moddeg_v5,GAL,class_size=6,914,0.047857643044544984
moddeg_v5,GAL,max_isogeny_degree@bin1,55171,0.0012501453095065118
moddeg_v5,GAL,max_isogeny_degree@bin2,23819,0.018021692973959502
moddeg_v5,GAL,max_isogeny_degree@bin3,4993,0.500096733573382
moddeg_v5,GAL,has_2_isog,69020,0.009601467196362012
moddeg_v5,GAL,has_3_isog,15141,0.02099855563226971
moddeg_v5,GAL,has_5_isog,1185,0.7020426369486685
moddeg_v5,GAL,two_adic_log_index=0.0,189235,0.02323942677812929
moddeg_v5,GAL,two_adic_log_index=1.584962500721156,45535,0.006574127198076707
moddeg_v5,GAL,two_adic_log_index=2.584962500721156,14448,0.01589935317118596
moddeg_v5,GAL,two_adic_log_index=3.584962500721156,7301,0.014157359739777498
moddeg_v5,GAL,two_adic_log_index=1.0,3069,0.04026894080042498
moddeg_v5,GAL,two_adic_log_index=4.584962500721156,1333,0.03214900348296157
moddeg_v5,GAL,two_adic_level=1,189235,0.02323942677812929
moddeg_v5,GAL,two_adic_level=2,46290,0.006469471611438515
moddeg_v5,GAL,two_adic_level=8,14696,0.021976995953065015
moddeg_v5,GAL,two_adic_level=4,10956,0.01553809937611661
moddeg_v5,GAL,two_adic_level=16,643,0.09045744557751512
moddeg_v5,GAL,n_nonsurj_primes=0,176512,0.000985751263745116
moddeg_v5,GAL,n_nonsurj_primes=1,83479,0.0629436794287005
moddeg_v5,GAL,exceptional_image,1657,0.012337832685132
moddeg_v5,GAL,v2_torsion=0,192908,0.023468033353580275
moddeg_v5,GAL,v2_torsion=1,66336,0.00991854139547299
moddeg_v5,GAL,v2_torsion=2,2673,-0.0005587908870972047
moddeg_v5,GAL,odd_torsion=1,256207,0.01887052546635215
moddeg_v5,GAL,odd_torsion=3,5494,0.0035247662055638562
moddeg_v5,LOC,n_split_mult=1,99098,0.11121100949019458
moddeg_v5,LOC,n_split_mult=2,74924,0.2256378540476065
moddeg_v5,LOC,n_split_mult=0,52189,0.015251331177811522
moddeg_v5,LOC,n_split_mult=3,28757,0.31745293961635723
moddeg_v5,LOC,n_split_mult=4,6752,0.4502741473460796
moddeg_v5,LOC,n_split_mult=5,557,0.4842415266537492
moddeg_v5,LOC,n_nonsplit_mult=1,101157,0.18236306625264753
moddeg_v5,LOC,n_nonsplit_mult=2,73876,0.14116407764638272
moddeg_v5,LOC,n_nonsplit_mult=0,52816,0.21474951176742596
moddeg_v5,LOC,n_nonsplit_mult=3,27847,0.0937032863475562
moddeg_v5,LOC,n_nonsplit_mult=4,5884,0.0486656995879402
moddeg_v5,LOC,n_nonsplit_mult=5,695,0.00851259058171594
moddeg_v5,LOC,n_additive=1,118084,0.15762759557391004
moddeg_v5,LOC,n_additive=0,70761,0.2225602952400786
moddeg_v5,LOC,n_additive=2,61957,0.11088685330430992
moddeg_v5,LOC,n_additive=3,11140,0.08792949637700442
moddeg_v5,LOC,n_kod_In=3,82946,0.17663262628311516
moddeg_v5,LOC,n_kod_In=2,75991,0.11415715259395043
moddeg_v5,LOC,n_kod_In=4,50750,0.21907327002764643
moddeg_v5,LOC,n_kod_In=1,31301,0.05211678340928361
moddeg_v5,LOC,n_kod_In=5,15458,0.26216699955298783
moddeg_v5,LOC,n_kod_In=0,3786,0.051448183025168515
moddeg_v5,LOC,n_kod_II=0,233558,0.16313948526350974
moddeg_v5,LOC,n_kod_II=1,27709,0.14990379634759876
moddeg_v5,LOC,n_kod_II=2,1028,0.14135322969455288
moddeg_v5,LOC,n_kod_III=0,235590,0.16374009936129819
moddeg_v5,LOC,n_kod_III=1,25772,0.14096410869928488
moddeg_v5,LOC,n_kod_III=2,935,0.15475456640132812
moddeg_v5,LOC,n_kod_IV=0,241722,0.16261763476477498
moddeg_v5,LOC,n_kod_IV=1,20115,0.15329362669477875
moddeg_v5,LOC,n_kod_I0s=0,229475,0.16668564084180792
moddeg_v5,LOC,n_kod_I0s=1,31515,0.13192415458005335
moddeg_v5,LOC,n_kod_I0s=2,1306,0.11905038673049217
moddeg_v5,LOC,n_kod_Ins=0,172533,0.1808136087966531
moddeg_v5,LOC,n_kod_Ins=1,78922,0.12872421235605613
moddeg_v5,LOC,n_kod_Ins=2,10452,0.07834013320641697
moddeg_v5,LOC,n_kod_IIs=0,246684,0.1656899382437218
moddeg_v5,LOC,n_kod_IIs=1,15210,0.109359659154034
moddeg_v5,LOC,n_kod_IIIs=0,241834,0.16519483643171518
moddeg_v5,LOC,n_kod_IIIs=1,19823,0.12482441419335577
moddeg_v5,LOC,n_kod_IIIs=2,644,0.14111304104862576
moddeg_v5,LOC,n_kod_IVs=0,237419,0.16542338779454935
moddeg_v5,LOC,n_kod_IVs=1,23849,0.13135836195440587
moddeg_v5,LOC,n_kod_IVs=2,1025,0.11663354775989465
moddeg_v5,LOC,v2_tamagawa@bin1,67820,0.151930147614468
moddeg_v5,LOC,v2_tamagawa@bin2,45770,0.14968064217577426
moddeg_v5,LOC,v2_tamagawa@bin3,24703,0.15104695214094965
moddeg_v5,LOC,v2_tamagawa@bin4,10419,0.14964825868053133
moddeg_v5,LOC,v2_tamagawa@bin5,5156,0.14540103979717411
moddeg_v5,LOC,v3_tamagawa=0,185969,0.15643045429577596
moddeg_v5,LOC,v3_tamagawa=1,59660,0.17499503460945076
moddeg_v5,LOC,v3_tamagawa=2,12938,0.17901031931011968
moddeg_v5,LOC,v3_tamagawa=3,3028,0.172109989920595
moddeg_v5,LOC,v3_tamagawa=4,620,0.17093658723981076
moddeg_v5,LOC,v5_tamagawa=0,236930,0.04235143898991667
moddeg_v5,LOC,v5_tamagawa=1,23915,0.5837610588179072
moddeg_v5,LOC,v5_tamagawa=2,1325,0.850714487213156
moddeg_v5,LOC,v7_tamagawa=0,249549,0.1607911160131439
moddeg_v5,LOC,v7_tamagawa=1,12483,0.18214173280086654
moddeg_v5,LOC,log_odd_tamagawa@bin1,48841,0.052984144257215315
moddeg_v5,LOC,log_odd_tamagawa@bin2,33341,0.4147293570981043
moddeg_v5,LOC,log_odd_tamagawa@bin3,26211,0.44719757548825556
moddeg_v5,AN,root_number=-1,133074,0.0415606598003907
moddeg_v5,AN,v2_sha=0,253268,0.03963919402720373
moddeg_v5,AN,v2_sha=2,8358,0.03844606313617871
moddeg_v5,AN,v2_sha=4,645,0.0575040286058186
moddeg_v5,AN,v3_sha=0,259077,0.0395175007751255
moddeg_v5,AN,v3_sha=2,3209,0.045130477380374345
moddeg_v5,AN,v7_sha=0,262148,0.03965101969255824
moddeg_v5,AN,log_odd_sha@bin1,4004,0.04545846099096107
moddeg_v5,AN,petersson_resid@bin1,32094,0.040336120575723555
moddeg_v5,AN,petersson_resid@bin2,31867,0.03662808161397513
moddeg_v5,AN,petersson_resid@bin3,31276,0.041157751574979695
moddeg_v5,AN,petersson_resid@bin4,31500,0.04114618702740669
moddeg_v5,AN,petersson_resid@bin5,31657,0.03996833926726162
moddeg_v5,AN,petersson_resid@bin6,32822,0.04243167952049076
moddeg_v5,AN,petersson_resid@bin7,36973,0.03498178031545618
moddeg_v5,AN,log_regulator@bin1,103782,0.03796277440899576
moddeg_v5,AN,log_regulator@bin2,26357,0.0479189596387134
moddeg_v5,AN,log_regulator@bin3,33991,0.04056223766296796
moddeg_v5,AN,log_regulator@bin4,30613,0.030550511640140554
moddeg_v5,AN,log_regulator@bin5,25888,0.043598827275722174
moddeg_v5,AN,log_omega@bin1,26869,0.04156572229486477
moddeg_v5,AN,log_omega@bin2,29014,0.014747385710326855
moddeg_v5,AN,log_omega@bin3,30903,0.007670858333414854
moddeg_v5,AN,log_omega@bin4,32736,0.006404517871800186
moddeg_v5,AN,log_omega@bin5,35311,0.01870506999912358
moddeg_v5,AN,log_omega@bin6,38629,0.040608422152293544
moddeg_v5,AN,log_omega@bin7,43950,0.08185970047325997
moddeg_v5,EQ,log_abs_disc@bin1,39954,0.05202401674251722
moddeg_v5,EQ,log_abs_disc@bin2,36180,0.022804500629442392
moddeg_v5,EQ,log_abs_disc@bin3,33020,0.010057501858138584
moddeg_v5,EQ,log_abs_disc@bin4,30750,0.00783565270066422
moddeg_v5,EQ,log_abs_disc@bin5,28169,0.026264714675981127
moddeg_v5,EQ,log_abs_disc@bin6,25932,0.05361990646175219
moddeg_v5,EQ,log_abs_disc@bin7,23512,0.12068050966585964
moddeg_v5,EQ,log_j_height@bin1,39183,0.058321591236022985
moddeg_v5,EQ,log_j_height@bin2,36447,0.04542405380574932
moddeg_v5,EQ,log_j_height@bin3,34296,0.040110399082907144
moddeg_v5,EQ,log_j_height@bin4,31663,0.03899622965723348
moddeg_v5,EQ,log_j_height@bin5,28762,0.03721307071365365
moddeg_v5,EQ,log_j_height@bin6,26688,0.05235795339542515
moddeg_v5,EQ,log_j_height@bin7,23252,0.07642095771509771
moddeg_v5,EQ,disc_sign=-1,165850,0.05065732071127094
moddeg_v5,EQ,log_abs_c4@bin1,40553,0.048295945788145
moddeg_v5,EQ,log_abs_c4@bin2,36828,0.02387388787705902
moddeg_v5,EQ,log_abs_c4@bin3,33713,0.015410135205174091
moddeg_v5,EQ,log_abs_c4@bin4,31058,0.01808114786067072
moddeg_v5,EQ,log_abs_c4@bin5,28028,0.030863516659063728
moddeg_v5,EQ,log_abs_c4@bin6,25014,0.05499768654464099
moddeg_v5,EQ,log_abs_c4@bin7,22175,0.11935073372826355
moddeg_v5,EQ,c4_sign=1.0,203633,0.051628536143143444
moddeg_v5,EQ,c4_sign=-1.0,58429,0.050466713476984615
moddeg_v5,EQ,c6_sign=-1.0,132490,0.05014995795631405
moddeg_v5,EQ,c6_sign=1.0,129711,0.05252575173221685
moddeg_v5,AP,nagao_100@bin1,32529,0.004431114165812655
moddeg_v5,AP,nagao_100@bin2,31567,0.0014210715488047754
moddeg_v5,AP,nagao_100@bin3,31846,0.0008210750181931736
moddeg_v5,AP,nagao_100@bin4,32430,0.0005976132297186298
moddeg_v5,AP,nagao_100@bin5,32777,0.0009089796403687345
moddeg_v5,AP,nagao_100@bin6,32807,-9.886349105481251e-05
moddeg_v5,AP,nagao_100@bin7,32868,0.0013843146680692087
moddeg_v5,AP,nagao_300@bin1,31536,0.004952639206179499
moddeg_v5,AP,nagao_300@bin2,31815,0.0009624146356381758
moddeg_v5,AP,nagao_300@bin3,32380,0.0002870829918275586
moddeg_v5,AP,nagao_300@bin4,32609,0.0007188385461243119
moddeg_v5,AP,nagao_300@bin5,32992,0.0003862301060902906
moddeg_v5,AP,nagao_300@bin6,32077,0.0006532475479514854
moddeg_v5,AP,nagao_300@bin7,32722,0.0015533930744583424
moddeg_v5,AP,nagao_1000@bin1,31309,0.003571100564402241
moddeg_v5,AP,nagao_1000@bin2,32152,0.0012998808934352457
moddeg_v5,AP,nagao_1000@bin3,32694,0.0012095269676645204
moddeg_v5,AP,nagao_1000@bin4,32635,0.0008251053434442657
moddeg_v5,AP,nagao_1000@bin5,32675,0.0010363997214247744
moddeg_v5,AP,nagao_1000@bin6,31636,0.0007711391640551346
moddeg_v5,AP,nagao_1000@bin7,32580,0.0010215413667161721
moddeg_v5,AP,frac_even@bin1,45533,0.001606643984023548
moddeg_v5,AP,frac_even@bin2,40215,0.0014405690369903024
moddeg_v5,AP,frac_even@bin3,42504,0.002293897933087208
moddeg_v5,AP,frac_even@bin4,86721,0.0022742000464625045
moddeg_v5,AP,frac_zero@bin1,41315,0.0016935891746610032
moddeg_v5,AP,frac_zero@bin2,35394,0.0024896627581895148
moddeg_v5,AP,frac_zero@bin3,36172,0.0027068375904821806
moddeg_v5,AP,frac_zero@bin4,32925,0.002394018707570944
moddeg_v5,AP,frac_zero@bin5,25823,0.0014371928536521805
moddeg_v5,AP,frac_zero@bin6,26469,0.0007232854609388051
moddeg_v5,AP,frac_zero@bin7,20460,0.0011947266348915075
moddeg_v5,AP,st_mean@bin1,32855,0.0022882738359606414
moddeg_v5,AP,st_mean@bin2,32326,0.0022896538351996343
moddeg_v5,AP,st_mean@bin3,32436,0.00204795083859155
moddeg_v5,AP,st_mean@bin4,32459,0.0013180164598970423
moddeg_v5,AP,st_mean@bin5,32315,0.0014909409850721866
moddeg_v5,AP,st_mean@bin6,32067,0.001248434485233263
moddeg_v5,AP,st_mean@bin7,32221,0.0006885970561485433
moddeg_v5,AP,st_m2@bin1,32653,0.0013893161022952016
moddeg_v5,AP,st_m2@bin2,32337,0.002312110402864165
moddeg_v5,AP,st_m2@bin3,32865,0.001592317346085781
moddeg_v5,AP,st_m2@bin4,32814,0.002267971398985935
moddeg_v5,AP,st_m2@bin5,32794,0.0016690553428831967
moddeg_v5,AP,st_m2@bin6,32830,0.002395854679770215
moddeg_v5,AP,st_m2@bin7,33301,0.0014861237952757955
moddeg_v5,AP,mur_lo@bin1,32626,0.004217213323068347
moddeg_v5,AP,mur_lo@bin2,31897,0.001603206536989421
moddeg_v5,AP,mur_lo@bin3,32354,0.0011138359152214061
moddeg_v5,AP,mur_lo@bin4,32535,0.0011348543932296895
moddeg_v5,AP,mur_lo@bin5,32677,0.0006501807519935232
moddeg_v5,AP,mur_lo@bin6,32767,0.00011987714669148275
moddeg_v5,AP,mur_lo@bin7,32568,0.0011387848899121478
moddeg_v5,AP,mur_mid@bin1,33400,0.0020844809866027436
moddeg_v5,AP,mur_mid@bin2,32950,0.0035390257130806235
moddeg_v5,AP,mur_mid@bin3,32677,0.0019716609234479154
moddeg_v5,AP,mur_mid@bin4,32580,0.0019511820524413803
moddeg_v5,AP,mur_mid@bin5,32183,0.0012078445507878177
moddeg_v5,AP,mur_mid@bin6,32460,0.0012948218683733748
moddeg_v5,AP,mur_mid@bin7,32014,0.001190993232364046
moddeg_v5,AP,mur_hi@bin1,33300,0.0019212912622579292
moddeg_v5,AP,mur_hi@bin2,33158,0.0019423074138800178
moddeg_v5,AP,mur_hi@bin3,32666,0.002798599141801028
moddeg_v5,AP,mur_hi@bin4,32548,0.0020153546839686287
moddeg_v5,AP,mur_hi@bin5,32360,0.0012018496269702306
moddeg_v5,AP,mur_hi@bin6,32198,0.0023126586915017677
moddeg_v5,AP,mur_hi@bin7,32220,0.001045839577247798
moddeg_v5,DIO,n_intpts_x@bin1,77281,0.0008790920489464282
moddeg_v5,DIO,n_intpts_x@bin2,35357,0.0001569394358259535
moddeg_v5,DIO,n_intpts_x@bin3,28193,-0.0002807269506988064
moddeg_v5,DIO,n_intpts_x@bin4,26342,0.0011365367537513604
moddeg_v7,GAL,class_size=1,177945,0.0006473037178107433
moddeg_v7,GAL,class_size=2,69118,0.021341816168453653
moddeg_v7,GAL,class_size=4,12781,0.021883288159893488
moddeg_v7,GAL,class_size=3,988,0.0422614065416963
moddeg_v7,GAL,class_size=6,914,0.07836736605013295
moddeg_v7,GAL,max_isogeny_degree@bin1,55171,0.0011804776179032972
moddeg_v7,GAL,max_isogeny_degree@bin2,23819,0.01789430544427295
moddeg_v7,GAL,max_isogeny_degree@bin3,4993,0.23713414478943828
moddeg_v7,GAL,has_2_isog,69020,0.005236829663516351
moddeg_v7,GAL,has_3_isog,15141,0.01892552819033133
moddeg_v7,GAL,has_5_isog,1185,0.03493846949465462
moddeg_v7,GAL,two_adic_log_index=0.0,189235,0.006638610591924721
moddeg_v7,GAL,two_adic_log_index=1.584962500721156,45535,0.001255407639758399
moddeg_v7,GAL,two_adic_log_index=2.584962500721156,14448,0.01188872560616916
moddeg_v7,GAL,two_adic_log_index=3.584962500721156,7301,0.01686071936859934
moddeg_v7,GAL,two_adic_log_index=1.0,3069,0.016551552802422598
moddeg_v7,GAL,two_adic_log_index=4.584962500721156,1333,0.03506018064232219
moddeg_v7,GAL,two_adic_level=1,189235,0.006638610591924721
moddeg_v7,GAL,two_adic_level=2,46290,0.001964056785546342
moddeg_v7,GAL,two_adic_level=8,14696,0.013073821644845163
moddeg_v7,GAL,two_adic_level=4,10956,0.014010418785861622
moddeg_v7,GAL,two_adic_level=16,643,0.04766742691777237
moddeg_v7,GAL,n_nonsurj_primes=0,176512,0.00045716363500014623
moddeg_v7,GAL,n_nonsurj_primes=1,83479,0.022001503152325186
moddeg_v7,GAL,exceptional_image,1657,0.020491166712423015
moddeg_v7,GAL,v2_torsion=0,192908,0.006821114930533834
moddeg_v7,GAL,v2_torsion=1,66336,0.005598118981045452
moddeg_v7,GAL,v2_torsion=2,2673,-0.004640313845441835
moddeg_v7,GAL,odd_torsion=1,256207,0.006055865136495253
moddeg_v7,GAL,odd_torsion=3,5494,0.000332721211413034
moddeg_v7,LOC,n_split_mult=1,99098,0.09505990947334153
moddeg_v7,LOC,n_split_mult=2,74924,0.2063422485196056
moddeg_v7,LOC,n_split_mult=0,52189,0.007842673828907354
moddeg_v7,LOC,n_split_mult=3,28757,0.29510668228406844
moddeg_v7,LOC,n_split_mult=4,6752,0.4173667573626384
moddeg_v7,LOC,n_split_mult=5,557,0.45113121791727284
moddeg_v7,LOC,n_nonsplit_mult=1,101157,0.16034249467121997
moddeg_v7,LOC,n_nonsplit_mult=2,73876,0.12789082200590374
moddeg_v7,LOC,n_nonsplit_mult=0,52816,0.18993998402636414
moddeg_v7,LOC,n_nonsplit_mult=3,27847,0.08911267190979433
moddeg_v7,LOC,n_nonsplit_mult=4,5884,0.06595230502930727
moddeg_v7,LOC,n_nonsplit_mult=5,695,0.01444951141370343
moddeg_v7,LOC,n_additive=1,118084,0.1434154156615962
moddeg_v7,LOC,n_additive=0,70761,0.20607206138675815
moddeg_v7,LOC,n_additive=2,61957,0.09437131055255199
moddeg_v7,LOC,n_additive=3,11140,0.05143849857257665
moddeg_v7,LOC,n_kod_In=3,82946,0.15314347215332869
moddeg_v7,LOC,n_kod_In=2,75991,0.0995553221125951
moddeg_v7,LOC,n_kod_In=4,50750,0.2148777657260419
moddeg_v7,LOC,n_kod_In=1,31301,0.03485743346955539
moddeg_v7,LOC,n_kod_In=5,15458,0.2493618116008507
moddeg_v7,LOC,n_kod_In=0,3786,0.03009910225239476
moddeg_v7,LOC,n_kod_II=0,233558,0.14596764775672555
moddeg_v7,LOC,n_kod_II=1,27709,0.13995905504626172
moddeg_v7,LOC,n_kod_II=2,1028,0.1447847954227095
moddeg_v7,LOC,n_kod_III=0,235590,0.14729090637748887
moddeg_v7,LOC,n_kod_III=1,25772,0.12489907071988215
moddeg_v7,LOC,n_kod_III=2,935,0.1447171644465699
moddeg_v7,LOC,n_kod_IV=0,241722,0.1470359017252495
moddeg_v7,LOC,n_kod_IV=1,20115,0.12419535226019551
moddeg_v7,LOC,n_kod_I0s=0,229475,0.15246956311323145
moddeg_v7,LOC,n_kod_I0s=1,31515,0.09942242752487906
moddeg_v7,LOC,n_kod_I0s=2,1306,0.0663421579102298
moddeg_v7,LOC,n_kod_Ins=0,172533,0.16490746579789217
moddeg_v7,LOC,n_kod_Ins=1,78922,0.11160771000616487
moddeg_v7,LOC,n_kod_Ins=2,10452,0.06884004299674307
moddeg_v7,LOC,n_kod_IIs=0,246684,0.14807608334196043
moddeg_v7,LOC,n_kod_IIs=1,15210,0.10864818661223796
moddeg_v7,LOC,n_kod_IIIs=0,241834,0.1499303770133975
moddeg_v7,LOC,n_kod_IIIs=1,19823,0.096915028843925
moddeg_v7,LOC,n_kod_IIIs=2,644,0.11418034852228987
moddeg_v7,LOC,n_kod_IVs=0,237419,0.1496421284402678
moddeg_v7,LOC,n_kod_IVs=1,23849,0.11390919973697156
moddeg_v7,LOC,n_kod_IVs=2,1025,0.07468834735415386
moddeg_v7,LOC,v2_tamagawa@bin1,67820,0.1421544054267948
moddeg_v7,LOC,v2_tamagawa@bin2,45770,0.1263089469062687
moddeg_v7,LOC,v2_tamagawa@bin3,24703,0.12255920539446652
moddeg_v7,LOC,v2_tamagawa@bin4,10419,0.12145476692937329
moddeg_v7,LOC,v2_tamagawa@bin5,5156,0.09666138570064897
moddeg_v7,LOC,v3_tamagawa=0,185969,0.14012135553353056
moddeg_v7,LOC,v3_tamagawa=1,59660,0.1574508981400644
moddeg_v7,LOC,v3_tamagawa=2,12938,0.16690526423134922
moddeg_v7,LOC,v3_tamagawa=3,3028,0.14280644409470922
moddeg_v7,LOC,v3_tamagawa=4,620,0.13890348455956636
moddeg_v7,LOC,v5_tamagawa=0,236930,0.1442261417942623
moddeg_v7,LOC,v5_tamagawa=1,23915,0.15783117995452423
moddeg_v7,LOC,v5_tamagawa=2,1325,0.14193395010717802
moddeg_v7,LOC,v7_tamagawa=0,249549,0.019355467994500275
moddeg_v7,LOC,v7_tamagawa=1,12483,0.756526483271361
moddeg_v7,LOC,log_odd_tamagawa@bin1,48841,0.023197846333162575
moddeg_v7,LOC,log_odd_tamagawa@bin2,33341,0.41384205171074784
moddeg_v7,LOC,log_odd_tamagawa@bin3,26211,0.41648782889093905
moddeg_v7,AN,root_number=-1,133074,0.03281164465899511
moddeg_v7,AN,v2_sha=0,253268,0.030732178809416255
moddeg_v7,AN,v2_sha=2,8358,0.02525863068414791
moddeg_v7,AN,v2_sha=4,645,0.05030251921122786
moddeg_v7,AN,v3_sha=0,259077,0.030429243121966376
moddeg_v7,AN,v3_sha=2,3209,0.04184074928776982
moddeg_v7,AN,v5_sha=0,261734,0.030513985249901454
moddeg_v7,AN,v5_sha=2,576,0.06017846753612799
moddeg_v7,AN,log_odd_sha@bin1,4004,0.04645287398251052
moddeg_v7,AN,petersson_resid@bin1,32094,0.029697005837261314
moddeg_v7,AN,petersson_resid@bin2,31867,0.03148126273176488
moddeg_v7,AN,petersson_resid@bin3,31276,0.030962203161606028
moddeg_v7,AN,petersson_resid@bin4,31500,0.03318946726371996
moddeg_v7,AN,petersson_resid@bin5,31657,0.030471023146028453
moddeg_v7,AN,petersson_resid@bin6,32822,0.033179116397278996
moddeg_v7,AN,petersson_resid@bin7,36973,0.027407321675947394
moddeg_v7,AN,log_regulator@bin1,103782,0.030014076829228742
moddeg_v7,AN,log_regulator@bin2,26357,0.03794778904629226
moddeg_v7,AN,log_regulator@bin3,33991,0.028172734933478494
moddeg_v7,AN,log_regulator@bin4,30613,0.023472000694840234
moddeg_v7,AN,log_regulator@bin5,25888,0.0373787705483789
moddeg_v7,AN,log_omega@bin1,26869,0.0232678392182174
moddeg_v7,AN,log_omega@bin2,29014,0.010336223588552462
moddeg_v7,AN,log_omega@bin3,30903,0.006480517080135861
moddeg_v7,AN,log_omega@bin4,32736,0.008610329242329184
moddeg_v7,AN,log_omega@bin5,35311,0.018096447570776664
moddeg_v7,AN,log_omega@bin6,38629,0.03198885616503644
moddeg_v7,AN,log_omega@bin7,43950,0.05034097225507739
moddeg_v7,EQ,log_abs_disc@bin1,39954,0.040330892315288636
moddeg_v7,EQ,log_abs_disc@bin2,36180,0.020028540603594047
moddeg_v7,EQ,log_abs_disc@bin3,33020,0.009291259746139202
moddeg_v7,EQ,log_abs_disc@bin4,30750,0.007322431174752508
moddeg_v7,EQ,log_abs_disc@bin5,28169,0.01322895288752779
moddeg_v7,EQ,log_abs_disc@bin6,25932,0.03045272557744927
moddeg_v7,EQ,log_abs_disc@bin7,23512,0.10313759637206987
moddeg_v7,EQ,log_j_height@bin1,39183,0.04103286563136943
moddeg_v7,EQ,log_j_height@bin2,36447,0.03267246185997952
moddeg_v7,EQ,log_j_height@bin3,34296,0.027118861978864928
moddeg_v7,EQ,log_j_height@bin4,31663,0.022431827976104435
moddeg_v7,EQ,log_j_height@bin5,28762,0.02628645683358022
moddeg_v7,EQ,log_j_height@bin6,26688,0.032232837774725076
moddeg_v7,EQ,log_j_height@bin7,23252,0.07040502147229555
moddeg_v7,EQ,disc_sign=-1,165850,0.03770810788719525
moddeg_v7,EQ,log_abs_c4@bin1,40553,0.03638675530108493
moddeg_v7,EQ,log_abs_c4@bin2,36828,0.01828780748810388
moddeg_v7,EQ,log_abs_c4@bin3,33713,0.013396696259904028
moddeg_v7,EQ,log_abs_c4@bin4,31058,0.012161345520183997
moddeg_v7,EQ,log_abs_c4@bin5,28028,0.017159916296838107
moddeg_v7,EQ,log_abs_c4@bin6,25014,0.03818565565925913
moddeg_v7,EQ,log_abs_c4@bin7,22175,0.09960413934403178
moddeg_v7,EQ,c4_sign=1.0,203633,0.0374836968688983
moddeg_v7,EQ,c4_sign=-1.0,58429,0.04042786117004549
moddeg_v7,EQ,c6_sign=-1.0,132490,0.03802174838473016
moddeg_v7,EQ,c6_sign=1.0,129711,0.038257724145296046
moddeg_v7,AP,nagao_100@bin1,32529,0.0032077422026620672
moddeg_v7,AP,nagao_100@bin2,31567,0.002162219126955689
moddeg_v7,AP,nagao_100@bin3,31846,0.0012294205472772601
moddeg_v7,AP,nagao_100@bin4,32430,0.0005529372119212894
moddeg_v7,AP,nagao_100@bin5,32777,0.00042587071496891227
moddeg_v7,AP,nagao_100@bin6,32807,0.0007938532701665668
moddeg_v7,AP,nagao_100@bin7,32868,0.0021222057654155524
moddeg_v7,AP,nagao_300@bin1,31536,0.0035281527793455947
moddeg_v7,AP,nagao_300@bin2,31815,0.0014538497625549152
moddeg_v7,AP,nagao_300@bin3,32380,0.0011456902899564803
moddeg_v7,AP,nagao_300@bin4,32609,0.0010158264593717048
moddeg_v7,AP,nagao_300@bin5,32992,0.0006069042495095989
moddeg_v7,AP,nagao_300@bin6,32077,0.0007277330528809856
moddeg_v7,AP,nagao_300@bin7,32722,0.0017144660460322036
moddeg_v7,AP,nagao_1000@bin1,31309,0.004223829472090435
moddeg_v7,AP,nagao_1000@bin2,32152,0.0014930750113689717
moddeg_v7,AP,nagao_1000@bin3,32694,0.0009966703070519722
moddeg_v7,AP,nagao_1000@bin4,32635,0.0002974502523871436
moddeg_v7,AP,nagao_1000@bin5,32675,0.0008087895738316808
moddeg_v7,AP,nagao_1000@bin6,31636,0.0010874936219488207
moddeg_v7,AP,nagao_1000@bin7,32580,0.0015926515344130143
moddeg_v7,AP,frac_even@bin1,45533,0.0018064555363529466
moddeg_v7,AP,frac_even@bin2,40215,0.0017068045445822744
moddeg_v7,AP,frac_even@bin3,42504,0.0013904802059488963
moddeg_v7,AP,frac_even@bin4,86721,0.0017391068023371314
moddeg_v7,AP,frac_zero@bin1,41315,0.0018830821961051125
moddeg_v7,AP,frac_zero@bin2,35394,0.0015333804448603994
moddeg_v7,AP,frac_zero@bin3,36172,0.0016110778489908384
moddeg_v7,AP,frac_zero@bin4,32925,0.0007245202972774312
moddeg_v7,AP,frac_zero@bin5,25823,0.0016643350875404916
moddeg_v7,AP,frac_zero@bin6,26469,0.0014080506150073724
moddeg_v7,AP,frac_zero@bin7,20460,0.00151274767017473
moddeg_v7,AP,st_mean@bin1,32855,0.0034178063792755786
moddeg_v7,AP,st_mean@bin2,32326,0.0022579278519150314
moddeg_v7,AP,st_mean@bin3,32436,0.0014571511437170281
moddeg_v7,AP,st_mean@bin4,32459,0.001926105120427013
moddeg_v7,AP,st_mean@bin5,32315,0.0004458908025756214
moddeg_v7,AP,st_mean@bin6,32067,0.001119059147823953
moddeg_v7,AP,st_mean@bin7,32221,0.001435403961641546
moddeg_v7,AP,st_m2@bin1,32653,0.0021754786374292845
moddeg_v7,AP,st_m2@bin2,32337,0.0023330114965587345
moddeg_v7,AP,st_m2@bin3,32865,0.0016658568567446963
moddeg_v7,AP,st_m2@bin4,32814,0.0014734104677324167
moddeg_v7,AP,st_m2@bin5,32794,0.0016941492330614372
moddeg_v7,AP,st_m2@bin6,32830,0.0016263999325755174
moddeg_v7,AP,st_m2@bin7,33301,0.0012147591110431843
moddeg_v7,AP,mur_lo@bin1,32626,0.0033126769060149996
moddeg_v7,AP,mur_lo@bin2,31897,0.0017636644944133417
moddeg_v7,AP,mur_lo@bin3,32354,0.0015757438112115052
moddeg_v7,AP,mur_lo@bin4,32535,0.0005037653291800614
moddeg_v7,AP,mur_lo@bin5,32677,0.000848274851879105
moddeg_v7,AP,mur_lo@bin6,32767,0.0012015924428008251
moddeg_v7,AP,mur_lo@bin7,32568,0.0017039617011195274
moddeg_v7,AP,mur_mid@bin1,33400,0.002579578420248141
moddeg_v7,AP,mur_mid@bin2,32950,0.001883382468180539
moddeg_v7,AP,mur_mid@bin3,32677,0.0026824197917107995
moddeg_v7,AP,mur_mid@bin4,32580,0.001636483590890525
moddeg_v7,AP,mur_mid@bin5,32183,0.000852653169673645
moddeg_v7,AP,mur_mid@bin6,32460,0.001489886837912291
moddeg_v7,AP,mur_mid@bin7,32014,0.00045062194447165194
moddeg_v7,AP,mur_hi@bin1,33300,0.0014437920785091984
moddeg_v7,AP,mur_hi@bin2,33158,0.0026514146115107495
moddeg_v7,AP,mur_hi@bin3,32666,0.0016801441159614017
moddeg_v7,AP,mur_hi@bin4,32548,0.0014006319190909
moddeg_v7,AP,mur_hi@bin5,32360,0.0012350119655258895
moddeg_v7,AP,mur_hi@bin6,32198,0.001779686911902667
moddeg_v7,AP,mur_hi@bin7,32220,0.0020377711066141835
moddeg_v7,DIO,n_intpts_x@bin1,77281,0.0007896480760405389
moddeg_v7,DIO,n_intpts_x@bin2,35357,0.000706752710351588
moddeg_v7,DIO,n_intpts_x@bin3,28193,0.0001032696857392601
moddeg_v7,DIO,n_intpts_x@bin4,26342,0.0028235986242052258
regulator,EQ,disc_sign=-1,126246,0.0024072943156046023
regulator,EQ,log_abs_c4@bin1,31311,0.002009970876713729
regulator,EQ,log_abs_c4@bin2,30140,0.0021467864762695354
regulator,EQ,log_abs_c4@bin3,29470,0.0024033063092899765
regulator,EQ,log_abs_c4@bin4,28689,0.00286927579649221
regulator,EQ,log_abs_c4@bin5,27568,0.0018474553352973988
regulator,EQ,log_abs_c4@bin6,26438,0.0004048774800999855
regulator,EQ,log_abs_c4@bin7,25143,0.00030025678812251044
regulator,EQ,c4_sign=1.0,182364,0.001399299794182407
regulator,EQ,c4_sign=-1.0,48306,0.0036176224631102594
regulator,EQ,c6_sign=-1.0,123637,0.002486373805982045
regulator,EQ,c6_sign=1.0,107211,0.0012250354623336568
regulator,LOC,n_split_mult=1,79510,0.033669604833554856
regulator,LOC,n_split_mult=2,75118,0.018316081982584054
regulator,LOC,n_split_mult=0,42876,0.09774680234435495
regulator,LOC,n_split_mult=3,23031,0.052463312109771065
regulator,LOC,n_split_mult=4,10059,0.13501069909599517
regulator,LOC,n_nonsplit_mult=1,87671,0.030212319006838628
regulator,LOC,n_nonsplit_mult=2,66021,0.025658558379791696
regulator,LOC,n_nonsplit_mult=0,45345,0.06606425169655561
regulator,LOC,n_nonsplit_mult=3,25495,0.07148668112400247
regulator,LOC,n_nonsplit_mult=4,5461,0.21623834703430167
regulator,LOC,n_nonsplit_mult=5,890,0.3691982251010165
regulator,LOC,n_additive=1,104211,0.04266435815899694
regulator,LOC,n_additive=0,63291,0.044944838596329806
regulator,LOC,n_additive=2,53689,0.05979171903077929
regulator,LOC,n_additive=3,9447,0.08312596423441465
regulator,LOC,n_kod_In=3,72987,0.044618216782328135
regulator,LOC,n_kod_In=2,62259,0.03451444033905682
regulator,LOC,n_kod_In=4,48905,0.06334971213635365
regulator,LOC,n_kod_In=1,24186,0.03710975975120534
regulator,LOC,n_kod_In=5,16728,0.06697412300858885
regulator,LOC,n_kod_In=0,3054,0.055022722868583895
regulator,LOC,n_kod_II=0,212122,0.047265519181946325
regulator,LOC,n_kod_II=1,18155,0.04992395650614845
regulator,LOC,n_kod_II=2,681,0.07038078557346983
regulator,LOC,n_kod_III=0,210000,0.047399808393924325
regulator,LOC,n_kod_III=1,20187,0.048558534672168974
regulator,LOC,n_kod_III=2,766,0.0654722882484986
regulator,LOC,n_kod_IV=0,216464,0.04680096404020884
regulator,LOC,n_kod_IV=1,14125,0.06200615095147255
regulator,LOC,n_kod_I0s=0,201163,0.047267974284637915
regulator,LOC,n_kod_I0s=1,28397,0.04865778729787906
regulator,LOC,n_kod_I0s=2,1382,0.06421687371147922
regulator,LOC,n_kod_Ins=0,142227,0.046978550911902284
regulator,LOC,n_kod_Ins=1,74883,0.047323499658373125
regulator,LOC,n_kod_Ins=2,12999,0.0572549415690502
regulator,LOC,n_kod_Ins=3,850,0.06256894004670865
regulator,LOC,n_kod_IIs=0,220300,0.045010424513689085
regulator,LOC,n_kod_IIs=1,10416,0.09217208578235436
regulator,LOC,n_kod_IIIs=0,212420,0.04810452469084614
regulator,LOC,n_kod_IIIs=1,17964,0.039178803964722175
regulator,LOC,n_kod_IIIs=2,574,0.0524268521316289
regulator,LOC,n_kod_IVs=0,211368,0.04675724042410767
regulator,LOC,n_kod_IVs=1,18861,0.0570629223852237
regulator,LOC,n_kod_IVs=2,721,0.04216056995932882
regulator,LOC,v2_tamagawa@bin1,53417,0.04336654563108944
regulator,LOC,v2_tamagawa@bin2,44055,0.04826499582509769
regulator,LOC,v2_tamagawa@bin3,30359,0.06034008466149454
regulator,LOC,v2_tamagawa@bin4,17326,0.07174128230889898
regulator,LOC,v2_tamagawa@bin5,13251,0.06040837442291869
regulator,LOC,v3_tamagawa=0,159275,0.05193668704857013
regulator,LOC,v3_tamagawa=1,55232,0.040603553173995444
regulator,LOC,v3_tamagawa=2,12695,0.01709231926100474
regulator,LOC,v3_tamagawa=3,2987,0.022602757674911156
regulator,LOC,v3_tamagawa=4,670,0.0417525663154219
regulator,LOC,v5_tamagawa=0,208297,0.04984564388038737
regulator,LOC,v5_tamagawa=1,21343,0.020146375221030244
regulator,LOC,v5_tamagawa=2,1229,-0.013940515623414473
regulator,LOC,v7_tamagawa=0,220004,0.047989232747301935
regulator,LOC,v7_tamagawa=1,10707,0.03488299593349953
regulator,LOC,log_odd_tamagawa@bin1,45004,0.044967000694774995
regulator,LOC,log_odd_tamagawa@bin2,29442,0.029442169893332593
regulator,LOC,log_odd_tamagawa@bin3,23502,0.03001536713593611
regulator,GAL,class_size=1,116253,0.0007322346489027076
regulator,GAL,class_size=2,80690,0.003857510298068023
regulator,GAL,class_size=4,28056,0.016922827444847632
regulator,GAL,class_size=6,3144,0.11487664781390272
regulator,GAL,class_size=3,1623,0.007260022003656719
regulator,GAL,max_isogeny_degree@bin1,64892,0.0019382641413151491
regulator,GAL,max_isogeny_degree@bin2,39130,0.00949906039264481
regulator,GAL,max_isogeny_degree@bin3,10211,0.07274314119131642
regulator,GAL,has_5_isog,1363,0.0440393499568239
regulator,GAL,two_adic_log_index=0.0,131330,0.002160129245241449
regulator,GAL,two_adic_log_index=1.584962500721156,54956,0.007598257574609524
regulator,GAL,two_adic_log_index=2.584962500721156,22468,0.009952424679144811
regulator,GAL,two_adic_log_index=3.584962500721156,14722,0.0034484172114326306
regulator,GAL,two_adic_log_index=4.584962500721156,3410,0.07471382468014776
regulator,GAL,two_adic_log_index=1.0,2032,-0.0003273430253154519
regulator,GAL,two_adic_log_index=5.584962500721156,1032,0.17219450683644666
regulator,GAL,two_adic_level=1,131330,0.002160129245241449
regulator,GAL,two_adic_level=2,58144,0.009552642393455768
regulator,GAL,two_adic_level=8,20626,0.01715775285064236
regulator,GAL,two_adic_level=4,19150,0.016790410253076593
regulator,GAL,two_adic_level=16,1109,0.01986849680455305
regulator,GAL,n_nonsurj_primes=0,115405,0.0006941486829155075
regulator,GAL,n_nonsurj_primes=1,111064,0.009023480972970566
regulator,GAL,exceptional_image,1100,0.0025766966668664404
regulator,GAL,v2_torsion=0,133722,0.002029732935385109
regulator,GAL,v2_torsion=1,86757,0.0062708299854291605
regulator,GAL,v2_torsion=2,9846,0.02178780191315799
regulator,GAL,odd_torsion=1,226047,0.0050169089963369995
regulator,GAL,odd_torsion=3,4309,0.09171878521676835
regulator,GAL,has_2_isog,96764,0.013310323170484084
regulator,GAL,has_3_isog,19478,0.033128638241459396
regulator,AN,v2_moddeg@bin1,42526,0.005405374169821231
regulator,AN,v2_moddeg@bin2,24931,0.003243747156112753
regulator,AN,v2_moddeg@bin3,24620,0.0038096417726620757
regulator,AN,v2_moddeg@bin4,44008,0.0030547480774634206
regulator,AN,v2_moddeg@bin5,17393,0.0006285051039156553
regulator,AN,v2_moddeg@bin6,25225,0.0014431140849859858
regulator,AN,v2_moddeg@bin7,23192,0.00030623690086173383
regulator,AN,v3_moddeg@bin1,64855,0.0028105610302125994
regulator,AN,v3_moddeg@bin2,57857,0.003560235769102027
regulator,AN,v3_moddeg@bin3,36861,0.0019243199935322641
regulator,AN,v3_moddeg@bin4,19358,0.002485029817281381
regulator,AN,v3_moddeg@bin5,14911,0.008028981725376916
regulator,AN,v5_moddeg=0,130736,0.0028264938120636796
regulator,AN,v5_moddeg=1,74118,0.0030997531767879005
regulator,AN,v5_moddeg=2,20833,0.0039869358164350555
regulator,AN,v5_moddeg=3,4335,0.004335495123785171
regulator,AN,v5_moddeg=4,791,0.0007764769087890144
regulator,AN,v7_moddeg=0,171579,0.0030123667689861966
regulator,AN,v7_moddeg=1,50514,0.0031040669898428908
regulator,AN,v7_moddeg=2,7977,0.00333434479765804
regulator,AN,v7_moddeg=3,811,-0.0008303542415586396
regulator,AN,log_odd_moddeg@bin1,33146,0.0022794145379859687
regulator,AN,log_odd_moddeg@bin2,27230,0.003535171587016217
regulator,AN,log_odd_moddeg@bin3,29543,0.0038679738366136363
regulator,AN,log_odd_moddeg@bin4,30034,0.0030056858389727603
regulator,AN,log_odd_moddeg@bin5,28335,0.0013999113526822482
regulator,AN,log_odd_moddeg@bin6,27559,0.0031538465322507037
regulator,AN,log_odd_moddeg@bin7,24648,0.003540492581665111
regulator,AN,petersson_resid@bin1,30233,0.0005460559310325186
regulator,AN,petersson_resid@bin2,29890,0.00038313563296143993
regulator,AN,petersson_resid@bin3,29099,0.0020742713719387185
regulator,AN,petersson_resid@bin4,28698,0.0025296435780567395
regulator,AN,petersson_resid@bin5,27944,0.003077828581355302
regulator,AN,petersson_resid@bin6,27306,0.00243765648597416
regulator,AN,petersson_resid@bin7,25855,0.00827180894670032
regulator,AP,nagao_100@bin1,31704,0.4955207808571689
regulator,AP,nagao_100@bin2,32759,0.3787989824206195
regulator,AP,nagao_100@bin3,35002,0.32274757493784356
regulator,AP,nagao_100@bin4,34722,0.29754325030082096
regulator,AP,nagao_100@bin5,31293,0.2765094660916364
regulator,AP,nagao_100@bin6,20822,0.24825989010738925
regulator,AP,nagao_100@bin7,3725,0.1630102252568637
regulator,AP,nagao_300@bin1,34006,0.5239619435605485
regulator,AP,nagao_300@bin2,37466,0.4528146536355585
regulator,AP,nagao_300@bin3,37944,0.3803217131160812
regulator,AP,nagao_300@bin4,36696,0.30976341948697594
regulator,AP,nagao_300@bin5,31052,0.2258192349731588
regulator,AP,nagao_300@bin6,11487,0.22107023573772788
regulator,AP,nagao_1000@bin1,39959,0.3788264610083357
regulator,AP,nagao_1000@bin2,41206,0.3951487770310974
regulator,AP,nagao_1000@bin3,39681,0.40807740723765606
regulator,AP,nagao_1000@bin4,36885,0.4560262616149845
regulator,AP,nagao_1000@bin5,26195,0.5034996913491302
regulator,AP,nagao_1000@bin6,3393,0.4310961349733098
regulator,AP,frac_even@bin1,31749,0.36742922836497893
regulator,AP,frac_even@bin2,27618,0.35452246658582065
regulator,AP,frac_even@bin3,29542,0.39107530638975885
regulator,AP,frac_even@bin4,109096,0.4032052709871009
regulator,AP,frac_zero@bin1,30274,0.3575231902919789
regulator,AP,frac_zero@bin2,27708,0.3828228730756641
regulator,AP,frac_zero@bin3,30259,0.38904351747289745
regulator,AP,frac_zero@bin4,29807,0.390739962442865
regulator,AP,frac_zero@bin5,26267,0.3944880867759445
regulator,AP,frac_zero@bin6,28964,0.40617939191551333
regulator,AP,frac_zero@bin7,27160,0.4036138256002796
regulator,AP,st_mean@bin1,42802,0.30178258580228146
regulator,AP,st_mean@bin2,40397,0.33797176952421926
regulator,AP,st_mean@bin3,36164,0.36501253105650666
regulator,AP,st_mean@bin4,30131,0.44933264525244
regulator,AP,st_mean@bin5,21889,0.5966124642119892
regulator,AP,st_mean@bin6,12061,0.685976344997118
regulator,AP,st_mean@bin7,2343,0.7143346451824928
regulator,AP,st_m2@bin1,30102,0.38721598161945614
regulator,AP,st_m2@bin2,29146,0.39365636757757616
regulator,AP,st_m2@bin3,29035,0.386956108615059
regulator,AP,st_m2@bin4,28425,0.38361812484455005
regulator,AP,st_m2@bin5,27863,0.3740046023815903
regulator,AP,st_m2@bin6,27939,0.3875877125124241
regulator,AP,st_m2@bin7,27844,0.37354677434054984
regulator,AP,mur_lo@bin1,34009,0.4927885654787223
regulator,AP,mur_lo@bin2,33803,0.4195888309729886
regulator,AP,mur_lo@bin3,34540,0.3706748669430392
regulator,AP,mur_lo@bin4,33460,0.31768712883406103
regulator,AP,mur_lo@bin5,29664,0.2628441323432994
regulator,AP,mur_lo@bin6,20332,0.21737431463910806
regulator,AP,mur_lo@bin7,5222,0.12162673519922396
regulator,AP,mur_mid@bin1,38840,0.3082710038369094
regulator,AP,mur_mid@bin2,34253,0.32407719334787066
regulator,AP,mur_mid@bin3,30216,0.35708653032533477
regulator,AP,mur_mid@bin4,26237,0.400493310066781
regulator,AP,mur_mid@bin5,22814,0.4716821545302844
regulator,AP,mur_mid@bin6,20142,0.5433474423339403
regulator,AP,mur_mid@bin7,15338,0.6344656786548748
regulator,AP,mur_hi@bin1,37049,0.2524397501561333
regulator,AP,mur_hi@bin2,34315,0.30907434476845275
regulator,AP,mur_hi@bin3,31548,0.34391345080858293
regulator,AP,mur_hi@bin4,28192,0.40225822040851933
regulator,AP,mur_hi@bin5,24769,0.45450547696282473
regulator,AP,mur_hi@bin6,20526,0.5322460594060883
regulator,AP,mur_hi@bin7,13674,0.6328447264397392
regulator,DIO,n_intpts_x@bin1,63267,0.2175147887815223
regulator,DIO,n_intpts_x@bin2,47875,0.43750704163965015
regulator,DIO,n_intpts_x@bin3,41090,0.4695991323713766
regulator,DIO,n_intpts_x@bin4,36063,0.3759212652524099
intpts,LOC,n_split_mult=1,138105,0.04328845861147668
intpts,LOC,n_split_mult=2,109618,0.05229332072127291
intpts,LOC,n_split_mult=0,71278,0.0589900366628886
intpts,LOC,n_split_mult=3,46044,0.07976673736994688
intpts,LOC,n_split_mult=4,11684,0.09398977686341381
intpts,LOC,n_split_mult=5,1218,0.12893872874349388
intpts,LOC,n_nonsplit_mult=1,143283,0.06535825797878114
intpts,LOC,n_nonsplit_mult=2,107901,0.056510293328175254
intpts,LOC,n_nonsplit_mult=0,73674,0.07315670620428172
intpts,LOC,n_nonsplit_mult=3,42255,0.04184675205550048
intpts,LOC,n_nonsplit_mult=4,9602,0.05838960489975342
intpts,LOC,n_nonsplit_mult=5,1243,0.06850770597146616
intpts,LOC,n_additive=1,169879,0.05397086548049901
intpts,LOC,n_additive=0,98779,0.06906068195755233
intpts,LOC,n_additive=2,91817,0.06453026668055362
intpts,LOC,n_additive=3,17002,0.08329624850001272
intpts,LOC,n_kod_In=3,118191,0.049142102966218015
intpts,LOC,n_kod_In=2,102419,0.05231487338977825
intpts,LOC,n_kod_In=4,79121,0.06049771285234029
intpts,LOC,n_kod_In=1,41117,0.06626185797124906
intpts,LOC,n_kod_In=5,26958,0.09015041222022524
intpts,LOC,n_kod_In=0,5565,0.10659222889430475
intpts,LOC,n_kod_II=0,347461,0.05976994335982655
intpts,LOC,n_kod_II=1,29474,0.10001873833366026
intpts,LOC,n_kod_II=2,1089,0.13171883447126675
intpts,LOC,n_kod_III=0,345882,0.06079045224402846
intpts,LOC,n_kod_III=1,31083,0.07532672050407674
intpts,LOC,n_kod_III=2,1060,0.05192951148044478
intpts,LOC,n_kod_IV=0,355310,0.06035843723158041
intpts,LOC,n_kod_IV=1,22165,0.07641170452963753
intpts,LOC,n_kod_IV=2,563,0.12580220822852017
intpts,LOC,n_kod_I0s=0,326842,0.06185688923924937
intpts,LOC,n_kod_I0s=1,48810,0.06192897422445798
intpts,LOC,n_kod_I0s=2,2350,0.08486603125650982
intpts,LOC,n_kod_Ins=0,228371,0.06762307972795067
intpts,LOC,n_kod_Ins=1,125328,0.05132924283644924
intpts,LOC,n_kod_Ins=2,22776,0.05569291122788578
intpts,LOC,n_kod_Ins=3,1558,0.06741255236052268
intpts,LOC,n_kod_IIs=0,356946,0.06239760095189362
intpts,LOC,n_kod_IIs=1,20592,0.029296485188893717
intpts,LOC,n_kod_IIIs=0,345580,0.06329206809112153
intpts,LOC,n_kod_IIIs=1,31358,0.022689937214730893
intpts,LOC,n_kod_IIIs=2,1086,0.04294464222940986
intpts,LOC,n_kod_IVs=0,345246,0.062378946012518366
intpts,LOC,n_kod_IVs=1,31453,0.05524685259348483
intpts,LOC,n_kod_IVs=2,1316,0.015924753819622772
intpts,LOC,v2_tamagawa@bin1,84941,0.06469150958126502
intpts,LOC,v2_tamagawa@bin2,71727,0.05091465132114592
intpts,LOC,v2_tamagawa@bin3,50650,0.05490189844266491
intpts,LOC,v2_tamagawa@bin4,28374,0.05911107926892012
intpts,LOC,v2_tamagawa@bin5,21887,0.07016144867676088
intpts,LOC,v3_tamagawa=0,268590,0.05164130425308788
intpts,LOC,v3_tamagawa=1,84834,0.0683929130573816
intpts,LOC,v3_tamagawa=2,18868,0.08482062773825405
intpts,LOC,v3_tamagawa=3,4539,0.08450341441372078
intpts,LOC,v3_tamagawa=4,1033,0.08716019025356958
intpts,LOC,v5_tamagawa=0,344626,0.05924665773774762
intpts,LOC,v5_tamagawa=1,31653,0.07304938287286278
intpts,LOC,v5_tamagawa=2,1609,0.06849747839659137
intpts,LOC,v7_tamagawa=0,362178,0.05975435152606956
intpts,LOC,v7_tamagawa=1,15545,0.07450583768613128
intpts,LOC,log_odd_tamagawa@bin1,71523,0.061814630034056184
intpts,LOC,log_odd_tamagawa@bin2,46261,0.0505070228637825
intpts,LOC,log_odd_tamagawa@bin3,32438,0.07879437601231198
intpts,LOC,log_tamagawa@bin1,58778,0.049446768038794
intpts,LOC,log_tamagawa@bin2,65558,0.057880013752232284
intpts,LOC,log_tamagawa@bin3,7413,0.09203050788172373
intpts,LOC,log_tamagawa@bin4,54726,0.06935920874880408
intpts,LOC,log_tamagawa@bin5,49874,0.05857000411733382
intpts,LOC,log_tamagawa@bin6,34928,0.02539765458888721
intpts,LOC,log_tamagawa@bin7,44973,0.0705311969167326
intpts,GAL,class_size=1,177945,0.00239396184669749
intpts,GAL,class_size=2,138236,0.0012946927600052671
intpts,GAL,class_size=4,51124,0.025893334808310464
intpts,GAL,class_size=6,5484,0.09499454103392813
intpts,GAL,class_size=3,2964,-0.0017257521948024213
intpts,GAL,max_isogeny_degree@bin1,110342,0.0014697606968253618
intpts,GAL,max_isogeny_degree@bin2,70110,0.019620999563520036
intpts,GAL,max_isogeny_degree@bin3,18812,0.057458386215877844
intpts,GAL,has_5_isog,2606,0.01670904882574986
intpts,GAL,has_7_isog,580,-0.0640406147179493
intpts,GAL,two_adic_log_index=0.0,204770,0.0021062360431525207
intpts,GAL,two_adic_log_index=1.584962500721156,93664,0.001506251746823839
intpts,GAL,two_adic_log_index=2.584962500721156,39824,0.027410389899866328
intpts,GAL,two_adic_log_index=3.584962500721156,26426,0.02158838212816938
intpts,GAL,two_adic_log_index=4.584962500721156,6200,0.06056908911494796
intpts,GAL,two_adic_log_index=1.0,3501,0.012040987091670896
intpts,GAL,two_adic_log_index=5.584962500721156,1894,0.12159082986872971
intpts,GAL,two_adic_level=1,204770,0.0021062360431525207
intpts,GAL,two_adic_level=2,99332,0.0033099770312069454
intpts,GAL,two_adic_level=8,36750,0.020934558214536714
intpts,GAL,two_adic_level=4,34120,0.046210977264688924
intpts,GAL,two_adic_level=16,1986,0.03207981209168165
intpts,GAL,n_nonsurj_primes=1,192989,0.011927430686975438
intpts,GAL,n_nonsurj_primes=0,176512,0.002150669060450694
intpts,GAL,exceptional_image,1881,0.02852770352570777
intpts,GAL,v2_torsion=0,208915,0.002171796078229371
intpts,GAL,v2_torsion=1,150202,0.012596302300837303
intpts,GAL,v2_torsion=2,17810,0.007546379799601932
intpts,GAL,odd_torsion=1,369055,0.007307854480287368
intpts,GAL,odd_torsion=3,7906,0.019971988010675457
intpts,GAL,has_2_isog,168294,0.014990918739594794
intpts,GAL,has_3_isog,34926,0.01384599788232399
intpts,AN,root_number=-1,190980,0.11180608083804044
intpts,AN,v2_sha=0,357213,0.06156690582325186
intpts,AN,v2_sha=2,18630,0.07327942553325861
intpts,AN,v2_sha=4,2062,0.27387562086446504
intpts,AN,log_odd_sha@bin1,7453,-0.013581491759838027
intpts,AN,v2_moddeg@bin1,67667,0.08662850738509742
intpts,AN,v2_moddeg@bin2,39533,0.07982181747004391
intpts,AN,v2_moddeg@bin3,39624,0.06866920814858413
intpts,AN,v2_moddeg@bin4,71116,0.054872444848599766
intpts,AN,v2_moddeg@bin5,28521,0.049297541286012825
intpts,AN,v2_moddeg@bin6,41613,0.04157045952105831
intpts,AN,v2_moddeg@bin7,39424,0.03692648005702304
intpts,AN,v3_moddeg@bin1,104076,0.07434647836193664
intpts,AN,v3_moddeg@bin2,95546,0.04683427611114377
intpts,AN,v3_moddeg@bin3,61678,0.042651933256576235
intpts,AN,v3_moddeg@bin4,32787,0.03322134649647268
intpts,AN,v3_moddeg@bin5,25646,0.030120839301795543
intpts,AN,v5_moddeg=0,210697,0.07265898582322572
intpts,AN,v5_moddeg=1,123069,0.053186823556342744
intpts,AN,v5_moddeg=2,35272,0.0348714703547649
intpts,AN,v5_moddeg=3,7319,0.054318035568861944
intpts,AN,v5_moddeg=4,1400,0.00647328582455986
intpts,AN,v7_moddeg=0,278514,0.06920755171884474
intpts,AN,v7_moddeg=1,84569,0.043147080727859555
intpts,AN,v7_moddeg=2,13344,0.04154969630699323
intpts,AN,v7_moddeg=3,1456,0.025057160905247455
intpts,AN,log_odd_moddeg@bin1,51579,0.05866846456407171
intpts,AN,log_odd_moddeg@bin2,42597,0.08081421079979079
intpts,AN,log_odd_moddeg@bin3,46770,0.07593199979184284
intpts,AN,log_odd_moddeg@bin4,48120,0.0797016471273242
intpts,AN,log_odd_moddeg@bin5,46930,0.07293837681380089
intpts,AN,log_odd_moddeg@bin6,47791,0.05756931315946656
intpts,AN,log_odd_moddeg@bin7,46584,0.015600323232799362
intpts,AN,petersson_resid@bin1,47371,0.042165331141206575
intpts,AN,petersson_resid@bin2,47712,0.037112106024225766
intpts,AN,petersson_resid@bin3,47177,0.03892329817547535
intpts,AN,petersson_resid@bin4,47082,0.03665141039105291
intpts,AN,petersson_resid@bin5,46827,0.03849289841761194
intpts,AN,petersson_resid@bin6,47081,0.03931112105022305
intpts,AN,petersson_resid@bin7,47183,0.112876502705757
intpts,AN,log_omega@bin1,47026,0.006135785183821962
intpts,AN,log_omega@bin2,47597,0.014040599025138434
intpts,AN,log_omega@bin3,47439,0.025739275662241545
intpts,AN,log_omega@bin4,47168,0.03511819538153138
intpts,AN,log_omega@bin5,46965,0.06631704232290825
intpts,AN,log_omega@bin6,47105,0.10057620724461902
intpts,AN,log_omega@bin7,47333,0.17944537712524156
intpts,EQ,disc_sign=-1,205836,0.005398230279451854
intpts,EQ,c4_sign=1.0,299955,0.003249157775635947
intpts,EQ,c4_sign=-1.0,77588,0.004020311168300705
intpts,EQ,c6_sign=-1.0,189476,0.002188390668220519
intpts,EQ,c6_sign=1.0,188345,0.0065230318730148396
intpts,AP,nagao_100@bin1,47255,0.09017297985512818
intpts,AP,nagao_100@bin2,47118,0.026045996943679817
intpts,AP,nagao_100@bin3,47192,0.021125024652101643
intpts,AP,nagao_100@bin4,47348,0.02076906048185767
intpts,AP,nagao_100@bin5,47206,0.008048405851224238
intpts,AP,nagao_100@bin6,46931,-0.03544608760839196
intpts,AP,nagao_100@bin7,47528,-0.6360120320331288
intpts,AP,nagao_300@bin1,47226,0.025053309129845713
intpts,AP,nagao_300@bin2,47171,0.003424308230789208
intpts,AP,nagao_300@bin3,47219,0.00973576209329019
intpts,AP,nagao_300@bin4,47362,0.01611839887406541
intpts,AP,nagao_300@bin5,47374,0.013314449877888879
intpts,AP,nagao_300@bin6,47120,-0.08723106790205426
intpts,AP,nagao_300@bin7,47215,-0.7333154697297906
intpts,AP,nagao_1000@bin1,47230,-0.018504921243674977
intpts,AP,nagao_1000@bin2,47189,-2.929944278218244e-05
intpts,AP,nagao_1000@bin3,47143,0.008183125977599182
intpts,AP,nagao_1000@bin4,47158,0.0026187727190297716
intpts,AP,nagao_1000@bin5,47507,-0.017567789186411442
intpts,AP,nagao_1000@bin6,47516,-0.2750680944239461
intpts,AP,nagao_1000@bin7,47060,-0.554683317792634
intpts,AP,frac_even@bin1,49178,0.1176448139202968
intpts,AP,frac_even@bin2,43623,0.1325482132980481
intpts,AP,frac_even@bin3,46545,0.12849427046145978
intpts,AP,frac_even@bin4,187679,0.04974089538729176
intpts,AP,frac_zero@bin1,48298,0.1349934599670758
intpts,AP,frac_zero@bin2,45257,0.10146236316793367
intpts,AP,frac_zero@bin3,49273,0.07618801595384084
intpts,AP,frac_zero@bin4,48815,0.08477412831710884
intpts,AP,frac_zero@bin5,43372,0.062355562094433936
intpts,AP,frac_zero@bin6,48175,0.05496168464224105
intpts,AP,frac_zero@bin7,45875,0.02637356681971692
intpts,AP,st_mean@bin1,47098,0.056293128700704353
intpts,AP,st_mean@bin2,47152,0.006378227114709811
intpts,AP,st_mean@bin3,47064,-0.026778303756248123
intpts,AP,st_mean@bin4,47437,-0.06198423341197423
intpts,AP,st_mean@bin5,47580,-0.10122738354278038
intpts,AP,st_mean@bin6,47232,-0.15738676503109517
intpts,AP,st_mean@bin7,47200,-0.34452410568674074
intpts,AP,st_m2@bin1,47637,0.0794215493147562
intpts,AP,st_m2@bin2,47137,0.061726280714155646
intpts,AP,st_m2@bin3,47255,0.07934870140428052
intpts,AP,st_m2@bin4,47340,0.07214065200579456
intpts,AP,st_m2@bin5,46986,0.09383430896468148
intpts,AP,st_m2@bin6,47158,0.10833003306280009
intpts,AP,st_m2@bin7,47243,0.13425372002436076
intpts,AP,mur_lo@bin1,47711,0.08144714124127139
intpts,AP,mur_lo@bin2,46855,0.05075197007084875
intpts,AP,mur_lo@bin3,47423,0.02278796704180086
intpts,AP,mur_lo@bin4,47155,0.017719921251347026
intpts,AP,mur_lo@bin5,46868,0.0017425770014233288
intpts,AP,mur_lo@bin6,47194,-0.03804296177538302
intpts,AP,mur_lo@bin7,47456,-0.580578259899688
intpts,AP,mur_mid@bin1,47267,0.1252497971268265
intpts,AP,mur_mid@bin2,47313,0.09290882662406508
intpts,AP,mur_mid@bin3,47433,0.056847521847418814
intpts,AP,mur_mid@bin4,47720,0.016241064122668347
intpts,AP,mur_mid@bin5,47063,-0.022055965134046174
intpts,AP,mur_mid@bin6,47353,-0.08042978042258109
intpts,AP,mur_mid@bin7,46831,-0.18535929166573295
intpts,AP,mur_hi@bin1,47205,0.12164595557250979
intpts,AP,mur_hi@bin2,47608,0.1064628568256043
intpts,AP,mur_hi@bin3,47094,0.09155779177365275
intpts,AP,mur_hi@bin4,47030,0.07935740322754903
intpts,AP,mur_hi@bin5,47056,0.051925736624052754
intpts,AP,mur_hi@bin6,47091,0.006242609569788948
intpts,AP,mur_hi@bin7,47767,-0.1122902956355234
two_adic,AN,rank_c=1,189759,0.011289560097765494
two_adic,AN,rank_c=0,146723,0.009395085611736853
two_adic,AN,rank_c=2,39912,0.005171924384302473
two_adic,AN,root_number=-1,190574,0.011290986579949647
two_adic,AN,v2_sha=0,356430,0.008896686925847885
two_adic,AN,v2_sha=2,18584,0.01079063773109723
two_adic,AN,v2_sha=4,2061,0.07600843436745186
two_adic,AN,log_odd_sha@bin1,7410,0.01244538270388651
two_adic,AN,v2_moddeg@bin1,67460,-0.0004035113816014402
two_adic,AN,v2_moddeg@bin2,39485,0.006251113271737441
two_adic,AN,v2_moddeg@bin3,39569,0.007926256639975038
two_adic,AN,v2_moddeg@bin4,71007,0.009663095755215179
two_adic,AN,v2_moddeg@bin5,28482,0.010945608993770062
two_adic,AN,v2_moddeg@bin6,41572,0.011280825634794045
two_adic,AN,v2_moddeg@bin7,39407,0.01831153918380468
two_adic,AN,log_odd_moddeg@bin1,51500,0.014468160186132839
two_adic,AN,log_odd_moddeg@bin2,42545,0.010519281511557677
two_adic,AN,log_odd_moddeg@bin3,46689,0.009676104455458634
two_adic,AN,log_odd_moddeg@bin4,48018,0.006470063818565519
two_adic,AN,log_odd_moddeg@bin5,46832,0.007054287210150778
two_adic,AN,log_odd_moddeg@bin6,47691,0.0020405869644757324
two_adic,AN,log_odd_moddeg@bin7,46420,-0.0007029595579859382
two_adic,AN,petersson_resid@bin1,47241,0.011133602353135541
two_adic,AN,petersson_resid@bin2,47634,0.009736200770975478
two_adic,AN,petersson_resid@bin3,47083,0.012562756646460671
two_adic,AN,petersson_resid@bin4,47036,0.00945054975720494
two_adic,AN,petersson_resid@bin5,46787,0.009394391139732505
two_adic,AN,petersson_resid@bin6,47067,0.009651712906992294
two_adic,AN,petersson_resid@bin7,47181,0.0023758460560031613
two_adic,AN,log_regulator@bin1,154670,0.009190456634931121
two_adic,AN,log_regulator@bin2,33915,0.00964831876758876
two_adic,AN,log_regulator@bin3,47062,0.007674718395482172
two_adic,AN,log_regulator@bin4,47239,0.006819563978699983
two_adic,AN,log_regulator@bin5,47228,0.01601293467091891
two_adic,AN,log_omega@bin1,46946,0.01496664309235618
two_adic,AN,log_omega@bin2,47475,0.010882051994705932
two_adic,AN,log_omega@bin3,47323,0.005730185475299798
two_adic,AN,log_omega@bin4,47056,0.002726821287404979
two_adic,AN,log_omega@bin5,46850,0.005383003861563984
two_adic,AN,log_omega@bin6,46990,0.0025244011627488794
two_adic,AN,log_omega@bin7,47210,-0.0009297197413653535
two_adic,LOC,n_bad_primes=4,175777,0.03877081351343903
two_adic,LOC,n_bad_primes=3,92624,0.0920791338945246
two_adic,LOC,n_bad_primes=5,85405,0.061672439065046936
two_adic,LOC,n_bad_primes=2,15093,0.14684797087478962
two_adic,LOC,n_bad_primes=6,7556,0.11476378591085423
two_adic,LOC,n_split_mult=1,138105,0.05835267340125094
two_adic,LOC,n_split_mult=2,109618,0.05378746446655458
two_adic,LOC,n_split_mult=0,70448,0.09424200333133104
two_adic,LOC,n_split_mult=3,46044,0.05945170703941072
two_adic,LOC,n_split_mult=4,11684,0.08454225472290944
two_adic,LOC,n_split_mult=5,1218,0.11756592261075305
two_adic,LOC,n_nonsplit_mult=1,143283,0.05367717651055992
two_adic,LOC,n_nonsplit_mult=2,107901,0.04095601013918215
two_adic,LOC,n_nonsplit_mult=0,72844,0.11683185217783398
two_adic,LOC,n_nonsplit_mult=3,42255,0.042212861862090056
two_adic,LOC,n_nonsplit_mult=4,9602,0.03714702987896512
two_adic,LOC,n_nonsplit_mult=5,1243,0.07155030719794075
two_adic,LOC,n_additive=1,169875,0.05414583448038279
two_adic,LOC,n_additive=0,98779,0.044155134326279044
two_adic,LOC,n_additive=2,91571,0.08764308003032062
two_adic,LOC,n_additive=3,16482,0.11208985415887196
two_adic,LOC,n_kod_In=3,118191,0.05266679658514295
two_adic,LOC,n_kod_In=2,102419,0.05127298097864208
two_adic,LOC,n_kod_In=4,79121,0.04521353139258655
two_adic,LOC,n_kod_In=1,41117,0.07719658122527773
two_adic,LOC,n_kod_In=5,26958,0.055229550970894103
two_adic,LOC,n_kod_In=0,4735,0.2212154824793583
two_adic,LOC,n_kod_II=0,346916,0.06506571974957187
two_adic,LOC,n_kod_II=1,29240,0.10695361931889658
two_adic,LOC,n_kod_II=2,1043,0.17736812221799847
two_adic,LOC,n_kod_III=0,345334,0.06603928260046499
two_adic,LOC,n_kod_III=1,30842,0.0878723094314926
two_adic,LOC,n_kod_III=2,1023,0.12179614491432655
two_adic,LOC,n_kod_IV=0,354689,0.06798963098780442
two_adic,LOC,n_kod_IV=1,21989,0.0741275132636462
two_adic,LOC,n_kod_IV=2,530,0.1603010539115115
two_adic,LOC,n_kod_I0s=0,326368,0.06025223521699541
two_adic,LOC,n_kod_I0s=1,48522,0.08977277731565736
two_adic,LOC,n_kod_I0s=2,2290,0.17704081099786595
two_adic,LOC,n_kod_Ins=0,227645,0.06816075768922791
two_adic,LOC,n_kod_Ins=1,125224,0.07157202772139715
two_adic,LOC,n_kod_Ins=2,22776,0.05508321916043313
two_adic,LOC,n_kod_Ins=3,1558,0.08103753668147273
two_adic,LOC,n_kod_IIs=0,356333,0.06756435202193956
two_adic,LOC,n_kod_IIs=1,20416,0.08801223740150133
two_adic,LOC,n_kod_IIIs=0,345011,0.0656056171698689
two_adic,LOC,n_kod_IIIs=1,31122,0.09268555143041068
two_adic,LOC,n_kod_IIIs=2,1062,0.08634833577410916
two_adic,LOC,n_kod_IVs=0,344659,0.06573152603498955
two_adic,LOC,n_kod_IVs=1,31261,0.10406879496907517
two_adic,LOC,n_kod_IVs=2,1273,0.13963354010307838
two_adic,LOC,v2_tamagawa@bin1,84778,0.05184058852849582
two_adic,LOC,v2_tamagawa@bin2,71617,0.07460208491821296
two_adic,LOC,v2_tamagawa@bin3,50587,0.08526755602735647
two_adic,LOC,v2_tamagawa@bin4,28367,0.07870403745304833
two_adic,LOC,v2_tamagawa@bin5,21885,0.08580436859080531
two_adic,LOC,v3_tamagawa=0,267992,0.06658139361754167
two_adic,LOC,v3_tamagawa=1,84657,0.07557795449312221
two_adic,LOC,v3_tamagawa=2,18822,0.08183731982561737
two_adic,LOC,v3_tamagawa=3,4530,0.04401845292917528
two_adic,LOC,v3_tamagawa=4,1033,0.013405921918849817
two_adic,LOC,v5_tamagawa=0,343796,0.07006145441866596
two_adic,LOC,v5_tamagawa=1,31653,0.03485743850662326
two_adic,LOC,v5_tamagawa=2,1609,-0.0077614079198351504
two_adic,LOC,v7_tamagawa=0,361348,0.06891424321260764
two_adic,LOC,v7_tamagawa=1,15545,0.03897718718922483
two_adic,LOC,log_odd_tamagawa@bin1,71346,0.07814672361364106
two_adic,LOC,log_odd_tamagawa@bin2,46215,0.055453786332015476
two_adic,LOC,log_odd_tamagawa@bin3,32429,0.03903599312452488
two_adic,LOC,log_tamagawa@bin1,58554,0.05686654851598738
two_adic,LOC,log_tamagawa@bin2,65368,0.06674898575063593
two_adic,LOC,log_tamagawa@bin3,7387,-0.07715857112031066
two_adic,LOC,log_tamagawa@bin4,54653,0.07756995816041334
two_adic,LOC,log_tamagawa@bin5,49838,0.06678111118660801
two_adic,LOC,log_tamagawa@bin6,34920,0.07376948907152836
two_adic,LOC,log_tamagawa@bin7,44973,0.0915637284133699
two_adic,EQ,log_abs_disc@bin1,46952,0.01614123956745539
two_adic,EQ,log_abs_disc@bin2,47013,0.006280872867424403
two_adic,EQ,log_abs_disc@bin3,47136,0.006128429621940157
two_adic,EQ,log_abs_disc@bin4,47446,0.007648418527821499
two_adic,EQ,log_abs_disc@bin5,47243,0.00683098471869481
two_adic,EQ,log_abs_disc@bin6,47106,0.007776589422362701
two_adic,EQ,log_abs_disc@bin7,47279,0.006528044295175839
two_adic,EQ,log_j_height@bin1,47088,0.014635966760008778
two_adic,EQ,log_j_height@bin2,47157,0.011004388599564652
two_adic,EQ,log_j_height@bin3,47820,0.005898336683154981
two_adic,EQ,log_j_height@bin4,47361,0.004008333680754372
two_adic,EQ,log_j_height@bin5,47050,0.002819782675210658
two_adic,EQ,log_j_height@bin6,47425,0.001672757563405014
two_adic,EQ,log_j_height@bin7,47012,-0.0022360899037370263
two_adic,EQ,log_abs_c4@bin1,46916,0.006862390128264839
two_adic,EQ,log_abs_c4@bin2,47116,0.008086903060769424
two_adic,EQ,log_abs_c4@bin3,47301,0.011276107259970636
two_adic,EQ,log_abs_c4@bin4,47520,0.008346284956765704
two_adic,EQ,log_abs_c4@bin5,47464,0.009469976401341618
two_adic,EQ,log_abs_c4@bin6,46964,0.009348176027710875
two_adic,EQ,log_abs_c4@bin7,47285,0.006867820841636951
two_adic,EQ,c4_sign=1.0,299730,0.008967664786125873
two_adic,EQ,c6_sign=-1.0,189170,0.009236735342852631
two_adic,AP,nagao_100@bin1,47139,0.016556857148779525
two_adic,AP,nagao_100@bin2,47044,0.01654300568337319
two_adic,AP,nagao_100@bin3,47084,0.021741341491493094
two_adic,AP,nagao_100@bin4,47244,0.02166392212879109
two_adic,AP,nagao_100@bin5,47074,0.022301066069367437
two_adic,AP,nagao_100@bin6,46831,0.021715770841432946
two_adic,AP,nagao_100@bin7,47442,0.018503420353583988
two_adic,AP,nagao_300@bin1,47110,0.0192840729183289
two_adic,AP,nagao_300@bin2,47061,0.022994075563114724
two_adic,AP,nagao_300@bin3,47127,0.02055436254662535
two_adic,AP,nagao_300@bin4,47236,0.019352163041508108
two_adic,AP,nagao_300@bin5,47270,0.021482328093958225
two_adic,AP,nagao_300@bin6,47022,0.022781768406398006
two_adic,AP,nagao_300@bin7,47133,0.01623365122050402
two_adic,AP,nagao_1000@bin1,47114,0.01975280702485749
two_adic,AP,nagao_1000@bin2,47087,0.019262005146096328
two_adic,AP,nagao_1000@bin3,47043,0.022204207068011406
two_adic,AP,nagao_1000@bin4,47048,0.023846156680362163
two_adic,AP,nagao_1000@bin5,47377,0.018347210153153104
two_adic,AP,nagao_1000@bin6,47406,0.01860238474925957
two_adic,AP,nagao_1000@bin7,46984,0.019198444948688054
two_adic,AP,frac_zero@bin1,48298,0.04838362780205974
two_adic,AP,frac_zero@bin2,45257,0.021722951340528485
two_adic,AP,frac_zero@bin3,49273,-0.0023257218632362076
two_adic,AP,frac_zero@bin4,48815,-0.004386339902388681
two_adic,AP,frac_zero@bin5,43372,0.0015375867528693021
two_adic,AP,frac_zero@bin6,48175,0.0031790064510656135
two_adic,AP,frac_zero@bin7,45045,0.004167162269376745
two_adic,AP,st_mean@bin1,46990,0.022442459011824067
two_adic,AP,st_mean@bin2,47054,0.02098180143071038
two_adic,AP,st_mean@bin3,46948,0.019014505731650977
two_adic,AP,st_mean@bin4,47319,0.02102965228625142
two_adic,AP,st_mean@bin5,47478,0.019347794016183695
two_adic,AP,st_mean@bin6,47110,0.0184843502862454
two_adic,AP,st_mean@bin7,47116,0.019559470471746332
two_adic,AP,st_m2@bin1,47371,0.023177834990180113
two_adic,AP,st_m2@bin2,46981,0.024486731014793706
two_adic,AP,st_m2@bin3,47127,0.019841903054148347
two_adic,AP,st_m2@bin4,47258,0.022806963513491207
two_adic,AP,st_m2@bin5,46926,0.014156627342531314
two_adic,AP,st_m2@bin6,47126,0.016328284562290185
two_adic,AP,st_m2@bin7,47239,0.012567834897630248
two_adic,AP,mur_lo@bin1,47591,0.019691463153834743
two_adic,AP,mur_lo@bin2,46771,0.015911991644421808
two_adic,AP,mur_lo@bin3,47327,0.019483820303170085
two_adic,AP,mur_lo@bin4,47055,0.020177340364069818
two_adic,AP,mur_lo@bin5,46754,0.025352125642567946
two_adic,AP,mur_lo@bin6,47074,0.02363678002461611
two_adic,AP,mur_lo@bin7,47368,0.017150581998355174
two_adic,AP,mur_mid@bin1,47143,0.022802813052306914
two_adic,AP,mur_mid@bin2,47203,0.021515902896591332
two_adic,AP,mur_mid@bin3,47347,0.020621579979290705
two_adic,AP,mur_mid@bin4,47608,0.01861685655775558
two_adic,AP,mur_mid@bin5,46961,0.021080066719097124
two_adic,AP,mur_mid@bin6,47239,0.017256662576455306
two_adic,AP,mur_mid@bin7,46735,0.02078549275381536
two_adic,AP,mur_hi@bin1,47113,0.022060580152610365
two_adic,AP,mur_hi@bin2,47452,0.019722317583341198
two_adic,AP,mur_hi@bin3,47010,0.02052327359344508
two_adic,AP,mur_hi@bin4,46922,0.018973720666387583
two_adic,AP,mur_hi@bin5,46962,0.017380992889606706
two_adic,AP,mur_hi@bin6,46991,0.019494241779019927
two_adic,AP,mur_hi@bin7,47653,0.020815546135177776
two_adic,DIO,n_intpts_x@bin1,111126,0.0006867770994979372
two_adic,DIO,n_intpts_x@bin2,53044,-0.0003861113957837059
two_adic,DIO,n_intpts_x@bin3,43958,0.0025139496641102266
two_adic,DIO,n_intpts_x@bin4,36081,0.006041721109968257
two_adic,GAL,has_3_isog,34926,0.5060477394321643
two_adic,GAL,has_5_isog,2606,0.5836778343941016
two_adic,GAL,has_7_isog,580,0.3765469189285473
two_adic,GAL,n_nonsurj_primes=1,192989,0.05296425267843874
two_adic,GAL,n_nonsurj_primes=0,176512,0.001546099943182333
two_adic,GAL,exceptional_image,1881,0.15810787503050494
nonsurj,AN,rank_c=1,189759,0.0023399435912410116
nonsurj,AN,rank_c=0,146723,0.00254874694760987
nonsurj,AN,rank_c=2,39912,0.00364816741830043
nonsurj,AN,root_number=-1,190574,0.002369343056323636
nonsurj,AN,v2_sha=0,356430,0.0025158566031870944
nonsurj,AN,v2_sha=2,18584,0.003713088801323927
nonsurj,AN,v2_sha=4,2061,0.019046729182650934
nonsurj,AN,log_odd_sha@bin1,7410,0.0009232539598129641
nonsurj,AN,v2_moddeg@bin1,67460,0.0035747701317447866
nonsurj,AN,v2_moddeg@bin2,39485,0.0026230973345597874
nonsurj,AN,v2_moddeg@bin3,39569,0.0016247301417868787
nonsurj,AN,v2_moddeg@bin4,71007,0.0019529080299922619
nonsurj,AN,v2_moddeg@bin5,28482,-0.0013730485395402336
nonsurj,AN,v2_moddeg@bin6,41572,1.5915257090437507e-05
nonsurj,AN,v2_moddeg@bin7,39407,0.008994311685358247
nonsurj,AN,log_odd_moddeg@bin1,51500,8.164967206492069e-05
nonsurj,AN,log_odd_moddeg@bin2,42545,0.0008967899055031259
nonsurj,AN,log_odd_moddeg@bin3,46689,0.0025872082636361204
nonsurj,AN,log_odd_moddeg@bin4,48018,0.0026028922109314623
nonsurj,AN,log_odd_moddeg@bin5,46832,0.004507571366127117
nonsurj,AN,log_odd_moddeg@bin6,47691,0.0045262638628076335
nonsurj,AN,log_odd_moddeg@bin7,46420,0.00320573799051993
nonsurj,AN,petersson_resid@bin1,47241,0.0030910575114730943
nonsurj,AN,petersson_resid@bin2,47634,0.0020122760348015856
nonsurj,AN,petersson_resid@bin3,47083,0.0023579427142682574
nonsurj,AN,petersson_resid@bin4,47036,0.0007227701531400399
nonsurj,AN,petersson_resid@bin5,46787,0.0010237430077827403
nonsurj,AN,petersson_resid@bin6,47067,0.007808784881401132
nonsurj,AN,petersson_resid@bin7,47181,0.002399354919008667
nonsurj,AN,log_regulator@bin1,154670,0.0024246110947836463
nonsurj,AN,log_regulator@bin2,33915,0.001858811268747984
nonsurj,AN,log_regulator@bin3,47062,0.0019122064577834497
nonsurj,AN,log_regulator@bin4,47239,0.002086947568481712
nonsurj,AN,log_regulator@bin5,47228,0.0035878685761437934
nonsurj,AN,log_omega@bin1,46946,0.003801368425309537
nonsurj,AN,log_omega@bin2,47475,0.001276354170322569
nonsurj,AN,log_omega@bin3,47323,0.002175391217515532
nonsurj,AN,log_omega@bin4,47056,0.0018832511262073526
nonsurj,AN,log_omega@bin5,46850,0.0022911249850405824
nonsurj,AN,log_omega@bin6,46990,0.0023679963914599034
nonsurj,AN,log_omega@bin7,47210,0.0056276711211712405
nonsurj,LOC,n_bad_primes=4,175777,0.010157963466030151
nonsurj,LOC,n_bad_primes=3,92624,0.05714296250329298
nonsurj,LOC,n_bad_primes=5,85405,-0.003203707883104423
nonsurj,LOC,n_bad_primes=2,15093,0.07398678684601312
nonsurj,LOC,n_bad_primes=6,7556,0.00673188734461605
nonsurj,LOC,n_split_mult=1,138105,0.021113544184755417
nonsurj,LOC,n_split_mult=2,109618,0.004251688596982106
nonsurj,LOC,n_split_mult=0,70448,0.06476069218554992
nonsurj,LOC,n_split_mult=3,46044,-0.0024981885421686556
nonsurj,LOC,n_split_mult=4,11684,0.018432889060565172
nonsurj,LOC,n_split_mult=5,1218,0.11746306040904098
nonsurj,LOC,n_nonsplit_mult=1,143283,0.017593468526523437
nonsurj,LOC,n_nonsplit_mult=2,107901,0.0001554129669019133
nonsurj,LOC,n_nonsplit_mult=0,72844,0.06809271633216041
nonsurj,LOC,n_nonsplit_mult=3,42255,0.008126169609100065
nonsurj,LOC,n_nonsplit_mult=4,9602,0.17733500521249546
nonsurj,LOC,n_nonsplit_mult=5,1243,0.3637340590902609
nonsurj,LOC,n_additive=1,169875,0.0032895952351754687
nonsurj,LOC,n_additive=0,98779,0.42857674118156586
nonsurj,LOC,n_additive=2,91571,0.03502490284457871
nonsurj,LOC,n_additive=3,16482,0.08293841616771025
nonsurj,LOC,n_kod_In=3,118191,0.0019380506411067477
nonsurj,LOC,n_kod_In=2,102419,0.007552347994878805
nonsurj,LOC,n_kod_In=4,79121,0.030971351635860844
nonsurj,LOC,n_kod_In=1,41117,0.026838587124314084
nonsurj,LOC,n_kod_In=5,26958,0.14368323153777152
nonsurj,LOC,n_kod_In=0,4735,0.1077985053446846
nonsurj,LOC,n_kod_II=0,346916,0.03266622789681606
nonsurj,LOC,n_kod_II=1,29240,0.06726383691824533
nonsurj,LOC,n_kod_II=2,1043,0.1008656882772121
nonsurj,LOC,n_kod_III=0,345334,0.04487520835313863
nonsurj,LOC,n_kod_III=1,30842,0.0505601493074197
nonsurj,LOC,n_kod_III=2,1023,0.04174615553986771
nonsurj,LOC,n_kod_IV=0,354689,0.04617522925852102
nonsurj,LOC,n_kod_IV=1,21989,0.04393681748284273
nonsurj,LOC,n_kod_IV=2,530,0.07538054842632846
nonsurj,LOC,n_kod_I0s=0,326368,0.03834606190346168
nonsurj,LOC,n_kod_I0s=1,48522,0.062343450739976713
nonsurj,LOC,n_kod_I0s=2,2290,0.09333777475587302
nonsurj,LOC,n_kod_Ins=0,227645,0.05739597879039671
nonsurj,LOC,n_kod_Ins=1,125224,0.03738976792202664
nonsurj,LOC,n_kod_Ins=2,22776,-0.02293429547196779
nonsurj,LOC,n_kod_Ins=3,1558,0.0028486715004567564
nonsurj,LOC,n_kod_IIs=0,356333,0.04764129282695018
nonsurj,LOC,n_kod_IIs=1,20416,0.03614007591570134
nonsurj,LOC,n_kod_IIIs=0,345011,0.04309708070855833
nonsurj,LOC,n_kod_IIIs=1,31122,0.053844443715946766
nonsurj,LOC,n_kod_IIIs=2,1062,0.06581928144619797
nonsurj,LOC,n_kod_IVs=0,344659,0.03722994524107581
nonsurj,LOC,n_kod_IVs=1,31261,0.0684558828519769
nonsurj,LOC,n_kod_IVs=2,1273,0.09263822805397492
nonsurj,LOC,v2_tamagawa@bin1,84778,0.051871075236331055
nonsurj,LOC,v2_tamagawa@bin2,71617,0.0162501505872249
nonsurj,LOC,v2_tamagawa@bin3,50587,0.01116621107230853
nonsurj,LOC,v2_tamagawa@bin4,28367,0.002491172544749398
nonsurj,LOC,v2_tamagawa@bin5,21885,0.011055031327573128
nonsurj,LOC,v3_tamagawa=0,267992,0.04624288344712435
nonsurj,LOC,v3_tamagawa=1,84657,0.05040664981849774
nonsurj,LOC,v3_tamagawa=2,18822,0.032007209504912204
nonsurj,LOC,v3_tamagawa=3,4530,0.01013999281133815
nonsurj,LOC,v3_tamagawa=4,1033,0.015098095910343057
nonsurj,LOC,v5_tamagawa=0,343796,0.04728128735328596
nonsurj,LOC,v5_tamagawa=1,31653,0.03251173115716455
nonsurj,LOC,v5_tamagawa=2,1609,0.004322146579766595
nonsurj,LOC,v7_tamagawa=0,361348,0.046612044324241264
nonsurj,LOC,v7_tamagawa=1,15545,0.017690213639552255
nonsurj,LOC,log_odd_tamagawa@bin1,71346,0.05155302439062903
nonsurj,LOC,log_odd_tamagawa@bin2,46215,0.030870462740207105
nonsurj,LOC,log_odd_tamagawa@bin3,32429,0.028187962632093222
nonsurj,LOC,log_tamagawa@bin1,58554,0.06112125133157542
nonsurj,LOC,log_tamagawa@bin2,65368,0.04259227437415114
nonsurj,LOC,log_tamagawa@bin3,7387,0.07112414966638991
nonsurj,LOC,log_tamagawa@bin4,54653,0.024589957007972063
nonsurj,LOC,log_tamagawa@bin5,49838,0.004393313781335895
nonsurj,LOC,log_tamagawa@bin6,34920,0.009171904539172493
nonsurj,LOC,log_tamagawa@bin7,44973,0.012996134650196
nonsurj,EQ,log_abs_disc@bin1,46952,0.009795419791094884
nonsurj,EQ,log_abs_disc@bin2,47013,0.007492819544512863
nonsurj,EQ,log_abs_disc@bin3,47136,0.006707213196806228
nonsurj,EQ,log_abs_disc@bin4,47446,0.008003632819707618
nonsurj,EQ,log_abs_disc@bin5,47243,0.01102193268457985
nonsurj,EQ,log_abs_disc@bin6,47106,0.01184860533037091
nonsurj,EQ,log_abs_disc@bin7,47279,0.018328827250584823
nonsurj,EQ,log_j_height@bin1,47088,0.010341729505242037
nonsurj,EQ,log_j_height@bin2,47157,0.008894046436928149
nonsurj,EQ,log_j_height@bin3,47820,0.005883771973418717
nonsurj,EQ,log_j_height@bin4,47361,0.0028950251549831885
nonsurj,EQ,log_j_height@bin5,47050,0.005487008925131653
nonsurj,EQ,log_j_height@bin6,47425,-0.0015896151137551051
nonsurj,EQ,log_j_height@bin7,47012,-0.0014556990843594964
nonsurj,EQ,log_abs_c4@bin1,46916,0.007827996620763278
nonsurj,EQ,log_abs_c4@bin2,47116,0.008036686963240225
nonsurj,EQ,log_abs_c4@bin3,47301,0.009134179618836114
nonsurj,EQ,log_abs_c4@bin4,47520,0.008575585169908306
nonsurj,EQ,log_abs_c4@bin5,47464,0.010984123327654971
nonsurj,EQ,log_abs_c4@bin6,46964,0.015081748507045023
nonsurj,EQ,log_abs_c4@bin7,47285,0.016402654169191733
nonsurj,EQ,c4_sign=1.0,299730,0.012474129843621395
nonsurj,EQ,c6_sign=-1.0,189170,0.012488638071851077
nonsurj,AP,nagao_100@bin1,47139,0.001161383243570735
nonsurj,AP,nagao_100@bin2,47044,0.0003464665098321662
nonsurj,AP,nagao_100@bin3,47084,0.001081305668442445
nonsurj,AP,nagao_100@bin4,47244,0.0004097256431631058
nonsurj,AP,nagao_100@bin5,47074,0.0006540316813219427
nonsurj,AP,nagao_100@bin6,46831,0.0004908062939948943
nonsurj,AP,nagao_100@bin7,47442,0.00016796847523270486
nonsurj,AP,nagao_300@bin1,47110,0.001167982217605612
nonsurj,AP,nagao_300@bin2,47061,0.0005927362014320758
nonsurj,AP,nagao_300@bin3,47127,0.0009995825538476888
nonsurj,AP,nagao_300@bin4,47236,0.0004079041366700231
nonsurj,AP,nagao_300@bin5,47270,0.0006194714745496599
nonsurj,AP,nagao_300@bin6,47022,0.0005956265272043515
nonsurj,AP,nagao_300@bin7,47133,0.00037106063276870493
nonsurj,AP,nagao_1000@bin1,47114,0.0012626604146807052
nonsurj,AP,nagao_1000@bin2,47087,0.00031212411137071516
nonsurj,AP,nagao_1000@bin3,47043,0.00025231652831447793
nonsurj,AP,nagao_1000@bin4,47048,0.0011471481312833598
nonsurj,AP,nagao_1000@bin5,47377,0.001186419493419577
nonsurj,AP,nagao_1000@bin6,47406,0.0007564642127161347
nonsurj,AP,nagao_1000@bin7,46984,0.00024627551085942834
nonsurj,AP,st_mean@bin1,46990,0.00038903413271551557
nonsurj,AP,st_mean@bin2,47054,0.00025262970674289065
nonsurj,AP,st_mean@bin3,46948,0.0017718957815127112
nonsurj,AP,st_mean@bin4,47319,0.0006051150938580774
nonsurj,AP,st_mean@bin5,47478,0.0012502326613313963
nonsurj,AP,st_mean@bin6,47110,0.00020445946162439554
nonsurj,AP,st_mean@bin7,47116,0.0006098361907079797
nonsurj,AP,st_m2@bin1,47371,0.0012593473028938984
nonsurj,AP,st_m2@bin2,46981,0.00022116072437305956
nonsurj,AP,st_m2@bin3,47127,0.0005430328389436356
nonsurj,AP,st_m2@bin4,47258,0.00041888791671818026
nonsurj,AP,st_m2@bin5,46926,4.5911409535692727e-05
nonsurj,AP,st_m2@bin6,47126,0.0005866699322949476
nonsurj,AP,st_m2@bin7,47239,0.001557524723586834
nonsurj,AP,mur_lo@bin1,47591,0.0005498737892499772
nonsurj,AP,mur_lo@bin2,46771,0.0014316357452767159
nonsurj,AP,mur_lo@bin3,47327,0.00014351477772811538
nonsurj,AP,mur_lo@bin4,47055,0.0002508393024142075
nonsurj,AP,mur_lo@bin5,46754,0.0008234646628575426
nonsurj,AP,mur_lo@bin6,47074,0.00020059416518614093
nonsurj,AP,mur_lo@bin7,47368,0.0007414260658682448
nonsurj,AP,mur_mid@bin1,47143,0.00024394566201890733
nonsurj,AP,mur_mid@bin2,47203,0.00041909037482312783
nonsurj,AP,mur_mid@bin3,47347,0.0010784901062693697
nonsurj,AP,mur_mid@bin4,47608,0.001077331900883327
nonsurj,AP,mur_mid@bin5,46961,0.0018500325440674592
nonsurj,AP,mur_mid@bin6,47239,0.0005599619491304386
nonsurj,AP,mur_mid@bin7,46735,0.00011375561096538256
nonsurj,AP,mur_hi@bin1,47113,0.0005529528198739975
nonsurj,AP,mur_hi@bin2,47452,0.00035692212147930835
nonsurj,AP,mur_hi@bin3,47010,0.0011473568622167862
nonsurj,AP,mur_hi@bin4,46922,0.0005956935969321231
nonsurj,AP,mur_hi@bin5,46962,0.00021600003633703846
nonsurj,AP,mur_hi@bin6,46991,0.0009492374253659008
nonsurj,AP,mur_hi@bin7,47653,0.0006282639934808154
nonsurj,DIO,n_intpts_x@bin1,111126,-8.689550142149116e-05
nonsurj,DIO,n_intpts_x@bin2,53044,0.00025210828265465057
nonsurj,DIO,n_intpts_x@bin3,43958,0.0011024817968976475
nonsurj,DIO,n_intpts_x@bin4,36081,0.004035502922328793
class_size,AN,rank_c=1,132300,0.08618619626247526
class_size,AN,rank_c=0,97324,0.07432065636812957
class_size,AN,rank_c=2,31912,0.09570313178827505
class_size,AN,root_number=-1,133074,0.08622285594809409
class_size,AN,v2_sha=0,253268,0.08367882951163363
class_size,AN,v2_sha=2,8358,0.06542025347994518
class_size,AN,v2_sha=4,645,0.0898735113330903
class_size,AN,log_odd_sha@bin1,4004,0.09883266141718405
class_size,AN,v2_moddeg@bin1,57750,0.08061325940373876
class_size,AN,v2_moddeg@bin2,32349,0.0914437913069458
class_size,AN,v2_moddeg@bin3,30768,0.09187441335515634
class_size,AN,v2_moddeg@bin4,49371,0.0967239829317299
class_size,AN,v2_moddeg@bin5,16647,0.07887626347564114
class_size,AN,v2_moddeg@bin6,19779,0.049174563881142386
class_size,AN,v2_moddeg@bin7,10818,0.10376660686088635
class_size,AN,v3_moddeg@bin1,72622,0.09258235358494715
class_size,AN,v3_moddeg@bin2,69337,0.03258758839918896
class_size,AN,v3_moddeg@bin3,45223,0.025622869903046297
class_size,AN,v3_moddeg@bin4,22596,0.06704937383265086
class_size,AN,v3_moddeg@bin5,13361,0.17135506437609616
class_size,AN,v5_moddeg=0,141513,0.09008937726767041
class_size,AN,v5_moddeg=1,87790,0.07858670876082563
class_size,AN,v5_moddeg=2,26496,0.06183076990052905
class_size,AN,v5_moddeg=3,5522,0.06057905894603888
class_size,AN,v5_moddeg=4,883,0.08913093184510945
class_size,AN,v7_moddeg=0,188479,0.08348728252293258
class_size,AN,v7_moddeg=1,62229,0.0821178954211047
class_size,AN,v7_moddeg=2,10381,0.05306791213613382
class_size,AN,v7_moddeg=3,1131,0.04937455210439412
class_size,AN,log_odd_moddeg@bin1,31262,0.057738379397762274
class_size,AN,log_odd_moddeg@bin2,28933,0.04896375674683118
class_size,AN,log_odd_moddeg@bin3,33314,0.09401082432185481
class_size,AN,log_odd_moddeg@bin4,36249,0.09245139916830447
class_size,AN,log_odd_moddeg@bin5,36026,0.09185006845096177
class_size,AN,log_odd_moddeg@bin6,37298,0.09927689747194368
class_size,AN,log_odd_moddeg@bin7,35434,0.06589154248019868
class_size,AN,petersson_resid@bin1,32094,0.08486952892658262
class_size,AN,petersson_resid@bin2,31867,0.08625168310448228
class_size,AN,petersson_resid@bin3,31276,0.09221325001151215
class_size,AN,petersson_resid@bin4,31500,0.09474637575399925
class_size,AN,petersson_resid@bin5,31657,0.09143466560223246
class_size,AN,petersson_resid@bin6,32822,0.08167714940010429
class_size,AN,petersson_resid@bin7,36973,0.03918363185219487
class_size,AN,log_regulator@bin1,103782,0.075254324852561
class_size,AN,log_regulator@bin2,26357,0.08189638620090967
class_size,AN,log_regulator@bin3,33991,0.07603196412252378
class_size,AN,log_regulator@bin4,30613,0.08999037953831579
class_size,AN,log_regulator@bin5,25888,0.09189178263996467
class_size,AN,log_omega@bin1,26869,0.08495342794599448
class_size,AN,log_omega@bin2,29014,0.08893313768582611
class_size,AN,log_omega@bin3,30903,0.08566781021462522
class_size,AN,log_omega@bin4,32736,0.07514032060135734
class_size,AN,log_omega@bin5,35311,0.06528139460679916
class_size,AN,log_omega@bin6,38629,0.0714291940756362
class_size,AN,log_omega@bin7,43950,0.09520391970067743
class_size,LOC,n_bad_primes=4,121651,0.053974635203077104
class_size,LOC,n_bad_primes=3,74003,0.04647073044225358
class_size,LOC,n_bad_primes=5,49106,0.05922471688921005
class_size,LOC,n_bad_primes=2,13491,0.05143197093589169
class_size,LOC,n_bad_primes=6,3317,0.0460613888774718
class_size,LOC,n_split_mult=1,99098,0.048589964427609655
class_size,LOC,n_split_mult=2,74924,0.056163553380944364
class_size,LOC,n_split_mult=0,52189,0.0492657854784887
class_size,LOC,n_split_mult=3,28757,0.07312125467373132
class_size,LOC,n_split_mult=4,6752,0.12593886850228064
class_size,LOC,n_split_mult=5,557,0.13135197194433057
class_size,LOC,n_nonsplit_mult=1,101157,0.047516622245864726
class_size,LOC,n_nonsplit_mult=2,73876,0.04743658738579726
class_size,LOC,n_nonsplit_mult=0,52816,0.06277555872998342
class_size,LOC,n_nonsplit_mult=3,27847,0.056891820407334315
class_size,LOC,n_nonsplit_mult=4,5884,0.06759405177229272
class_size,LOC,n_nonsplit_mult=5,695,0.2684306105492851
class_size,LOC,n_additive=1,118084,0.03100255495712978
class_size,LOC,n_additive=0,70761,0.4846267904593936
class_size,LOC,n_additive=2,61957,0.05127464343895294
class_size,LOC,n_additive=3,11140,0.0807993867831277
class_size,LOC,n_kod_In=3,82946,0.04893988117250703
class_size,LOC,n_kod_In=2,75991,0.04370847248612286
class_size,LOC,n_kod_In=4,50750,0.07824905587456865
class_size,LOC,n_kod_In=1,31301,0.04856076901091033
class_size,LOC,n_kod_In=5,15458,0.21723198200445293
class_size,LOC,n_kod_In=0,3786,0.08969256533312409
class_size,LOC,n_kod_II=0,233558,0.04317733752471353
class_size,LOC,n_kod_II=1,27709,0.0688805464043587
class_size,LOC,n_kod_II=2,1028,0.15959959554349745
class_size,LOC,n_kod_III=0,235590,0.054837259732257504
class_size,LOC,n_kod_III=1,25772,0.05872940099442847
class_size,LOC,n_kod_III=2,935,0.5390800648986879
class_size,LOC,n_kod_IV=0,241722,0.05162265298600843
class_size,LOC,n_kod_IV=1,20115,0.06155104150769186
class_size,LOC,n_kod_I0s=0,229475,0.05518311652237462
class_size,LOC,n_kod_I0s=1,31515,0.04615977841554797
class_size,LOC,n_kod_I0s=2,1306,0.0485773335299573
class_size,LOC,n_kod_Ins=0,172533,0.06173488656310255
class_size,LOC,n_kod_Ins=1,78922,0.045686447127674557
class_size,LOC,n_kod_Ins=2,10452,0.06735376309956609
class_size,LOC,n_kod_IIs=0,246684,0.055933590800605115
class_size,LOC,n_kod_IIs=1,15210,0.022818546355879543
class_size,LOC,n_kod_IIIs=0,241834,0.05399603063987879
class_size,LOC,n_kod_IIIs=1,19823,0.18552697232628512
class_size,LOC,n_kod_IIIs=2,644,0.32933241637807975
class_size,LOC,n_kod_IVs=0,237419,0.05072422078032768
class_size,LOC,n_kod_IVs=1,23849,0.06439421360975306
class_size,LOC,n_kod_IVs=2,1025,0.0930057454001948
class_size,LOC,v2_tamagawa@bin1,67820,0.05446181529415495
class_size,LOC,v2_tamagawa@bin2,45770,0.03954194715711745
class_size,LOC,v2_tamagawa@bin3,24703,0.04286933402676907
class_size,LOC,v2_tamagawa@bin4,10419,0.0519870068896473
class_size,LOC,v2_tamagawa@bin5,5156,0.05744362906390088
class_size,LOC,v3_tamagawa=0,185969,0.03991160995873777
class_size,LOC,v3_tamagawa=1,59660,0.06915174661607104
class_size,LOC,v3_tamagawa=2,12938,0.08835030119532339
class_size,LOC,v3_tamagawa=3,3028,0.10258486731063732
class_size,LOC,v3_tamagawa=4,620,0.08384647666151446
class_size,LOC,v5_tamagawa=0,236930,0.0534297100500527
class_size,LOC,v5_tamagawa=1,23915,0.0440863803268281
class_size,LOC,v5_tamagawa=2,1325,0.0436465516839728
class_size,LOC,v7_tamagawa=0,249549,0.05280364241569102
class_size,LOC,v7_tamagawa=1,12483,0.05141683921773599
class_size,LOC,log_odd_tamagawa@bin1,48841,0.069166146802638
class_size,LOC,log_odd_tamagawa@bin2,33341,0.05904895982194924
class_size,LOC,log_odd_tamagawa@bin3,26211,0.07854668126005049
class_size,LOC,log_tamagawa@bin1,47812,0.04967344575319588
class_size,LOC,log_tamagawa@bin2,46354,0.04950664247156289
class_size,LOC,log_tamagawa@bin3,6440,0.057582273481734836
class_size,LOC,log_tamagawa@bin4,33086,0.051349459288978605
class_size,LOC,log_tamagawa@bin5,29481,0.051994792183365335
class_size,LOC,log_tamagawa@bin6,19249,0.06410668273312492
class_size,LOC,log_tamagawa@bin7,22777,0.05402518781779597
class_size,EQ,log_abs_disc@bin1,39954,0.035190789354252794
class_size,EQ,log_abs_disc@bin2,36180,0.019274606442158615
class_size,EQ,log_abs_disc@bin3,33020,0.01884445124393208
class_size,EQ,log_abs_disc@bin4,30750,0.018450659028896643
class_size,EQ,log_abs_disc@bin5,28169,0.022790836388000058
class_size,EQ,log_abs_disc@bin6,25932,0.026217986779941804
class_size,EQ,log_abs_disc@bin7,23512,0.019221496634607482
class_size,EQ,disc_sign=-1,165850,0.0295328599546395
class_size,EQ,log_abs_c4@bin1,40553,0.02156235179195143
class_size,EQ,log_abs_c4@bin2,36828,0.01824972582303419
class_size,EQ,log_abs_c4@bin3,33713,0.0172953804803192
class_size,EQ,log_abs_c4@bin4,31058,0.020349629094219
class_size,EQ,log_abs_c4@bin5,28028,0.025382375247442024
class_size,EQ,log_abs_c4@bin6,25014,0.021338626556843265
class_size,EQ,log_abs_c4@bin7,22175,0.019620835109276813
class_size,EQ,c4_sign=1.0,203633,0.02395229800132126
class_size,EQ,c4_sign=-1.0,58429,0.030148820115213804
class_size,EQ,c6_sign=-1.0,132490,0.02824063597607729
class_size,EQ,c6_sign=1.0,129711,0.025401914443580642
class_size,AP,nagao_100@bin1,32529,0.001950507513044375
class_size,AP,nagao_100@bin2,31567,0.0005876274007473592
class_size,AP,nagao_100@bin3,31846,0.0002631262335591744
class_size,AP,nagao_100@bin4,32430,0.00023718310572973245
class_size,AP,nagao_100@bin5,32777,0.0005671257139220343
class_size,AP,nagao_100@bin6,32807,0.00028752646807239657
class_size,AP,nagao_100@bin7,32868,0.00042843065075315323
class_size,AP,nagao_300@bin1,31536,0.0015983279720481747
class_size,AP,nagao_300@bin2,31815,0.0004664734109263158
class_size,AP,nagao_300@bin3,32380,0.00022751156737665923
class_size,AP,nagao_300@bin4,32609,0.0006327027382198036
class_size,AP,nagao_300@bin5,32992,0.00032629861653332703
class_size,AP,nagao_300@bin6,32077,0.0007200226511762109
class_size,AP,nagao_300@bin7,32722,0.0003531098244148323
class_size,AP,nagao_1000@bin1,31309,0.0013829436213173008
class_size,AP,nagao_1000@bin2,32152,0.0010447608379990925
class_size,AP,nagao_1000@bin3,32694,0.0009158294228167607
class_size,AP,nagao_1000@bin4,32635,0.0005357063852550192
class_size,AP,nagao_1000@bin5,32675,0.0007422787680885223
class_size,AP,nagao_1000@bin6,31636,0.001010095925236154
class_size,AP,nagao_1000@bin7,32580,0.00028423427032142623
class_size,AP,st_mean@bin1,32855,0.0011760932059468043
class_size,AP,st_mean@bin2,32326,0.0010881885366382793
class_size,AP,st_mean@bin3,32436,0.0014306374519592602
class_size,AP,st_mean@bin4,32459,0.0007277247747351501
class_size,AP,st_mean@bin5,32315,0.0005051009559249309
class_size,AP,st_mean@bin6,32067,0.0007124617877666273
class_size,AP,st_mean@bin7,32221,0.0001992826252019686
class_size,AP,st_m2@bin1,32653,0.0022882718910206545
class_size,AP,st_m2@bin2,32337,0.0016839240175314796
class_size,AP,st_m2@bin3,32865,0.002014985481837872
class_size,AP,st_m2@bin4,32814,0.0018632361568151623
class_size,AP,st_m2@bin5,32794,0.0010188668184584193
class_size,AP,st_m2@bin6,32830,0.0016050570064108927
class_size,AP,st_m2@bin7,33301,0.0020887830884893654
class_size,AP,mur_lo@bin1,32626,0.002592851977252786
class_size,AP,mur_lo@bin2,31897,0.00040116066159257
class_size,AP,mur_lo@bin3,32354,0.00044930458669767415
class_size,AP,mur_lo@bin4,32535,0.00023391606435030354
class_size,AP,mur_lo@bin5,32677,0.000564088601213597
class_size,AP,mur_lo@bin6,32767,0.00042308522214262734
class_size,AP,mur_lo@bin7,32568,0.00032300162107945507
class_size,AP,mur_mid@bin1,33400,0.0028540752542492998
class_size,AP,mur_mid@bin2,32950,0.002700780888931553
class_size,AP,mur_mid@bin3,32677,0.000765898672026144
class_size,AP,mur_mid@bin4,32580,0.0015642381505024394
class_size,AP,mur_mid@bin5,32183,0.0012007835097187503
class_size,AP,mur_mid@bin6,32460,0.0006049336026702212
class_size,AP,mur_mid@bin7,32014,0.0003802550418779971
class_size,AP,mur_hi@bin1,33300,0.0025015664595728904
class_size,AP,mur_hi@bin2,33158,0.0025683050496752013
class_size,AP,mur_hi@bin3,32666,0.0013584227216980604
class_size,AP,mur_hi@bin4,32548,0.0018880401944959546
class_size,AP,mur_hi@bin5,32360,0.0013572146308908906
class_size,AP,mur_hi@bin6,32198,0.00096980864678331
class_size,AP,mur_hi@bin7,32220,0.000823747192192581
class_size,DIO,n_intpts_x@bin1,77281,0.0010459954224253387
class_size,DIO,n_intpts_x@bin2,35357,0.004081456010455176
class_size,DIO,n_intpts_x@bin3,28193,0.026262680323018595
class_size,DIO,n_intpts_x@bin4,26342,0.05357342669517973
has5isog,AN,rank_c=1,132300,0.03462894393289795
has5isog,AN,rank_c=0,97324,0.040077033819679975
has5isog,AN,rank_c=2,31912,0.01124580300045519
has5isog,AN,root_number=-1,133074,0.0345237143081113
has5isog,AN,v2_sha=0,253268,0.03631422975346987
has5isog,AN,v2_sha=2,8358,0.033883132865224375
has5isog,AN,v2_sha=4,645,-0.15896552007092501
has5isog,AN,log_odd_sha@bin1,4004,0.02997519266269899
has5isog,AN,v2_moddeg@bin1,57750,0.03639055825290416
has5isog,AN,v2_moddeg@bin2,32349,0.0486422120188964
has5isog,AN,v2_moddeg@bin3,30768,0.046081039361212994
has5isog,AN,v2_moddeg@bin4,49371,0.03815656843838866
has5isog,AN,v2_moddeg@bin5,16647,0.055263905759740495
has5isog,AN,v2_moddeg@bin6,19779,0.01859800079306495
has5isog,AN,v2_moddeg@bin7,10818,0.027276580117185256
has5isog,AN,v3_moddeg@bin1,72622,0.04006518736873632
has5isog,AN,v3_moddeg@bin2,69337,0.03616375122915627
has5isog,AN,v3_moddeg@bin3,45223,0.03724803025466694
has5isog,AN,v3_moddeg@bin4,22596,0.03275463583162186
has5isog,AN,v3_moddeg@bin5,13361,-0.03430488848838431
has5isog,AN,v5_moddeg=0,141513,0.012832081994617273
has5isog,AN,v5_moddeg=1,87790,0.0032988898505321718
has5isog,AN,v5_moddeg=2,26496,0.010419932983164792
has5isog,AN,v5_moddeg=3,5522,0.05276468970344572
has5isog,AN,v5_moddeg=4,883,0.13527741868620402
has5isog,AN,v7_moddeg=0,188479,0.039424549799572994
has5isog,AN,v7_moddeg=1,62229,0.02560057362692747
has5isog,AN,v7_moddeg=2,10381,0.0006894108277708533
has5isog,AN,v7_moddeg=3,1131,-0.2608639892753677
has5isog,AN,log_odd_moddeg@bin1,31262,0.008262466426394388
has5isog,AN,log_odd_moddeg@bin2,28933,0.0121035611137571
has5isog,AN,log_odd_moddeg@bin3,33314,0.0187262985857638
has5isog,AN,log_odd_moddeg@bin4,36249,0.030954233114886653
has5isog,AN,log_odd_moddeg@bin5,36026,0.03675482398700236
has5isog,AN,log_odd_moddeg@bin6,37298,0.04626730741600904
has5isog,AN,log_odd_moddeg@bin7,35434,0.056015981245245094
has5isog,AN,petersson_resid@bin1,32094,0.006268828297216977
has5isog,AN,petersson_resid@bin2,31867,0.032725690656845385
has5isog,AN,petersson_resid@bin3,31276,0.038587405798616636
has5isog,AN,petersson_resid@bin4,31500,0.039486400340674965
has5isog,AN,petersson_resid@bin5,31657,0.047612494747984346
has5isog,AN,petersson_resid@bin6,32822,0.0435893797476663
has5isog,AN,petersson_resid@bin7,36973,0.04765271798110371
has5isog,AN,log_regulator@bin1,103782,0.03901966280832436
has5isog,AN,log_regulator@bin2,26357,0.015573892026824021
has5isog,AN,log_regulator@bin3,33991,0.0469784266170401
has5isog,AN,log_regulator@bin4,30613,0.04377770363116518
has5isog,AN,log_regulator@bin5,25888,0.046936974856542024
has5isog,AN,log_omega@bin1,26869,0.0591130265736417
has5isog,AN,log_omega@bin2,29014,0.04696259902122124
has5isog,AN,log_omega@bin3,30903,0.03947783086669998
has5isog,AN,log_omega@bin4,32736,0.02270954466857089
has5isog,AN,log_omega@bin5,35311,-0.011543380080189847
has5isog,AN,log_omega@bin6,38629,-0.02486400760208296
has5isog,AN,log_omega@bin7,43950,-0.039969814312522
has5isog,LOC,n_bad_primes=4,121651,0.024508360287500364
has5isog,LOC,n_bad_primes=3,74003,0.008366286117184929
has5isog,LOC,n_bad_primes=5,49106,0.03443131953968903
has5isog,LOC,n_bad_primes=2,13491,0.0035902610023279546
has5isog,LOC,n_bad_primes=6,3317,-0.2424110001883606
has5isog,LOC,n_split_mult=1,99098,0.01044723318488705
has5isog,LOC,n_split_mult=2,74924,0.017530425119357873
has5isog,LOC,n_split_mult=0,52189,0.007256953927152976
has5isog,LOC,n_split_mult=3,28757,0.06656154362926459
has5isog,LOC,n_split_mult=4,6752,0.23397108625364393
has5isog,LOC,n_split_mult=5,557,0.32206358791211076
has5isog,LOC,n_nonsplit_mult=1,101157,0.021917696678469767
has5isog,LOC,n_nonsplit_mult=2,73876,0.006174560030129395
has5isog,LOC,n_nonsplit_mult=0,52816,0.031240178359859816
has5isog,LOC,n_nonsplit_mult=3,27847,0.003729637039663447
has5isog,LOC,n_nonsplit_mult=4,5884,0.004334145645876197
has5isog,LOC,n_nonsplit_mult=5,695,-0.343140476801544
has5isog,LOC,n_additive=1,118084,0.010214525263940843
has5isog,LOC,n_additive=0,70761,0.15554146699573634
has5isog,LOC,n_additive=2,61957,0.013311916944305557
has5isog,LOC,n_additive=3,11140,0.01151311474266592
has5isog,LOC,n_kod_In=3,82946,0.011592369575624262
has5isog,LOC,n_kod_In=2,75991,0.011775024228832032
has5isog,LOC,n_kod_In=4,50750,0.061117741260672154
has5isog,LOC,n_kod_In=1,31301,0.00831438777212068
has5isog,LOC,n_kod_In=5,15458,0.28388431761037825
has5isog,LOC,n_kod_In=0,3786,0.015911675732706354
has5isog,LOC,n_kod_II=0,233558,0.0197113182221188
has5isog,LOC,n_kod_II=1,27709,0.015810631487899518
has5isog,LOC,n_kod_II=2,1028,-0.001504373699100281
has5isog,LOC,n_kod_III=0,235590,0.021279752507582073
has5isog,LOC,n_kod_III=1,25772,0.0077615283706418126
has5isog,LOC,n_kod_III=2,935,0.0013552331894046699
has5isog,LOC,n_kod_IV=0,241722,0.020866852605813113
has5isog,LOC,n_kod_IV=1,20115,0.006372445006744165
has5isog,LOC,n_kod_I0s=0,229475,0.021410724661667158
has5isog,LOC,n_kod_I0s=1,31515,0.01490452482173621
has5isog,LOC,n_kod_I0s=2,1306,0.025210460354814557
has5isog,LOC,n_kod_Ins=0,172533,0.026175141458171347
has5isog,LOC,n_kod_Ins=1,78922,0.013210610763094599
has5isog,LOC,n_kod_Ins=2,10452,0.013575644187767799
has5isog,LOC,n_kod_IIs=0,246684,0.02014275296471435
has5isog,LOC,n_kod_IIs=1,15210,0.00042713349337930584
has5isog,LOC,n_kod_IIIs=0,241834,0.02067750540178437
has5isog,LOC,n_kod_IIIs=1,19823,0.010336651097083926
has5isog,LOC,n_kod_IIIs=2,644,-0.003921071209447291
has5isog,LOC,n_kod_IVs=0,237419,0.01991143233519932
has5isog,LOC,n_kod_IVs=1,23849,-0.8937304218529205
has5isog,LOC,n_kod_IVs=2,1025,-0.4942097972861419
has5isog,LOC,v2_tamagawa@bin1,67820,0.015041494111846632
has5isog,LOC,v2_tamagawa@bin2,45770,0.012846530396967482
has5isog,LOC,v2_tamagawa@bin3,24703,0.012287703217288892
has5isog,LOC,v2_tamagawa@bin4,10419,-0.007191035632949649
has5isog,LOC,v2_tamagawa@bin5,5156,-0.006141146040268497
has5isog,LOC,v3_tamagawa=0,185969,0.017813728432413356
has5isog,LOC,v3_tamagawa=1,59660,0.031812368317345574
has5isog,LOC,v3_tamagawa=2,12938,-0.02625070466264101
has5isog,LOC,v3_tamagawa=3,3028,0.23039331756393
has5isog,LOC,v3_tamagawa=4,620,0.07576252894566593
has5isog,LOC,v5_tamagawa=0,236930,0.006371862490384461
has5isog,LOC,v5_tamagawa=1,23915,0.015572421607936593
has5isog,LOC,v5_tamagawa=2,1325,-0.016449236328285988
has5isog,LOC,v7_tamagawa=0,249549,0.019338815472556115
has5isog,LOC,v7_tamagawa=1,12483,0.007644658254739589
has5isog,LOC,log_odd_tamagawa@bin1,48841,0.003095160188782753
has5isog,LOC,log_odd_tamagawa@bin2,33341,0.0181294397001599
has5isog,LOC,log_odd_tamagawa@bin3,26211,0.08612992884592041
has5isog,LOC,log_tamagawa@bin1,47812,0.006359755579216753
has5isog,LOC,log_tamagawa@bin2,46354,0.007730727364250178
has5isog,LOC,log_tamagawa@bin3,6440,0.018200551701404888
has5isog,LOC,log_tamagawa@bin4,33086,0.0035020441326977236
has5isog,LOC,log_tamagawa@bin5,29481,0.013378794188242948
has5isog,LOC,log_tamagawa@bin6,19249,0.014097807581691657
has5isog,LOC,log_tamagawa@bin7,22777,0.12615909558537897
has5isog,EQ,log_abs_disc@bin1,39954,0.006041424447026378
has5isog,EQ,log_abs_disc@bin2,36180,0.004432562624834602
has5isog,EQ,log_abs_disc@bin3,33020,0.0030897822768238825
has5isog,EQ,log_abs_disc@bin4,30750,0.002791962940528192
has5isog,EQ,log_abs_disc@bin5,28169,0.0034022162692477487
has5isog,EQ,log_abs_disc@bin6,25932,0.005151347663485573
has5isog,EQ,log_abs_disc@bin7,23512,0.0024548576899257046
has5isog,EQ,disc_sign=-1,165850,0.004658543928190095
has5isog,EQ,log_abs_c4@bin1,40553,0.005742445691344966
has5isog,EQ,log_abs_c4@bin2,36828,0.0039605496323619205
has5isog,EQ,log_abs_c4@bin3,33713,0.004167663319878057
has5isog,EQ,log_abs_c4@bin4,31058,0.0040433234934171836
has5isog,EQ,log_abs_c4@bin5,28028,0.004272799996351884
has5isog,EQ,log_abs_c4@bin6,25014,0.00362948543937458
has5isog,EQ,log_abs_c4@bin7,22175,0.002081507584183573
has5isog,EQ,c4_sign=1.0,203633,0.003278302119393617
has5isog,EQ,c4_sign=-1.0,58429,0.006546239112744545
has5isog,EQ,c6_sign=-1.0,132490,0.00431675460576364
has5isog,EQ,c6_sign=1.0,129711,0.004184329194401593
has5isog,AP,nagao_100@bin1,32529,0.0005377939447051006
has5isog,AP,nagao_100@bin2,31567,0.0002901931246203082
has5isog,AP,nagao_100@bin3,31846,0.0004059247808856359
has5isog,AP,nagao_100@bin4,32430,2.0853030522016702e-05
has5isog,AP,nagao_100@bin5,32777,-0.00018378155147091846
has5isog,AP,nagao_100@bin6,32807,0.00018331473493105044
has5isog,AP,nagao_100@bin7,32868,0.00017773994893321987
has5isog,AP,nagao_300@bin1,31536,0.0002926419973964256
has5isog,AP,nagao_300@bin2,31815,0.00035302215010513116
has5isog,AP,nagao_300@bin3,32380,-0.0003384524725771332
has5isog,AP,nagao_300@bin4,32609,0.00018368124151313392
has5isog,AP,nagao_300@bin5,32992,0.0003462218271227391
has5isog,AP,nagao_300@bin6,32077,0.00042333967400465244
has5isog,AP,nagao_300@bin7,32722,-5.6378088444608565e-05
has5isog,AP,nagao_1000@bin1,31309,0.0007183602856575266
has5isog,AP,nagao_1000@bin2,32152,-4.1012359308423285e-05
has5isog,AP,nagao_1000@bin3,32694,-4.976226927788652e-05
has5isog,AP,nagao_1000@bin4,32635,0.00012350344511780076
has5isog,AP,nagao_1000@bin5,32675,0.0004960136571062757
has5isog,AP,nagao_1000@bin6,31636,0.00017130847418111994
has5isog,AP,nagao_1000@bin7,32580,-1.386628612198848e-05
has5isog,AP,st_mean@bin1,32855,0.0004052544245022327
has5isog,AP,st_mean@bin2,32326,0.00016908541343663153
has5isog,AP,st_mean@bin3,32436,0.00041337571337951573
has5isog,AP,st_mean@bin4,32459,0.00028665830186447305
has5isog,AP,st_mean@bin5,32315,-3.4231224464109644e-05
has5isog,AP,st_mean@bin6,32067,0.0002181122358921872
has5isog,AP,st_mean@bin7,32221,0.00011158281620460286
has5isog,AP,st_m2@bin1,32653,0.0005167236990818447
has5isog,AP,st_m2@bin2,32337,0.00014521194330108234
has5isog,AP,st_m2@bin3,32865,0.0004859154657826936
has5isog,AP,st_m2@bin4,32814,0.00018964449507663517
has5isog,AP,st_m2@bin5,32794,1.4464770190625309e-05
has5isog,AP,st_m2@bin6,32830,0.0008287321887519017
has5isog,AP,st_m2@bin7,33301,2.851543110482524e-05
has5isog,AP,mur_lo@bin1,32626,0.0002874883282805163
has5isog,AP,mur_lo@bin2,31897,0.00029349910980469573
has5isog,AP,mur_lo@bin3,32354,0.0006298301350334823
has5isog,AP,mur_lo@bin4,32535,-0.0002309554731574348
has5isog,AP,mur_lo@bin5,32677,-0.00012107365729563391
has5isog,AP,mur_lo@bin6,32767,0.0001976611186934596
has5isog,AP,mur_lo@bin7,32568,0.00021596575895588277
has5isog,AP,mur_mid@bin1,33400,0.00048013398583901523
has5isog,AP,mur_mid@bin2,32950,0.0005770987915194592
has5isog,AP,mur_mid@bin3,32677,0.0003219654970579855
has5isog,AP,mur_mid@bin4,32580,0.0004722764786054823
has5isog,AP,mur_mid@bin5,32183,0.00024235827827856493
has5isog,AP,mur_mid@bin6,32460,0.0003314548294178765
has5isog,AP,mur_mid@bin7,32014,-6.607777765221812e-05
has5isog,AP,mur_hi@bin1,33300,0.000521889577604906
has5isog,AP,mur_hi@bin2,33158,0.000587788942622125
has5isog,AP,mur_hi@bin3,32666,0.00025835764404291695
has5isog,AP,mur_hi@bin4,32548,-5.884162078362287e-05
has5isog,AP,mur_hi@bin5,32360,0.00027335041694176443
has5isog,AP,mur_hi@bin6,32198,0.00011547965092384427
has5isog,AP,mur_hi@bin7,32220,0.0003289911262243095
has5isog,DIO,n_intpts_x@bin1,77281,0.0001965941282235928
has5isog,DIO,n_intpts_x@bin2,35357,0.00036319352962566054
has5isog,DIO,n_intpts_x@bin3,28193,0.0031994163950236354
has5isog,DIO,n_intpts_x@bin4,26342,0.003230322680317088
has7isog,AN,rank_c=1,132300,0.011627655646517354
has7isog,AN,rank_c=0,97324,0.009318463608469663
has7isog,AN,rank_c=2,31912,-0.0017009717924241219
has7isog,AN,root_number=-1,133074,0.011618762650104864
has7isog,AN,v2_sha=0,253268,0.01003079173676169
has7isog,AN,v2_sha=2,8358,0.013719921737425866
has7isog,AN,v2_sha=4,645,0.007817944438001767
has7isog,AN,log_odd_sha@bin1,4004,0.013481742829047016
has7isog,AN,v2_moddeg@bin1,57750,0.009993873075297643
has7isog,AN,v2_moddeg@bin2,32349,0.00798287635164685
has7isog,AN,v2_moddeg@bin3,30768,0.017158204228081342
has7isog,AN,v2_moddeg@bin4,49371,0.006706183842552393
has7isog,AN,v2_moddeg@bin5,16647,0.013286281996463867
has7isog,AN,v2_moddeg@bin6,19779,0.0013704810393283529
has7isog,AN,v2_moddeg@bin7,10818,-0.009553904514057576
has7isog,AN,v3_moddeg@bin1,72622,0.012205144767482912
has7isog,AN,v3_moddeg@bin2,69337,0.009139433703275524
has7isog,AN,v3_moddeg@bin3,45223,0.012291042721873202
has7isog,AN,v3_moddeg@bin4,22596,0.009054621818902264
has7isog,AN,v3_moddeg@bin5,13361,-0.007992784655467489
has7isog,AN,v5_moddeg=0,141513,0.011934684149440988
has7isog,AN,v5_moddeg=1,87790,0.008930881953352232
has7isog,AN,v5_moddeg=2,26496,0.0041994001215145405
has7isog,AN,v5_moddeg=3,5522,0.00587971616933658
has7isog,AN,v5_moddeg=4,883,-1.1247532762977732
has7isog,AN,v7_moddeg=0,188479,-0.0009072143208066485
has7isog,AN,v7_moddeg=1,62229,0.0021955760733736174
has7isog,AN,v7_moddeg=2,10381,0.010956631493974411
has7isog,AN,v7_moddeg=3,1131,0.0343435199327633
has7isog,AN,log_odd_moddeg@bin1,31262,0.00013372851681903164
has7isog,AN,log_odd_moddeg@bin2,28933,0.0002898344933772723
has7isog,AN,log_odd_moddeg@bin3,33314,0.0046282247217289685
has7isog,AN,log_odd_moddeg@bin4,36249,0.0035275944171383466
has7isog,AN,log_odd_moddeg@bin5,36026,0.0060183334885273165
has7isog,AN,log_odd_moddeg@bin6,37298,0.01195896654077877
has7isog,AN,log_odd_moddeg@bin7,35434,0.02033640089619093
has7isog,AN,petersson_resid@bin1,32094,0.0073547102357943706
has7isog,AN,petersson_resid@bin2,31867,0.015524472374091602
has7isog,AN,petersson_resid@bin3,31276,0.014181847699236916
has7isog,AN,petersson_resid@bin4,31500,0.00999209142617774
has7isog,AN,petersson_resid@bin5,31657,0.013660791090211122
has7isog,AN,petersson_resid@bin6,32822,0.009108234876742172
has7isog,AN,petersson_resid@bin7,36973,0.01289953781737474
has7isog,AN,log_regulator@bin1,103782,0.009114499836572088
has7isog,AN,log_regulator@bin2,26357,0.014669176637660652
has7isog,AN,log_regulator@bin3,33991,0.01161369554412417
has7isog,AN,log_regulator@bin4,30613,0.00946819521628306
has7isog,AN,log_regulator@bin5,25888,0.015613292601693085
has7isog,AN,log_omega@bin1,26869,0.01599869581261082
has7isog,AN,log_omega@bin2,29014,0.004924506206822277
has7isog,AN,log_omega@bin3,30903,0.006880091513601361
has7isog,AN,log_omega@bin4,32736,0.004833654034837154
has7isog,AN,log_omega@bin5,35311,0.0011173392938870208
has7isog,AN,log_omega@bin6,38629,-0.003174726275845474
has7isog,AN,log_omega@bin7,43950,-0.002459530834563184
has7isog,LOC,n_bad_primes=4,121651,0.007818712519689464
has7isog,LOC,n_bad_primes=3,74003,0.004914005591844961
has7isog,LOC,n_bad_primes=5,49106,0.004882525190035403
has7isog,LOC,n_bad_primes=2,13491,0.008797220059703181
has7isog,LOC,n_bad_primes=6,3317,0.0
has7isog,LOC,n_split_mult=1,99098,0.004986879822013068
has7isog,LOC,n_split_mult=2,74924,0.008274504759507306
has7isog,LOC,n_split_mult=0,52189,0.003626259373553653
has7isog,LOC,n_split_mult=3,28757,0.018847141661487044
has7isog,LOC,n_split_mult=4,6752,0.030389367202450446
has7isog,LOC,n_split_mult=5,557,-7.973889049456091
has7isog,LOC,n_nonsplit_mult=1,101157,0.006033596298353872
has7isog,LOC,n_nonsplit_mult=2,73876,0.0009268211096692403
has7isog,LOC,n_nonsplit_mult=0,52816,0.008520962994390757
has7isog,LOC,n_nonsplit_mult=3,27847,-0.0017192892358139922
has7isog,LOC,n_nonsplit_mult=4,5884,-0.005713385941731541
has7isog,LOC,n_nonsplit_mult=5,695,0.0
has7isog,LOC,n_additive=1,118084,0.003828528050752289
has7isog,LOC,n_additive=0,70761,0.030948214328846313
has7isog,LOC,n_additive=2,61957,0.005871287606616593
has7isog,LOC,n_additive=3,11140,0.00434454807017115
has7isog,LOC,n_kod_In=3,82946,0.007093253829634771
has7isog,LOC,n_kod_In=2,75991,0.006412172766068536
has7isog,LOC,n_kod_In=4,50750,0.015016449721304115
has7isog,LOC,n_kod_In=1,31301,0.00318983908151671
has7isog,LOC,n_kod_In=5,15458,0.01924452863191084
has7isog,LOC,n_kod_In=0,3786,0.007309882368691456
has7isog,LOC,n_kod_II=0,233558,0.006707607775493951
has7isog,LOC,n_kod_II=1,27709,0.004942997730524534
has7isog,LOC,n_kod_II=2,1028,0.005820304134054988
has7isog,LOC,n_kod_III=0,235590,0.006754401698621737
has7isog,LOC,n_kod_III=1,25772,0.0005417325218706193
has7isog,LOC,n_kod_III=2,935,-0.7066840018769711
has7isog,LOC,n_kod_IV=0,241722,0.006617478877291916
has7isog,LOC,n_kod_IV=1,20115,0.002890948055677023
has7isog,LOC,n_kod_I0s=0,229475,0.0070214260819246865
has7isog,LOC,n_kod_I0s=1,31515,0.005185930958357288
has7isog,LOC,n_kod_I0s=2,1306,0.0008011843760449278
has7isog,LOC,n_kod_Ins=0,172533,0.006182991587391107
has7isog,LOC,n_kod_Ins=1,78922,0.005882587482053947
has7isog,LOC,n_kod_Ins=2,10452,0.009205856170146576
has7isog,LOC,n_kod_IIs=0,246684,0.0064891626850921424
has7isog,LOC,n_kod_IIs=1,15210,0.0039651028932990995
has7isog,LOC,n_kod_IIIs=0,241834,0.006614020935162723
has7isog,LOC,n_kod_IIIs=1,19823,-1.0452724974645746
has7isog,LOC,n_kod_IIIs=2,644,-0.9872364493233623
has7isog,LOC,n_kod_IVs=0,237419,0.00681345737222383
has7isog,LOC,n_kod_IVs=1,23849,0.004827229444301251
has7isog,LOC,n_kod_IVs=2,1025,0.004324726152912017
has7isog,LOC,v2_tamagawa@bin1,67820,0.0073628007415065255
has7isog,LOC,v2_tamagawa@bin2,45770,0.003254681589314412
has7isog,LOC,v2_tamagawa@bin3,24703,0.006708283186160013
has7isog,LOC,v2_tamagawa@bin4,10419,-3.066961795966474
has7isog,LOC,v2_tamagawa@bin5,5156,-0.008177382632525543
has7isog,LOC,v3_tamagawa=0,185969,0.006294094024277941
has7isog,LOC,v3_tamagawa=1,59660,0.0068335452581711476
has7isog,LOC,v3_tamagawa=2,12938,-0.002068098766393911
has7isog,LOC,v3_tamagawa=3,3028,-1.023319859637347
has7isog,LOC,v3_tamagawa=4,620,-1.4955318221514915
has7isog,LOC,v5_tamagawa=0,236930,0.006548351155103327
has7isog,LOC,v5_tamagawa=1,23915,-0.007131048977480736
has7isog,LOC,v5_tamagawa=2,1325,-0.7361300282399827
has7isog,LOC,v7_tamagawa=0,249549,0.0027582910305472552
has7isog,LOC,v7_tamagawa=1,12483,0.0072530796414258525
has7isog,LOC,log_odd_tamagawa@bin1,48841,0.003056285569312256
has7isog,LOC,log_odd_tamagawa@bin2,33341,0.008241662920317028
has7isog,LOC,log_odd_tamagawa@bin3,26211,0.018507444612443913
has7isog,LOC,log_tamagawa@bin1,47812,0.005290606080965654
has7isog,LOC,log_tamagawa@bin2,46354,0.0023170246894196334
has7isog,LOC,log_tamagawa@bin3,6440,-0.00035533528304476647
has7isog,LOC,log_tamagawa@bin4,33086,0.006567299008596872
has7isog,LOC,log_tamagawa@bin5,29481,0.007060114336114642
has7isog,LOC,log_tamagawa@bin6,19249,0.007489705434418625
has7isog,LOC,log_tamagawa@bin7,22777,0.02241485100189311
has7isog,EQ,log_abs_disc@bin1,39954,0.0021836388457302514
has7isog,EQ,log_abs_disc@bin2,36180,0.0010732483636857193
has7isog,EQ,log_abs_disc@bin3,33020,0.0026004224636400064
has7isog,EQ,log_abs_disc@bin4,30750,0.0017662185855593648
has7isog,EQ,log_abs_disc@bin5,28169,0.0017239373848438877
has7isog,EQ,log_abs_disc@bin6,25932,0.0020088705521474903
has7isog,EQ,log_abs_disc@bin7,23512,0.0025187677245869233
has7isog,EQ,disc_sign=-1,165850,0.002779139841483369
has7isog,EQ,log_abs_c4@bin1,40553,0.0011764932383915294
has7isog,EQ,log_abs_c4@bin2,36828,-0.00034072876147606124
has7isog,EQ,log_abs_c4@bin3,33713,0.002314651545446411
has7isog,EQ,log_abs_c4@bin4,31058,0.0020985752601928587
has7isog,EQ,log_abs_c4@bin5,28028,0.0019826664314668285
has7isog,EQ,log_abs_c4@bin6,25014,0.0021206153455766152
has7isog,EQ,log_abs_c4@bin7,22175,0.002610425145951112
has7isog,EQ,c4_sign=1.0,203633,0.0020959076350670625
has7isog,EQ,c4_sign=-1.0,58429,0.0027606414943019963
has7isog,EQ,c6_sign=-1.0,132490,0.0024278840030750315
has7isog,EQ,c6_sign=1.0,129711,0.002382085664523581
has7isog,AP,nagao_100@bin1,32529,-0.0003703594166353241
has7isog,AP,nagao_100@bin2,31567,0.00015934527029104473
has7isog,AP,nagao_100@bin3,31846,0.000294939307661668
has7isog,AP,nagao_100@bin4,32430,0.00017078380184776254
has7isog,AP,nagao_100@bin5,32777,9.787323420407112e-05
has7isog,AP,nagao_100@bin6,32807,-7.584206240474067e-05
has7isog,AP,nagao_100@bin7,32868,0.00013315343434572302
has7isog,AP,nagao_300@bin1,31536,0.0003003350542011285
has7isog,AP,nagao_300@bin2,31815,-1.1295926330978645e-05
has7isog,AP,nagao_300@bin3,32380,4.413869840724782e-05
has7isog,AP,nagao_300@bin4,32609,4.2618153851314844e-05
has7isog,AP,nagao_300@bin5,32992,4.0870765999456715e-05
has7isog,AP,nagao_300@bin6,32077,0.00020324538892135813
has7isog,AP,nagao_300@bin7,32722,0.0002034346361501349
has7isog,AP,nagao_1000@bin1,31309,0.00025318925380846125
has7isog,AP,nagao_1000@bin2,32152,2.1093645233616343e-05
has7isog,AP,nagao_1000@bin3,32694,-0.00013055105548498425
has7isog,AP,nagao_1000@bin4,32635,0.00014049354713141504
has7isog,AP,nagao_1000@bin5,32675,0.0001624471546444184
has7isog,AP,nagao_1000@bin6,31636,8.744614599864864e-05
has7isog,AP,nagao_1000@bin7,32580,0.0001491918990077501
has7isog,AP,st_mean@bin1,32855,-0.00027101265187301493
has7isog,AP,st_mean@bin2,32326,0.0003956207840363213
has7isog,AP,st_mean@bin3,32436,-5.006858115930157e-05
has7isog,AP,st_mean@bin4,32459,0.00015155226846852443
has7isog,AP,st_mean@bin5,32315,0.00014722951269241502
has7isog,AP,st_mean@bin6,32067,0.000114348899577843
has7isog,AP,st_mean@bin7,32221,8.724226330469875e-06
has7isog,AP,st_m2@bin1,32653,0.00019203409550794248
has7isog,AP,st_m2@bin2,32337,7.64194764031334e-05
has7isog,AP,st_m2@bin3,32865,0.00020387519843134694
has7isog,AP,st_m2@bin4,32814,1.087929814547195e-05
has7isog,AP,st_m2@bin5,32794,-6.938807036882544e-05
has7isog,AP,st_m2@bin6,32830,0.0005405581396781267
has7isog,AP,st_m2@bin7,33301,0.0002478543694125479
has7isog,AP,mur_lo@bin1,32626,-7.1776577246218665e-06
has7isog,AP,mur_lo@bin2,31897,-4.207526251409632e-05
has7isog,AP,mur_lo@bin3,32354,0.0004195132128407275
has7isog,AP,mur_lo@bin4,32535,-0.0002446033132832426
has7isog,AP,mur_lo@bin5,32677,0.00028387385612449467
has7isog,AP,mur_lo@bin6,32767,6.734127681973234e-05
has7isog,AP,mur_lo@bin7,32568,9.233702619348971e-05
has7isog,AP,mur_mid@bin1,33400,1.292886541748306e-05
has7isog,AP,mur_mid@bin2,32950,0.00034218904484561996
has7isog,AP,mur_mid@bin3,32677,4.878434707866752e-05
has7isog,AP,mur_mid@bin4,32580,0.00016709298623918123
has7isog,AP,mur_mid@bin5,32183,9.15858174355133e-06
has7isog,AP,mur_mid@bin6,32460,0.00026349069644859835
has7isog,AP,mur_mid@bin7,32014,0.00010617269667489992
has7isog,AP,mur_hi@bin1,33300,0.0003019993747451766
has7isog,AP,mur_hi@bin2,33158,0.00011011635307123235
has7isog,AP,mur_hi@bin3,32666,0.0001876527444053533
has7isog,AP,mur_hi@bin4,32548,9.638445281379138e-05
has7isog,AP,mur_hi@bin5,32360,0.00022411306203362624
has7isog,AP,mur_hi@bin6,32198,4.546883352940512e-06
has7isog,AP,mur_hi@bin7,32220,-5.594061062619282e-05
has7isog,DIO,n_intpts_x@bin1,77281,-7.00366538977093e-05
has7isog,DIO,n_intpts_x@bin2,35357,-0.00011547567273062498
has7isog,DIO,n_intpts_x@bin3,28193,5.485893785706075e-05
has7isog,DIO,n_intpts_x@bin4,26342,0.0005414928610686376
disc_sign,AN,rank_c=1,190165,0.004317871473956569
disc_sign,AN,rank_c=0,147075,0.004323126349027984
disc_sign,AN,rank_c=2,39984,0.012622812861325716
disc_sign,AN,root_number=-1,190980,0.004584687910217267
disc_sign,AN,v2_sha=0,357213,0.0057837295950101675
disc_sign,AN,v2_sha=2,18630,-0.0007519086606440073
disc_sign,AN,v2_sha=4,2062,-0.001209725327821376
disc_sign,AN,log_odd_sha@bin1,7453,0.027028840331025372
disc_sign,AN,v2_moddeg@bin1,67667,0.007232355104365595
disc_sign,AN,v2_moddeg@bin2,39533,0.006319880889168572
disc_sign,AN,v2_moddeg@bin3,39624,0.004173846622421373
disc_sign,AN,v2_moddeg@bin4,71116,0.003734838077998792
disc_sign,AN,v2_moddeg@bin5,28521,0.0029987546498596584
disc_sign,AN,v2_moddeg@bin6,41613,0.001762659665302091
disc_sign,AN,v2_moddeg@bin7,39424,-0.0005161928036354624
disc_sign,AN,v3_moddeg@bin1,104076,0.004820474083190751
disc_sign,AN,v3_moddeg@bin2,95546,0.005540415941343579
disc_sign,AN,v3_moddeg@bin3,61678,0.005495054128887733
disc_sign,AN,v3_moddeg@bin4,32787,0.004794592645727791
disc_sign,AN,v3_moddeg@bin5,25646,0.005823670920633073
disc_sign,AN,v5_moddeg=0,210697,0.005669160145818086
disc_sign,AN,v5_moddeg=1,123069,0.005259702731198357
disc_sign,AN,v5_moddeg=2,35272,0.0044188753177235585
disc_sign,AN,v5_moddeg=3,7319,0.005811779544798612
disc_sign,AN,v5_moddeg=4,1400,0.0014045968069984482
disc_sign,AN,v7_moddeg=0,278514,0.005111988243308385
disc_sign,AN,v7_moddeg=1,84569,0.0063871295116749716
disc_sign,AN,v7_moddeg=2,13344,0.005233778983121051
disc_sign,AN,v7_moddeg=3,1456,0.004529290066185077
disc_sign,AN,log_odd_moddeg@bin1,51579,0.003858885850741678
disc_sign,AN,log_odd_moddeg@bin2,42597,0.005031651005305893
disc_sign,AN,log_odd_moddeg@bin3,46770,0.005434612265677874
disc_sign,AN,log_odd_moddeg@bin4,48120,0.0057272937937407065
disc_sign,AN,log_odd_moddeg@bin5,46930,0.006218890345756289
disc_sign,AN,log_odd_moddeg@bin6,47791,0.006458201001221742
disc_sign,AN,log_odd_moddeg@bin7,46584,0.00836684494546125
disc_sign,AN,petersson_resid@bin1,47371,0.00556116187939526
disc_sign,AN,petersson_resid@bin2,47712,0.005130988936261738
disc_sign,AN,petersson_resid@bin3,47177,0.003590687568056694
disc_sign,AN,petersson_resid@bin4,47082,0.004682920041534255
disc_sign,AN,petersson_resid@bin5,46827,0.004277211605173581
disc_sign,AN,petersson_resid@bin6,47081,0.0045091241380832425
disc_sign,AN,petersson_resid@bin7,47183,0.007992076157526284
disc_sign,AN,log_regulator@bin1,155035,0.004353730843573156
disc_sign,AN,log_regulator@bin2,33968,0.0071030296538793225
disc_sign,AN,log_regulator@bin3,47157,0.002221457445283348
disc_sign,AN,log_regulator@bin4,47356,0.001951948788693536
disc_sign,AN,log_regulator@bin5,47405,0.009417489659696798
disc_sign,LOC,n_bad_primes=4,175837,0.01831706185280746
disc_sign,LOC,n_bad_primes=3,93144,0.00944912045761448
disc_sign,LOC,n_bad_primes=5,85405,0.02479643616564675
disc_sign,LOC,n_bad_primes=2,15339,2.8723726875679034e-05
disc_sign,LOC,n_bad_primes=6,7556,0.013313647823448904
disc_sign,LOC,n_split_mult=1,138105,0.016741922415883792
disc_sign,LOC,n_split_mult=2,109618,0.013826680553764237
disc_sign,LOC,n_split_mult=0,71278,0.02048950572734809
disc_sign,LOC,n_split_mult=3,46044,0.014335586649330212
disc_sign,LOC,n_split_mult=4,11684,0.021741893396446166
disc_sign,LOC,n_split_mult=5,1218,0.025618174432013863
disc_sign,LOC,n_nonsplit_mult=1,143283,0.01528804150674734
disc_sign,LOC,n_nonsplit_mult=2,107901,0.016122505778501606
disc_sign,LOC,n_nonsplit_mult=0,73674,0.017629404434635343
disc_sign,LOC,n_nonsplit_mult=3,42255,0.01819425607020453
disc_sign,LOC,n_nonsplit_mult=4,9602,0.021867600213074434
disc_sign,LOC,n_nonsplit_mult=5,1243,0.026134376428603834
disc_sign,LOC,n_additive=1,169879,0.015615153343182864
disc_sign,LOC,n_additive=0,98779,0.008144279691830403
disc_sign,LOC,n_additive=2,91817,0.023809871216888157
disc_sign,LOC,n_additive=3,17002,0.03695936390533372
disc_sign,LOC,n_kod_In=3,118191,0.01438840758765958
disc_sign,LOC,n_kod_In=2,102419,0.013620670442158533
disc_sign,LOC,n_kod_In=4,79121,0.017396913482535803
disc_sign,LOC,n_kod_In=1,41117,0.02469866216472294
disc_sign,LOC,n_kod_In=5,26958,0.020458219849052606
disc_sign,LOC,n_kod_In=0,5565,0.026423517427750287
disc_sign,LOC,n_kod_II=0,347461,0.016801513918967448
disc_sign,LOC,n_kod_II=1,29474,0.013214241119636316
disc_sign,LOC,n_kod_II=2,1089,0.011962628120952945
disc_sign,LOC,n_kod_III=0,345882,0.01618538992216212
disc_sign,LOC,n_kod_III=1,31083,0.01942191839810803
disc_sign,LOC,n_kod_III=2,1060,0.03648207834067885
disc_sign,LOC,n_kod_IV=0,355310,0.016718080246032163
disc_sign,LOC,n_kod_IV=1,22165,0.013563024604112517
disc_sign,LOC,n_kod_IV=2,563,0.003507039088941233
disc_sign,LOC,n_kod_I0s=0,326842,0.014965580973930415
disc_sign,LOC,n_kod_I0s=1,48810,0.025749053836220614
disc_sign,LOC,n_kod_I0s=2,2350,0.045851042664976416
disc_sign,LOC,n_kod_Ins=0,228371,0.012561951625357115
disc_sign,LOC,n_kod_Ins=1,125328,0.01990544764815394
disc_sign,LOC,n_kod_Ins=2,22776,0.03765039624811328
disc_sign,LOC,n_kod_Ins=3,1558,0.054261460427781794
disc_sign,LOC,n_kod_IIs=0,356946,0.01664766353295488
disc_sign,LOC,n_kod_IIs=1,20592,0.014417054017193287
disc_sign,LOC,n_kod_IIIs=0,345580,0.015958588534830787
disc_sign,LOC,n_kod_IIIs=1,31358,0.02246415997757345
disc_sign,LOC,n_kod_IIIs=2,1086,0.022016061477329152
disc_sign,LOC,n_kod_IVs=0,345246,0.016333151804882595
disc_sign,LOC,n_kod_IVs=1,31453,0.018130597890696376
disc_sign,LOC,n_kod_IVs=2,1316,0.020794802094957654
disc_sign,LOC,v2_tamagawa@bin1,84941,0.013062677312465798
disc_sign,LOC,v2_tamagawa@bin2,71727,0.016601114092421265
disc_sign,LOC,v2_tamagawa@bin3,50650,0.014270251515711263
disc_sign,LOC,v2_tamagawa@bin4,28374,0.025785888764324527
disc_sign,LOC,v2_tamagawa@bin5,21887,0.04901686188461818
disc_sign,LOC,v3_tamagawa=0,268590,0.016630576445657907
disc_sign,LOC,v3_tamagawa=1,84834,0.016853856363509112
disc_sign,LOC,v3_tamagawa=2,18868,0.014374739381789015
disc_sign,LOC,v3_tamagawa=3,4539,0.010314292286082827
disc_sign,LOC,v3_tamagawa=4,1033,0.016020544344961474
disc_sign,LOC,v5_tamagawa=0,344626,0.01669083709077157
disc_sign,LOC,v5_tamagawa=1,31653,0.014581564294177785
disc_sign,LOC,v5_tamagawa=2,1609,0.01822560114143157
disc_sign,LOC,v7_tamagawa=0,362178,0.01655788665342106
disc_sign,LOC,v7_tamagawa=1,15545,0.015292535423890086
disc_sign,LOC,log_odd_tamagawa@bin1,71523,0.01625389352471407
disc_sign,LOC,log_odd_tamagawa@bin2,46261,0.012197563622540097
disc_sign,LOC,log_odd_tamagawa@bin3,32438,0.015545095702918732
disc_sign,LOC,log_tamagawa@bin1,58778,0.014494281510657903
disc_sign,LOC,log_tamagawa@bin2,65558,0.014451497480641451
disc_sign,LOC,log_tamagawa@bin3,7413,0.00931669671399682
disc_sign,LOC,log_tamagawa@bin4,54726,0.015776795134525456
disc_sign,LOC,log_tamagawa@bin5,49874,0.017015714600018605
disc_sign,LOC,log_tamagawa@bin6,34928,0.020898356896121073
disc_sign,LOC,log_tamagawa@bin7,44973,0.025237555962839053
disc_sign,GAL,class_size=1,177945,0.00447262108130797
disc_sign,GAL,class_size=2,138236,0.010432644557263449
disc_sign,GAL,class_size=4,51124,0.004085436549890686
disc_sign,GAL,class_size=6,5484,0.017126862711153823
disc_sign,GAL,class_size=3,2964,0.003316608364463125
disc_sign,GAL,max_isogeny_degree@bin1,110342,0.010245901013818948
disc_sign,GAL,max_isogeny_degree@bin2,70110,0.005158338744609359
disc_sign,GAL,max_isogeny_degree@bin3,18812,0.014828227694159257
disc_sign,GAL,has_2_isog,168294,0.008732291261119851
disc_sign,GAL,has_3_isog,34926,0.0068114097733370516
disc_sign,GAL,has_5_isog,2606,0.02350354168690494
disc_sign,GAL,has_7_isog,580,0.12160471884394919
disc_sign,GAL,two_adic_log_index=0.0,204770,-0.000681208175578929
disc_sign,GAL,two_adic_log_index=1.584962500721156,93664,0.00021876433200174183
disc_sign,GAL,two_adic_log_index=2.584962500721156,39824,0.012089901941447101
disc_sign,GAL,two_adic_log_index=3.584962500721156,26426,0.0295954787966487
disc_sign,GAL,two_adic_log_index=4.584962500721156,6200,0.036042067254487
disc_sign,GAL,two_adic_log_index=1.0,3501,0.2810207515266786
disc_sign,GAL,two_adic_log_index=5.584962500721156,1894,0.06300109250665176
disc_sign,GAL,two_adic_level=1,204770,-0.000681208175578929
disc_sign,GAL,two_adic_level=2,99332,0.007306161170794634
disc_sign,GAL,two_adic_level=8,36750,0.013516893631394411
disc_sign,GAL,two_adic_level=4,34120,0.040419090071406316
disc_sign,GAL,two_adic_level=16,1986,0.04297084667556117
disc_sign,GAL,n_nonsurj_primes=1,192989,0.01100905870999358
disc_sign,GAL,n_nonsurj_primes=0,176512,0.0015322344685776423
disc_sign,GAL,exceptional_image,1881,0.223916200812324
disc_sign,AP,nagao_100@bin1,47255,0.007592227191456025
disc_sign,AP,nagao_100@bin2,47118,0.004075853327759171
disc_sign,AP,nagao_100@bin3,47192,0.005383844041371044
disc_sign,AP,nagao_100@bin4,47348,0.005817416571679224
disc_sign,AP,nagao_100@bin5,47206,0.005046771470964995
disc_sign,AP,nagao_100@bin6,46931,0.006011326621179647
disc_sign,AP,nagao_100@bin7,47528,0.004947362718635051
disc_sign,AP,nagao_300@bin1,47226,0.005921641411644307
disc_sign,AP,nagao_300@bin2,47171,0.006081219907655311
disc_sign,AP,nagao_300@bin3,47219,0.004227411929806801
disc_sign,AP,nagao_300@bin4,47362,0.005423076407680583
disc_sign,AP,nagao_300@bin5,47374,0.006318172401577948
disc_sign,AP,nagao_300@bin6,47120,0.005039840413537555
disc_sign,AP,nagao_300@bin7,47215,0.004896759124654482
disc_sign,AP,nagao_1000@bin1,47230,0.005887340986461931
disc_sign,AP,nagao_1000@bin2,47189,0.0050363547332632486
disc_sign,AP,nagao_1000@bin3,47143,0.005314115133963404
disc_sign,AP,nagao_1000@bin4,47158,0.005208415623644269
disc_sign,AP,nagao_1000@bin5,47507,0.0062118235622746765
disc_sign,AP,nagao_1000@bin6,47516,0.005623879733703707
disc_sign,AP,nagao_1000@bin7,47060,0.005413838060752241
disc_sign,AP,frac_even@bin1,49178,0.0015861633434057776
disc_sign,AP,frac_even@bin2,43623,0.003107005175423505
disc_sign,AP,frac_even@bin3,46545,0.005516101524367545
disc_sign,AP,frac_even@bin4,187679,0.003076965238854812
disc_sign,AP,frac_zero@bin1,48298,0.008350385585652154
disc_sign,AP,frac_zero@bin2,45257,0.004442699331022371
disc_sign,AP,frac_zero@bin3,49273,0.0035443376359417522
disc_sign,AP,frac_zero@bin4,48815,0.001923156857684294
disc_sign,AP,frac_zero@bin5,43372,0.0008623974072332619
disc_sign,AP,frac_zero@bin6,48175,0.0005790307476790657
disc_sign,AP,frac_zero@bin7,45875,0.006335919722070371
disc_sign,AP,st_mean@bin1,47098,0.006355061823167141
disc_sign,AP,st_mean@bin2,47152,0.005185650746409531
disc_sign,AP,st_mean@bin3,47064,0.00571424494207784
disc_sign,AP,st_mean@bin4,47437,0.005355757237378689
disc_sign,AP,st_mean@bin5,47580,0.006262281496048683
disc_sign,AP,st_mean@bin6,47232,0.006105157418200835
disc_sign,AP,st_mean@bin7,47200,0.005355279578576733
disc_sign,AP,st_m2@bin1,47637,0.007715935744976532
disc_sign,AP,st_m2@bin2,47137,0.007933334947089143
disc_sign,AP,st_m2@bin3,47255,0.006569507071329528
disc_sign,AP,st_m2@bin4,47340,0.00773176688320687
disc_sign,AP,st_m2@bin5,46986,0.005563512565857187
disc_sign,AP,st_m2@bin6,47158,0.005716443818772454
disc_sign,AP,st_m2@bin7,47243,0.004685993296970392
disc_sign,AP,mur_lo@bin1,47711,0.0074461716926484955
disc_sign,AP,mur_lo@bin2,46855,0.004917427968800903
disc_sign,AP,mur_lo@bin3,47423,0.005072377979036813
disc_sign,AP,mur_lo@bin4,47155,0.005472380843662639
disc_sign,AP,mur_lo@bin5,46868,0.005261807491964254
disc_sign,AP,mur_lo@bin6,47194,0.006075422874927683
disc_sign,AP,mur_lo@bin7,47456,0.004773945636417309
disc_sign,AP,mur_mid@bin1,47267,0.007388428561354021
disc_sign,AP,mur_mid@bin2,47313,0.005700396397509411
disc_sign,AP,mur_mid@bin3,47433,0.006009477659867257
disc_sign,AP,mur_mid@bin4,47720,0.005520449601658872
disc_sign,AP,mur_mid@bin5,47063,0.005527059546615143
disc_sign,AP,mur_mid@bin6,47353,0.005825864477034592
disc_sign,AP,mur_mid@bin7,46831,0.005644767394223482
disc_sign,AP,mur_hi@bin1,47205,0.00615507060243814
disc_sign,AP,mur_hi@bin2,47608,0.006860792630038137
disc_sign,AP,mur_hi@bin3,47094,0.006290219792646989
disc_sign,AP,mur_hi@bin4,47030,0.005792486475753589
disc_sign,AP,mur_hi@bin5,47056,0.006895395406570803
disc_sign,AP,mur_hi@bin6,47091,0.006419009535532205
disc_sign,AP,mur_hi@bin7,47767,0.006069068373588449
disc_sign,DIO,n_intpts_x@bin1,111424,0.002162184005214396
disc_sign,DIO,n_intpts_x@bin2,53120,0.002488270930427583
disc_sign,DIO,n_intpts_x@bin3,44041,0.0011552205590815712
disc_sign,DIO,n_intpts_x@bin4,36112,0.009406149949081732
n_additive,AN,rank_c=1,190165,0.22704777736051485
n_additive,AN,rank_c=0,147075,0.22204330698954589
n_additive,AN,rank_c=2,39984,0.23236249847362356
n_additive,AN,root_number=-1,190980,0.22711049814266315
n_additive,AN,v2_sha=0,357213,0.22061634419889142
n_additive,AN,v2_sha=2,18630,0.2930413085693062
n_additive,AN,v2_sha=4,2062,0.3927525645709671
n_additive,AN,v3_sha=0,371810,0.22485152979882095
n_additive,AN,v3_sha=2,6170,0.2804154004256353
n_additive,AN,v5_sha=0,377099,0.22576005047886294
n_additive,AN,v5_sha=2,940,0.26063842630650236
n_additive,AN,v7_sha=0,377809,0.22581553446568026
n_additive,AN,log_odd_sha@bin1,7453,0.28001345503752517
n_additive,AN,v2_moddeg@bin1,67667,0.2272010086106201
n_additive,AN,v2_moddeg@bin2,39533,0.20426955942248748
n_additive,AN,v2_moddeg@bin3,39624,0.1968701320329479
n_additive,AN,v2_moddeg@bin4,71116,0.19303060846689069
n_additive,AN,v2_moddeg@bin5,28521,0.1944073906076863
n_additive,AN,v2_moddeg@bin6,41613,0.19582720131207498
n_additive,AN,v2_moddeg@bin7,39424,0.25151050997770885
n_additive,AN,v3_moddeg@bin1,104076,0.23619473503222144
n_additive,AN,v3_moddeg@bin2,95546,0.1985072774360216
n_additive,AN,v3_moddeg@bin3,61678,0.1706640719036545
n_additive,AN,v3_moddeg@bin4,32787,0.15821334278902
n_additive,AN,v3_moddeg@bin5,25646,0.16924772502321606
n_additive,AN,v5_moddeg=0,210697,0.23175826163262214
n_additive,AN,v5_moddeg=1,123069,0.21536264298446461
n_additive,AN,v5_moddeg=2,35272,0.2168091198946247
n_additive,AN,v5_moddeg=3,7319,0.23877537713849672
n_additive,AN,v5_moddeg=4,1400,0.28065250970776223
n_additive,AN,v7_moddeg=0,278514,0.2289160090366562
n_additive,AN,v7_moddeg=1,84569,0.21682221451416028
n_additive,AN,v7_moddeg=2,13344,0.21376228450198542
n_additive,AN,v7_moddeg=3,1456,0.24612957485670384
n_additive,AN,log_odd_moddeg@bin1,51579,0.19990987033729601
n_additive,AN,log_odd_moddeg@bin2,42597,0.19103534763051355
n_additive,AN,log_odd_moddeg@bin3,46770,0.20088805084486072
n_additive,AN,log_odd_moddeg@bin4,48120,0.2084029049380821
n_additive,AN,log_odd_moddeg@bin5,46930,0.22822938014962757
n_additive,AN,log_odd_moddeg@bin6,47791,0.25340922307257274
n_additive,AN,log_odd_moddeg@bin7,46584,0.27178441356021465
n_additive,AN,petersson_resid@bin1,47371,0.19658314477032945
n_additive,AN,petersson_resid@bin2,47712,0.1928669831017351
n_additive,AN,petersson_resid@bin3,47177,0.20427038537310593
n_additive,AN,petersson_resid@bin4,47082,0.20949272150892706
n_additive,AN,petersson_resid@bin5,46827,0.22538786019658197
n_additive,AN,petersson_resid@bin6,47081,0.23992331492654417
n_additive,AN,petersson_resid@bin7,47183,0.29810867956743303
n_additive,AN,log_regulator@bin1,155035,0.22231188867047724
n_additive,AN,log_regulator@bin2,33968,0.20972131218289503
n_additive,AN,log_regulator@bin3,47157,0.20889532745524253
n_additive,AN,log_regulator@bin4,47356,0.21600538803641156
n_additive,AN,log_regulator@bin5,47405,0.25597489401135975
n_additive,AN,log_omega@bin1,47026,0.19531539152219757
n_additive,AN,log_omega@bin2,47597,0.21588604222059105
n_additive,AN,log_omega@bin3,47439,0.2350586982570788
n_additive,AN,log_omega@bin4,47168,0.24165828217272278
n_additive,AN,log_omega@bin5,46965,0.24474025089623086
n_additive,AN,log_omega@bin6,47105,0.239659228583748
n_additive,AN,log_omega@bin7,47333,0.21563414641352796
n_additive,GAL,torsion_structure=[],201779,0.020170544200141083
n_additive,GAL,torsion_structure=[2],149201,0.00964921365053184
n_additive,GAL,"torsion_structure=[2,2]",13141,0.0072253459155536826
n_additive,GAL,torsion_structure=[3],6900,0.02573549316056134
n_additive,GAL,torsion_structure=[4],4652,0.0633952962040033
n_additive,GAL,torsion_structure=[6],989,0.09281202626751561
n_additive,GAL,has_2_isog,168294,0.009675200731388611
n_additive,GAL,has_3_isog,34926,0.036815254588126844
n_additive,GAL,class_size=1,177945,0.016578410778776642
n_additive,GAL,class_size=2,138236,0.010104836754944002
n_additive,GAL,class_size=4,51124,0.020830605946222214
n_additive,GAL,class_size=6,5484,0.1027548524339571
n_additive,GAL,class_size=3,2964,0.09055122322198095
n_additive,GAL,max_isogeny_degree@bin1,110342,0.0009541857260798592
n_additive,GAL,max_isogeny_degree@bin2,70110,0.01822795392361376
n_additive,GAL,max_isogeny_degree@bin3,18812,0.09408669178641083
n_additive,GAL,has_5_isog,2606,0.13933154776658374
n_additive,GAL,has_7_isog,580,0.11422692560572956
n_additive,GAL,two_adic_log_index=0.0,204770,0.007874936488467599
n_additive,GAL,two_adic_log_index=1.584962500721156,93664,0.002479522456770966
n_additive,GAL,two_adic_log_index=2.584962500721156,39824,0.010672840100802494
n_additive,GAL,two_adic_log_index=3.584962500721156,26426,0.01774875248277763
n_additive,GAL,two_adic_log_index=4.584962500721156,6200,0.061976618944685646
n_additive,GAL,two_adic_log_index=1.0,3501,0.17929824560750207
n_additive,GAL,two_adic_log_index=5.584962500721156,1894,0.035604626621347446
n_additive,GAL,two_adic_level=1,204770,0.007874936488467599
n_additive,GAL,two_adic_level=2,99332,0.0114265490793386
n_additive,GAL,two_adic_level=8,36750,0.017142060944996818
n_additive,GAL,two_adic_level=4,34120,0.03446334045253063
n_additive,GAL,two_adic_level=16,1986,0.19265008372016346
n_additive,GAL,n_nonsurj_primes=1,192989,0.013680516705198431
n_additive,GAL,n_nonsurj_primes=0,176512,0.008104111871681474
n_additive,GAL,exceptional_image,1881,0.3912978655778864
n_additive,GAL,v2_torsion=0,208915,0.019982496978669162
n_additive,GAL,v2_torsion=1,150202,0.00975608134331607
n_additive,GAL,v2_torsion=2,17810,0.010116035156380376
n_additive,GAL,odd_torsion=1,369055,0.01378920407013462
n_additive,GAL,odd_torsion=3,7906,0.026928625442477205
n_additive,DIO,n_intpts_x@bin1,111424,0.013506924785291474
n_additive,DIO,n_intpts_x@bin2,53120,0.00024272256834267925
n_additive,DIO,n_intpts_x@bin3,44041,3.837169543363661e-05
n_additive,DIO,n_intpts_x@bin4,36112,0.011814986444593334
n_additive,AP,nagao_100@bin1,47255,0.012209592336973496
n_additive,AP,nagao_100@bin2,47118,0.008922239150506273
n_additive,AP,nagao_100@bin3,47192,0.014292593930214093
n_additive,AP,nagao_100@bin4,47348,0.013010807729596174
n_additive,AP,nagao_100@bin5,47206,0.013050706794330624
n_additive,AP,nagao_100@bin6,46931,0.014497577313510646
n_additive,AP,nagao_100@bin7,47528,0.012142560137856417
n_additive,AP,nagao_300@bin1,47226,0.01323046627510549
n_additive,AP,nagao_300@bin2,47171,0.01798642717822929
n_additive,AP,nagao_300@bin3,47219,0.014137112706735122
n_additive,AP,nagao_300@bin4,47362,0.01980952323826135
n_additive,AP,nagao_300@bin5,47374,0.010962194447177498
n_additive,AP,nagao_300@bin6,47120,0.01399039602733243
n_additive,AP,nagao_300@bin7,47215,0.010692652350451248
n_additive,AP,nagao_1000@bin1,47230,0.011110673365673729
n_additive,AP,nagao_1000@bin2,47189,0.007865824743060634
n_additive,AP,nagao_1000@bin3,47143,0.013550370634036746
n_additive,AP,nagao_1000@bin4,47158,0.0149572250417499
n_additive,AP,nagao_1000@bin5,47507,0.011278508072116056
n_additive,AP,nagao_1000@bin6,47516,0.015395548211400767
n_additive,AP,nagao_1000@bin7,47060,0.010416677935208063
n_additive,AP,frac_even@bin1,49178,0.020006202840803677
n_additive,AP,frac_even@bin2,43623,0.01931648862203339
n_additive,AP,frac_even@bin3,46545,0.013355006420637805
n_additive,AP,frac_even@bin4,187679,0.010273713459173273
n_additive,AP,frac_zero@bin1,48298,0.006096416324972376
n_additive,AP,frac_zero@bin2,45257,0.006359328649608531
n_additive,AP,frac_zero@bin3,49273,0.005644851950149521
n_additive,AP,frac_zero@bin4,48815,0.004553432670426849
n_additive,AP,frac_zero@bin5,43372,0.004928246016981053
n_additive,AP,frac_zero@bin6,48175,0.0036015147008132686
n_additive,AP,frac_zero@bin7,45875,0.07679160338024094
n_additive,AP,st_mean@bin1,47098,0.014330276673181763
n_additive,AP,st_mean@bin2,47152,0.014128037491052958
n_additive,AP,st_mean@bin3,47064,0.015233015651895387
n_additive,AP,st_mean@bin4,47437,0.011081120708854031
n_additive,AP,st_mean@bin5,47580,0.010356467017732074
n_additive,AP,st_mean@bin6,47232,0.013747066843706968
n_additive,AP,st_mean@bin7,47200,0.012161742455834013
n_additive,AP,st_m2@bin1,47637,0.023610451466645754
n_additive,AP,st_m2@bin2,47137,0.014871031365864429
n_additive,AP,st_m2@bin3,47255,0.015197244204702254
n_additive,AP,st_m2@bin4,47340,0.008304225776250895
n_additive,AP,st_m2@bin5,46986,0.007934216554985607
n_additive,AP,st_m2@bin6,47158,0.006000440821758324
n_additive,AP,st_m2@bin7,47243,0.008367316988473261
n_additive,AP,mur_lo@bin1,47711,0.01225208197295169
n_additive,AP,mur_lo@bin2,46855,0.009838311214777185
n_additive,AP,mur_lo@bin3,47423,0.011397716138200065
n_additive,AP,mur_lo@bin4,47155,0.013726218717234007
n_additive,AP,mur_lo@bin5,46868,0.012183116791067872
n_additive,AP,mur_lo@bin6,47194,0.017700540126626252
n_additive,AP,mur_lo@bin7,47456,0.01042195168561344
n_additive,AP,mur_mid@bin1,47267,0.014921791682490748
n_additive,AP,mur_mid@bin2,47313,0.013068781786282568
n_additive,AP,mur_mid@bin3,47433,0.01245802015856401
n_additive,AP,mur_mid@bin4,47720,0.015957376395938527
n_additive,AP,mur_mid@bin5,47063,0.013969537192548676
n_additive,AP,mur_mid@bin6,47353,0.012670329947337189
n_additive,AP,mur_mid@bin7,46831,0.009902851084714448
n_additive,AP,mur_hi@bin1,47205,0.01190002880844021
n_additive,AP,mur_hi@bin2,47608,0.015176108309464587
n_additive,AP,mur_hi@bin3,47094,0.014498414812883165
n_additive,AP,mur_hi@bin4,47030,0.013219715948387112
n_additive,AP,mur_hi@bin5,47056,0.007118563144393963
n_additive,AP,mur_hi@bin6,47091,0.011264702984451702
n_additive,AP,mur_hi@bin7,47767,0.014218012330622365
disc_resid,GAL,class_size=1,177945,0.011321286601026936
disc_resid,GAL,class_size=2,138236,0.07839950006767715
disc_resid,GAL,class_size=4,51124,0.09369021385022824
disc_resid,GAL,class_size=6,5484,0.28856832460386594
disc_resid,GAL,class_size=3,2964,0.3309159092466897
disc_resid,GAL,max_isogeny_degree@bin1,110342,0.02485607677238788
disc_resid,GAL,max_isogeny_degree@bin2,70110,0.09370502428762473
disc_resid,GAL,max_isogeny_degree@bin3,18812,0.3896094692546843
disc_resid,GAL,has_5_isog,2606,0.5381653217369291
disc_resid,GAL,has_7_isog,580,0.49766952148654997
disc_resid,GAL,two_adic_log_index=0.0,204770,0.04991974329649995
disc_resid,GAL,two_adic_log_index=1.584962500721156,93664,0.05013051921055922
disc_resid,GAL,two_adic_log_index=2.584962500721156,39824,0.05428980710769549
disc_resid,GAL,two_adic_log_index=3.584962500721156,26426,0.04907694162065113
disc_resid,GAL,two_adic_log_index=4.584962500721156,6200,0.23773944084406828
disc_resid,GAL,two_adic_log_index=1.0,3501,0.23480286827352148
disc_resid,GAL,two_adic_log_index=5.584962500721156,1894,0.37261846794933295
disc_resid,GAL,two_adic_level=1,204770,0.04991974329649995
disc_resid,GAL,two_adic_level=2,99332,0.051680180835500966
disc_resid,GAL,two_adic_level=8,36750,0.11348627439219927
disc_resid,GAL,two_adic_level=4,34120,0.06762758644503097
disc_resid,GAL,two_adic_level=16,1986,0.2269246805350762
disc_resid,GAL,n_nonsurj_primes=1,192989,0.08601522639483794
disc_resid,GAL,n_nonsurj_primes=0,176512,0.008645291211438422
disc_resid,GAL,exceptional_image,1881,0.2787436680208336
disc_resid,GAL,v2_torsion=0,208915,0.054337908134855506
disc_resid,GAL,v2_torsion=1,150202,0.06490666635600928
disc_resid,GAL,v2_torsion=2,17810,0.08082772453224596
disc_resid,GAL,odd_torsion=1,369055,0.06008380915885747
disc_resid,GAL,odd_torsion=3,7906,0.039747649789848905
disc_resid,GAL,has_2_isog,168294,0.0665941494523975
disc_resid,GAL,has_3_isog,34926,0.25902793502295973
disc_resid,AN,rank_c=1,190165,0.8878482944224492
disc_resid,AN,rank_c=0,147075,0.8824987383193611
disc_resid,AN,rank_c=2,39984,0.9126386451103103
disc_resid,AN,root_number=-1,190980,0.8880751997909153
disc_resid,AN,v2_sha=0,357213,0.8979427096231118
disc_resid,AN,v2_sha=2,18630,0.7746176407688183
disc_resid,AN,v2_sha=4,2062,0.7428861576979887
disc_resid,AN,log_odd_sha@bin1,7453,0.8320945368541701
disc_resid,AN,v2_moddeg@bin1,67667,0.898600413088408
disc_resid,AN,v2_moddeg@bin2,39533,0.9031248463289997
disc_resid,AN,v2_moddeg@bin3,39624,0.9036306302340295
disc_resid,AN,v2_moddeg@bin4,71116,0.9023162579996028
disc_resid,AN,v2_moddeg@bin5,28521,0.8946088479657796
disc_resid,AN,v2_moddeg@bin6,41613,0.882197581123086
disc_resid,AN,v2_moddeg@bin7,39424,0.834861914166302
disc_resid,AN,v3_moddeg@bin1,104076,0.8813821176300058
disc_resid,AN,v3_moddeg@bin2,95546,0.8883654178208455
disc_resid,AN,v3_moddeg@bin3,61678,0.8931920530821366
disc_resid,AN,v3_moddeg@bin4,32787,0.8928614619618378
disc_resid,AN,v3_moddeg@bin5,25646,0.8802245676716026
disc_resid,AN,v5_moddeg=0,210697,0.8764647272629477
disc_resid,AN,v5_moddeg=1,123069,0.8918485186081929
disc_resid,AN,v5_moddeg=2,35272,0.9121205786882493
disc_resid,AN,v5_moddeg=3,7319,0.9113144595508582
disc_resid,AN,v5_moddeg=4,1400,0.8912632273643001
disc_resid,AN,v7_moddeg=0,278514,0.8788836018643589
disc_resid,AN,v7_moddeg=1,84569,0.8994970197492501
disc_resid,AN,v7_moddeg=2,13344,0.9240092629582661
disc_resid,AN,v7_moddeg=3,1456,0.9372595010596846
disc_resid,AN,log_odd_moddeg@bin1,51579,0.8799503554626611
disc_resid,AN,log_odd_moddeg@bin2,42597,0.885274337616427
disc_resid,AN,log_odd_moddeg@bin3,46770,0.8741366677360192
disc_resid,AN,log_odd_moddeg@bin4,48120,0.8742496477514994
disc_resid,AN,log_odd_moddeg@bin5,46930,0.8646177601403853
disc_resid,AN,log_odd_moddeg@bin6,47791,0.8640812606804057
disc_resid,AN,log_odd_moddeg@bin7,46584,0.912340896487855
disc_resid,AN,petersson_resid@bin1,47371,0.8778626799349745
disc_resid,AN,petersson_resid@bin2,47712,0.8829221528842226
disc_resid,AN,petersson_resid@bin3,47177,0.8823893544866116
disc_resid,AN,petersson_resid@bin4,47082,0.8864289759730765
disc_resid,AN,petersson_resid@bin5,46827,0.8938867347508369
disc_resid,AN,petersson_resid@bin6,47081,0.8950362428798061
disc_resid,AN,petersson_resid@bin7,47183,0.905497393239603
disc_resid,AN,log_regulator@bin1,155035,0.8844235640242718
disc_resid,AN,log_regulator@bin2,33968,0.928118322783906
disc_resid,AN,log_regulator@bin3,47157,0.9186301027372012
disc_resid,AN,log_regulator@bin4,47356,0.8850950225312106
disc_resid,AN,log_regulator@bin5,47405,0.8405910653156703
disc_resid,DIO,n_intpts_x@bin1,111424,0.01295660090017059
disc_resid,DIO,n_intpts_x@bin2,53120,0.02830452388962179
disc_resid,DIO,n_intpts_x@bin3,44041,0.057671681409426245
disc_resid,DIO,n_intpts_x@bin4,36112,0.08981664027444225
disc_resid,AP,nagao_100@bin1,47255,0.026237200467272626
disc_resid,AP,nagao_100@bin2,47118,0.007153057976854282
disc_resid,AP,nagao_100@bin3,47192,0.003276516951545849
disc_resid,AP,nagao_100@bin4,47348,0.0008735544680635865
disc_resid,AP,nagao_100@bin5,47206,0.0020098899285040384
disc_resid,AP,nagao_100@bin6,46931,0.003094075500628124
disc_resid,AP,nagao_100@bin7,47528,-0.0005782419824404972
disc_resid,AP,nagao_300@bin1,47226,0.017165035361016767
disc_resid,AP,nagao_300@bin2,47171,0.006769050568707358
disc_resid,AP,nagao_300@bin3,47219,0.0035020720915817094
disc_resid,AP,nagao_300@bin4,47362,0.002798233399104344
disc_resid,AP,nagao_300@bin5,47374,0.002044848675087696
disc_resid,AP,nagao_300@bin6,47120,0.002308779184583498
disc_resid,AP,nagao_300@bin7,47215,0.0007765099347353255
disc_resid,AP,nagao_1000@bin1,47230,0.02340101516270532
disc_resid,AP,nagao_1000@bin2,47189,0.009962426818533987
disc_resid,AP,nagao_1000@bin3,47143,0.007079460702585916
disc_resid,AP,nagao_1000@bin4,47158,0.00369624834829807
disc_resid,AP,nagao_1000@bin5,47507,0.002347882604858742
disc_resid,AP,nagao_1000@bin6,47516,0.0025620565076722723
disc_resid,AP,nagao_1000@bin7,47060,0.002397866231865886
disc_resid,AP,frac_even@bin1,49178,0.01409825070550308
disc_resid,AP,frac_even@bin2,43623,0.016813428762284643
disc_resid,AP,frac_even@bin3,46545,0.012618803402947965
disc_resid,AP,frac_even@bin4,187679,0.010923117225730028
disc_resid,AP,frac_zero@bin1,48298,0.013517793387728183
disc_resid,AP,frac_zero@bin2,45257,0.01195316241728206
disc_resid,AP,frac_zero@bin3,49273,0.0112915643599385
disc_resid,AP,frac_zero@bin4,48815,0.01137176995953526
disc_resid,AP,frac_zero@bin5,43372,0.010727101370454184
disc_resid,AP,frac_zero@bin6,48175,0.013617415650740594
disc_resid,AP,frac_zero@bin7,45875,0.018807776710344393
disc_resid,AP,st_mean@bin1,47098,0.008631339647155123
disc_resid,AP,st_mean@bin2,47152,0.014782475032432796
disc_resid,AP,st_mean@bin3,47064,0.011902787545470805
disc_resid,AP,st_mean@bin4,47437,0.008639336783103024
disc_resid,AP,st_mean@bin5,47580,0.00590287302460657
disc_resid,AP,st_mean@bin6,47232,0.001848173782162843
disc_resid,AP,st_mean@bin7,47200,0.0036931721859836397
disc_resid,AP,st_m2@bin1,47637,0.012180671554749445
disc_resid,AP,st_m2@bin2,47137,0.014489227238479008
disc_resid,AP,st_m2@bin3,47255,0.013131383909991023
disc_resid,AP,st_m2@bin4,47340,0.013020262293717666
disc_resid,AP,st_m2@bin5,46986,0.015860826378033988
disc_resid,AP,st_m2@bin6,47158,0.015068616082973052
disc_resid,AP,st_m2@bin7,47243,0.010361155623653806
disc_resid,AP,mur_lo@bin1,47711,0.026254328071100175
disc_resid,AP,mur_lo@bin2,46855,0.009134121960036934
disc_resid,AP,mur_lo@bin3,47423,0.004604885522094149
disc_resid,AP,mur_lo@bin4,47155,0.0027437760192343674
disc_resid,AP,mur_lo@bin5,46868,0.001991121796083406
disc_resid,AP,mur_lo@bin6,47194,0.0029352229163560617
disc_resid,AP,mur_lo@bin7,47456,9.774762692615901e-05
disc_resid,AP,mur_mid@bin1,47267,0.023392865225560278
disc_resid,AP,mur_mid@bin2,47313,0.01730166864203697
disc_resid,AP,mur_mid@bin3,47433,0.010313035199033593
disc_resid,AP,mur_mid@bin4,47720,0.006804180722451814
disc_resid,AP,mur_mid@bin5,47063,0.006775343573498738
disc_resid,AP,mur_mid@bin6,47353,0.004446918453367976
disc_resid,AP,mur_mid@bin7,46831,0.0037244093171103776
disc_resid,AP,mur_hi@bin1,47205,0.016300035465641183
disc_resid,AP,mur_hi@bin2,47608,0.015014825156317135
disc_resid,AP,mur_hi@bin3,47094,0.011352713701757278
disc_resid,AP,mur_hi@bin4,47030,0.012297862160847384
disc_resid,AP,mur_hi@bin5,47056,0.012192076086431025
disc_resid,AP,mur_hi@bin6,47091,0.012029342360796114
disc_resid,AP,mur_hi@bin7,47767,0.008047161714186846
