A,a,B,b,observed,expected,kind,log10_p,n_rows,known
has_2_isog,1,v2_torsion,0,0,465475.3,forbidden,-202153.4,1889364,same-group GAL
has_2_isog,1,two_adic_log_index,0,0,455072.9,forbidden,-197635.6,1885114,same-group GAL
two_adic_level,1,has_2_isog,1,0,455072.9,forbidden,-197635.6,1885114,same-group GAL
n_torsion_gens,0,has_2_isog,1,0,449059.8,forbidden,-195024.2,1889364,same-group GAL
torsion_structure,[],has_2_isog,1,0,449059.8,forbidden,-195024.2,1889364,same-group GAL
two_adic_label,X1,has_2_isog,1,0,441889.7,forbidden,-191910.2,1841734,same-group GAL
torsion_structure,[],n_torsion_gens,1,0,432486.5,forbidden,-187826.5,1889364,I
n_nonsurj_primes,1,max_isogeny_degree,1,7138,452753.5,depleted,-180666.0,1889364,same-group GAL
n_nonsurj_primes,1,class_size,1,7138,452753.5,depleted,-180666.0,1889364,same-group GAL
has_2_isog,0,v2_torsion,1,0,415610.5,forbidden,-180497.4,1889364,same-group GAL
torsion_structure,[2],v2_torsion,0,0,412866.0,forbidden,-179305.4,1889364,I
torsion_structure,[2],has_2_isog,0,0,412866.0,forbidden,-179305.4,1889364,same-group GAL
two_adic_level,1,v2_torsion,1,0,406319.3,forbidden,-176462.2,1885114,same-group GAL
v2_torsion,1,two_adic_log_index,0,0,406319.3,forbidden,-176462.2,1885114,same-group GAL
torsion_structure,[2],two_adic_log_index,0,0,403642.1,forbidden,-175299.5,1885114,same-group GAL
torsion_structure,[2],two_adic_level,1,0,403642.1,forbidden,-175299.5,1885114,same-group GAL
two_adic_label,X1,v2_torsion,1,0,401291.3,forbidden,-174278.6,1841734,same-group GAL
n_torsion_gens,0,v2_torsion,1,0,401047.9,forbidden,-174172.9,1889364,same-group GAL
torsion_structure,[],v2_torsion,1,0,401047.9,forbidden,-174172.9,1889364,I
torsion_structure,[2],two_adic_label,X1,0,398527.8,forbidden,-173078.4,1841734,same-group GAL
torsion_structure,[2],n_torsion_gens,0,0,398421.3,forbidden,-173032.2,1889364,I
n_nonsurj_primes,0,has_2_isog,1,1168,392469.4,depleted,-166991.2,1889364,same-group GAL
n_torsion_gens,1,max_isogeny_degree,1,0,379851.5,forbidden,-164967.4,1889364,same-group GAL
n_torsion_gens,1,class_size,1,0,379851.5,forbidden,-164967.4,1889364,same-group GAL
n_nonsurj_primes,0,n_torsion_gens,1,1168,377983.1,depleted,-160718.9,1889364,same-group GAL
max_isogeny_degree,1,v2_torsion,1,0,352430.3,forbidden,-153058.5,1889364,same-group GAL
class_size,1,v2_torsion,1,0,352430.3,forbidden,-153058.5,1889364,same-group GAL
torsion_structure,[2],max_isogeny_degree,1,0,350163.7,forbidden,-152074.1,1889364,same-group GAL
torsion_structure,[2],class_size,1,0,350163.7,forbidden,-152074.1,1889364,same-group GAL
n_nonsurj_primes,0,v2_torsion,1,1165,350699.3,depleted,-148915.2,1889364,same-group GAL
torsion_structure,[2],n_nonsurj_primes,0,1165,348443.9,depleted,-147938.9,1889364,same-group GAL
rank_c,1,root_number,1,0,325661.8,forbidden,-141433.1,1311066,T1
n_torsion_gens,1,v2_torsion,0,36277,448300.7,depleted,-139330.0,1889364,same-group GAL
n_torsion_gens,1,has_2_isog,0,36277,448300.7,depleted,-139330.0,1889364,same-group GAL
two_adic_level,1,n_torsion_gens,1,35666,438142.9,depleted,-135943.0,1885114,same-group GAL
n_torsion_gens,1,two_adic_log_index,0,35666,438142.9,depleted,-135943.0,1885114,same-group GAL
n_nonsurj_primes,0,class_size,2,2476,324584.2,depleted,-134648.8,1889364,same-group GAL
two_adic_label,X1,n_torsion_gens,1,35666,431615.6,depleted,-133340.7,1841734,same-group GAL
max_isogeny_degree,2,v2_torsion,0,0,306001.2,forbidden,-132894.7,1889364,same-group GAL
two_adic_label,X1,max_isogeny_degree,2,0,302508.6,forbidden,-131377.8,1841734,same-group GAL
two_adic_level,1,max_isogeny_degree,2,0,299350.8,forbidden,-130006.4,1885114,same-group GAL
max_isogeny_degree,2,two_adic_log_index,0,0,299350.8,forbidden,-130006.4,1885114,same-group GAL
n_torsion_gens,0,max_isogeny_degree,2,0,295449.3,forbidden,-128312.0,1889364,same-group GAL
torsion_structure,[],max_isogeny_degree,2,0,295449.3,forbidden,-128312.0,1889364,same-group GAL
root_number,-1,log_regulator,b1,30738,391293.3,depleted,-122629.7,1889364,same-group AN
rank_c,1,log_regulator,b1,30408,389602.4,depleted,-122317.8,1889364,I1 (rank 0 has regulator 1)
two_adic_level,2,two_adic_label,X1,0,276228.5,forbidden,-119964.5,1837484,same-group GAL
max_isogeny_degree,1,is_opt,0,0,270030.1,forbidden,-117272.6,1889364,I5
class_size,1,is_opt,0,0,270030.1,forbidden,-117272.6,1889364,I5
two_adic_label,X1,two_adic_log_index,1,0,269815.7,forbidden,-117179.5,1837484,same-group GAL
two_adic_level,2,two_adic_log_index,0,0,269523.9,forbidden,-117052.8,1885114,same-group GAL
two_adic_label,X6,v2_torsion,0,0,264932.6,forbidden,-115058.8,1841734,same-group GAL
two_adic_label,X6,has_2_isog,0,0,264932.6,forbidden,-115058.8,1841734,same-group GAL
two_adic_level,1,two_adic_log_index,1,0,263241.8,forbidden,-114324.5,1885114,same-group GAL
two_adic_label,X6,two_adic_log_index,0,0,260092.8,forbidden,-112956.9,1837484,same-group GAL
two_adic_level,1,two_adic_label,X6,0,260092.8,forbidden,-112956.9,1837484,same-group GAL
n_nonsurj_primes,0,is_opt,0,1626,268696.8,depleted,-112382.7,1889364,I5/T8 (optimal vs non-optimal curves differ by the isogeny)
two_adic_level,2,has_2_isog,0,3174,274948.0,depleted,-111882.0,1885114,same-group GAL
two_adic_level,2,v2_torsion,0,3174,274948.0,depleted,-111882.0,1885114,same-group GAL
two_adic_label,X6,n_torsion_gens,0,0,255820.4,forbidden,-111101.4,1841734,same-group GAL
torsion_structure,[],two_adic_label,X6,0,255820.4,forbidden,-111101.4,1841734,same-group GAL
v3_tamagawa,1,log_odd_tamagawa,b0,0,255383.8,forbidden,-110911.8,1889364,same-group LOC
v3_tamagawa,0,log_odd_tamagawa,b1,0,253813.9,forbidden,-110230.0,1889364,same-group LOC
n_nonsurj_primes,0,max_isogeny_degree,2,852,258713.0,depleted,-109874.5,1889364,same-group GAL
torsion_structure,[],two_adic_level,2,3131,265582.4,depleted,-107945.1,1885114,same-group GAL
two_adic_level,2,n_torsion_gens,0,3131,265582.4,depleted,-107945.1,1885114,same-group GAL
rank_c,0,root_number,-1,0,246689.8,forbidden,-107136.0,1311066,T1
class_size,2,max_isogeny_degree,1,0,234716.4,forbidden,-101936.0,1311066,same-group GAL
class_size,1,has_2_isog,1,0,233471.7,forbidden,-101395.5,1311066,same-group GAL
max_isogeny_degree,1,has_2_isog,1,0,233471.7,forbidden,-101395.5,1311066,same-group GAL
two_adic_level,2,n_nonsurj_primes,0,0,232521.3,forbidden,-100982.7,1885114,same-group GAL
two_adic_label,X6,max_isogeny_degree,1,0,225224.8,forbidden,-97813.9,1841734,same-group GAL
two_adic_label,X6,class_size,1,0,225224.8,forbidden,-97813.9,1841734,same-group GAL
two_adic_label,X6,n_nonsurj_primes,0,0,224229.5,forbidden,-97381.6,1841734,same-group GAL
two_adic_level,2,max_isogeny_degree,1,2456,234410.7,depleted,-95876.5,1885114,same-group GAL
two_adic_level,2,class_size,1,2456,234410.7,depleted,-95876.5,1885114,same-group GAL
has_2_isog,0,two_adic_log_index,1,17576,268551.3,depleted,-88187.8,1885114,same-group GAL
v2_torsion,0,two_adic_log_index,1,17576,268551.3,depleted,-88187.8,1885114,same-group GAL
max_isogeny_degree,2,has_2_isog,0,0,203035.2,forbidden,-88177.1,1311066,same-group GAL
torsion_structure,[],two_adic_log_index,1,17270,259381.2,depleted,-84829.4,1885114,same-group GAL
n_torsion_gens,0,two_adic_log_index,1,17270,259381.2,depleted,-84829.4,1885114,same-group GAL
class_size,1,max_isogeny_degree,2,0,186875.7,forbidden,-81159.1,1311066,same-group GAL
n_nonsurj_primes,0,two_adic_log_index,1,10665,227045.4,depleted,-79810.5,1885114,same-group GAL
class_size,1,two_adic_log_index,1,13318,228894.0,depleted,-77175.6,1885114,same-group GAL
max_isogeny_degree,1,two_adic_log_index,1,13318,228894.0,depleted,-77175.6,1885114,same-group GAL
disc_sign,1,c4_sign,-1,0,176210.0,forbidden,-76527.0,1889364,I4
n_additive,0,n_kod_Ins,1,0,164145.9,forbidden,-71287.7,1889364,same-group LOC
torsion_structure,"[2,2]",n_torsion_gens,2,65961,2418.0,enriched,-67115.8,1889364,I
two_adic_level,1,class_size,4,0,138082.4,forbidden,-59968.4,1885114,same-group GAL
class_size,4,two_adic_log_index,0,0,138082.4,forbidden,-59968.4,1885114,same-group GAL
class_size,4,v2_torsion,0,772,141525.3,depleted,-59383.0,1889364,same-group GAL
torsion_structure,"[2,2]",v2_torsion,2,65961,3230.6,enriched,-59168.4,1889364,I
n_torsion_gens,2,v2_torsion,2,66047,3308.2,enriched,-58633.9,1889364,same-group GAL
two_adic_label,X1,class_size,4,0,132468.0,forbidden,-57530.1,1841734,same-group GAL
torsion_structure,[],class_size,4,759,136382.5,depleted,-57191.2,1889364,same-group GAL
n_torsion_gens,0,class_size,4,759,136382.5,depleted,-57191.2,1889364,same-group GAL
max_isogeny_degree,4,v2_torsion,0,0,125118.6,forbidden,-54338.3,1889364,same-group GAL
two_adic_level,1,max_isogeny_degree,4,0,122355.5,forbidden,-53138.3,1885114,same-group GAL
max_isogeny_degree,4,two_adic_log_index,0,0,122355.5,forbidden,-53138.3,1885114,same-group GAL
torsion_structure,[],max_isogeny_degree,4,0,120624.1,forbidden,-52386.4,1889364,same-group GAL
n_torsion_gens,0,max_isogeny_degree,4,0,120624.1,forbidden,-52386.4,1889364,same-group GAL
max_isogeny_degree,3,has_3_isog,1,64208,3884.8,enriched,-52024.6,1311066,same-group GAL
two_adic_level,4,two_adic_label,X13,77310,6884.9,enriched,-50619.3,1837484,same-group GAL
n_nonsurj_primes,0,class_size,4,416,118871.0,depleted,-50424.4,1889364,same-group GAL
two_adic_label,X1,max_isogeny_degree,4,0,116068.7,forbidden,-50408.0,1841734,same-group GAL
class_size,4,max_isogeny_degree,4,56744,2883.6,enriched,-50037.4,1311066,same-group GAL
two_adic_label,X1,two_adic_log_index,2,0,110447.1,forbidden,-47966.6,1837484,same-group GAL
two_adic_level,1,two_adic_log_index,2,0,109686.1,forbidden,-47636.1,1885114,same-group GAL
n_nonsurj_primes,0,max_isogeny_degree,4,204,105238.2,depleted,-45064.0,1889364,same-group GAL
has_2_isog,0,two_adic_log_index,2,2194,111949.8,depleted,-43921.5,1885114,same-group GAL
v2_torsion,0,two_adic_log_index,2,2194,111949.8,depleted,-43921.5,1885114,same-group GAL
v2_torsion,1,frac_even,b0,0,100719.8,forbidden,-43742.1,1889364,T18/T5 (mod-l image fixes a_p mod l; c4=0 or c6=0 is CM)
torsion_structure,[2],frac_even,b0,0,100082.0,forbidden,-43465.1,1889364,T5/T18
two_adic_level,8,two_adic_log_index,0,0,98165.8,forbidden,-42632.9,1885114,same-group GAL
torsion_structure,[3],odd_torsion,3,35065,809.5,enriched,-42515.1,1889364,I
v2_torsion,1,frac_even,b1,0,97622.6,forbidden,-42397.0,1889364,T18/T5 (mod-l image fixes a_p mod l; c4=0 or c6=0 is CM)
torsion_structure,[],two_adic_log_index,2,2168,108025.4,depleted,-42295.2,1885114,same-group GAL
n_torsion_gens,0,two_adic_log_index,2,2168,108025.4,depleted,-42295.2,1885114,same-group GAL
torsion_structure,[2],frac_even,b1,0,96984.5,forbidden,-42119.8,1889364,T5/T18
v5_tamagawa,1,log_odd_tamagawa,b0,0,94577.1,forbidden,-41074.3,1889364,same-group LOC
rank_c,0,log_regulator,b0,0,92874.0,forbidden,-40334.7,1889364,I1 (rank 0 has regulator 1)
two_adic_level,4,two_adic_log_index,0,0,92865.8,forbidden,-40331.1,1885114,same-group GAL
v2_torsion,1,frac_even,b3,0,92164.1,forbidden,-40026.4,1889364,T18/T5 (mod-l image fixes a_p mod l; c4=0 or c6=0 is CM)
rank_c,0,log_regulator,b3,0,91561.3,forbidden,-39764.6,1889364,I1 (rank 0 has regulator 1)
torsion_structure,[2],frac_even,b3,0,91543.6,forbidden,-39756.9,1889364,T5/T18
rank_c,0,log_regulator,b4,0,91284.7,forbidden,-39644.4,1889364,I1 (rank 0 has regulator 1)
two_adic_level,4,two_adic_label,X1,0,91060.7,forbidden,-39547.2,1837484,same-group GAL
rank_c,0,log_regulator,b5,0,90862.1,forbidden,-39460.9,1889364,I1 (rank 0 has regulator 1)
v3_sha,2,log_odd_sha,b1,30612,620.6,enriched,-38805.1,1889364,same-group AN
v5_moddeg,0,v5_tamagawa,1,17,87587.0,depleted,-37969.1,1889364,"U1 (check Agashe-Ribet-Stein, Emerton: component groups and the congruence number)"
v2_torsion,1,frac_even,b2,0,87141.2,forbidden,-37844.9,1889364,T18/T5 (mod-l image fixes a_p mod l; c4=0 or c6=0 is CM)
n_nonsurj_primes,0,two_adic_log_index,2,1477,94326.9,depleted,-37659.8,1885114,same-group GAL
torsion_structure,[2],frac_even,b2,0,86532.4,forbidden,-37580.5,1889364,T5/T18
class_size,1,two_adic_log_index,2,1928,95114.1,depleted,-37207.9,1885114,same-group GAL
max_isogeny_degree,1,two_adic_log_index,2,1928,95114.1,depleted,-37207.9,1885114,same-group GAL
two_adic_level,8,two_adic_label,X1,0,85186.8,forbidden,-36996.1,1837484,same-group GAL
root_number,-1,nagao_1000,b7,56,83153.5,depleted,-35912.4,1311066,C7
rank_c,1,nagao_1000,b7,56,82668.0,depleted,-35701.8,1311066,C7
n_bad_primes,5,n_kod_In,2,8686,113043.7,depleted,-35644.4,1889364,same-group LOC
has_2_isog,1,v2_tamagawa,0,1365,88926.2,depleted,-35553.4,1889364,family L: torsion/isogeny constrains local data (T4/T13/T17 type)
rank_c,2,root_number,-1,0,80947.9,forbidden,-35155.2,1311066,T1
n_torsion_gens,1,frac_even,b0,9271,108509.3,depleted,-33196.5,1889364,T18/T5 (mod-l image fixes a_p mod l; c4=0 or c6=0 is CM)
n_torsion_gens,1,frac_even,b1,8195,105271.6,depleted,-33075.9,1889364,T18/T5 (mod-l image fixes a_p mod l; c4=0 or c6=0 is CM)
n_nonsurj_primes,2,max_isogeny_degree,6,27334,644.3,enriched,-32901.0,1889364,same-group GAL
n_intpts_x,0,log_regulator,b0,1768,82273.2,depleted,-32016.3,1889364,T15 (small generators are integral)
n_nonsurj_primes,0,has_3_isog,1,1836,81120.5,depleted,-31414.2,1889364,same-group GAL
v2_torsion,1,v2_tamagawa,0,1362,79141.6,depleted,-31378.3,1889364,family L: torsion/isogeny constrains local data (T4/T13/T17 type)
two_adic_level,1,two_adic_log_index,3,0,71810.7,forbidden,-31187.0,1885114,same-group GAL
torsion_structure,[2],v2_tamagawa,0,1361,78559.1,depleted,-31131.5,1889364,family L: torsion/isogeny constrains local data (T4/T13/T17 type)
n_torsion_gens,1,frac_even,b3,8016,99473.9,depleted,-30954.5,1889364,T18/T5 (mod-l image fixes a_p mod l; c4=0 or c6=0 is CM)
two_adic_label,X1,two_adic_log_index,3,0,70324.9,forbidden,-30541.7,1837484,same-group GAL
n_torsion_gens,1,frac_even,b2,6529,94158.7,depleted,-30492.2,1889364,T18/T5 (mod-l image fixes a_p mod l; c4=0 or c6=0 is CM)
has_2_isog,0,two_adic_log_index,3,750,73361.1,depleted,-30043.6,1885114,same-group GAL
v2_torsion,0,two_adic_log_index,3,750,73361.1,depleted,-30043.6,1885114,same-group GAL
two_adic_level,4,v2_torsion,0,7496,94799.2,depleted,-29657.2,1885114,same-group GAL
two_adic_level,4,has_2_isog,0,7496,94799.2,depleted,-29657.2,1885114,same-group GAL
torsion_structure,[],two_adic_log_index,3,749,70651.3,depleted,-28881.0,1885114,same-group GAL
n_torsion_gens,0,two_adic_log_index,3,749,70651.3,depleted,-28881.0,1885114,same-group GAL
rank_c,0,log_regulator,b2,1,66077.7,depleted,-28692.4,1889364,I1 (rank 0 has regulator 1)
two_adic_label,X8,n_torsion_gens,2,25770,761.1,enriched,-28561.7,1841734,same-group GAL
torsion_structure,"[2,2]",two_adic_label,X8,25709,760.0,enriched,-28484.0,1841734,same-group GAL
torsion_structure,[],two_adic_level,4,7402,91442.6,depleted,-28419.2,1885114,same-group GAL
two_adic_level,4,n_torsion_gens,0,7402,91442.6,depleted,-28419.2,1885114,same-group GAL
n_kod_Ins,1,v2_tamagawa,0,0,65356.5,forbidden,-28384.0,1889364,same-group LOC
two_adic_level,2,frac_even,b1,0,64762.1,forbidden,-28125.8,1885114,T18/T5 (mod-l image fixes a_p mod l; c4=0 or c6=0 is CM)
two_adic_label,X6,frac_even,b0,0,64446.5,forbidden,-27988.8,1841734,T18/T5 (mod-l image fixes a_p mod l; c4=0 or c6=0 is CM)
n_additive,0,n_kod_I0s,1,0,63567.9,forbidden,-27607.2,1889364,same-group LOC
two_adic_label,X6,frac_even,b1,0,62367.0,forbidden,-27085.7,1841734,T18/T5 (mod-l image fixes a_p mod l; c4=0 or c6=0 is CM)
has_2_isog,1,frac_even,b0,0,61869.3,forbidden,-26869.5,1311066,T18/T5 (mod-l image fixes a_p mod l; c4=0 or c6=0 is CM)
rank_c,2,n_intpts_x,0,2091,71184.9,depleted,-26805.7,1889364,T15
v3_moddeg,0,v3_tamagawa,1,667,65245.7,depleted,-26720.4,1889364,"U1 (check Agashe-Ribet-Stein, Emerton: component groups and the congruence number)"
n_split_mult,3,n_kod_In,2,0,61236.1,forbidden,-26594.5,1889364,same-group LOC
two_adic_level,2,frac_even,b3,0,60708.7,forbidden,-26365.5,1885114,T18/T5 (mod-l image fixes a_p mod l; c4=0 or c6=0 is CM)
torsion_structure,[4],two_adic_label,X13h,17175,189.0,enriched,-26261.2,1841734,same-group GAL
max_isogeny_degree,3,has_3_isog,0,0,60323.2,forbidden,-26198.1,1311066,same-group GAL
has_2_isog,1,frac_even,b1,0,59901.8,forbidden,-26015.0,1311066,T18/T5 (mod-l image fixes a_p mod l; c4=0 or c6=0 is CM)
two_adic_level,4,n_nonsurj_primes,0,5654,79770.2,depleted,-25691.3,1885114,same-group GAL
two_adic_level,8,n_nonsurj_primes,0,7246,83827.2,depleted,-25556.6,1885114,same-group GAL
two_adic_level,8,max_isogeny_degree,1,7530,84565.1,depleted,-25548.8,1885114,same-group GAL
two_adic_level,8,class_size,1,7530,84565.1,depleted,-25548.8,1885114,same-group GAL
n_split_mult,2,n_kod_In,1,0,58814.0,forbidden,-25542.6,1889364,same-group LOC
two_adic_level,4,max_isogeny_degree,1,6068,80442.4,depleted,-25491.7,1885114,same-group GAL
two_adic_level,4,class_size,1,6068,80442.4,depleted,-25491.7,1885114,same-group GAL
max_isogeny_degree,1,two_adic_log_index,3,582,61923.1,depleted,-25462.2,1885114,same-group GAL
class_size,1,two_adic_log_index,3,582,61923.1,depleted,-25462.2,1885114,same-group GAL
two_adic_label,X6,frac_even,b3,0,58577.4,forbidden,-25439.8,1841734,T18/T5 (mod-l image fixes a_p mod l; c4=0 or c6=0 is CM)
two_adic_label,X8,v2_torsion,2,25770,1023.1,enriched,-25363.9,1841734,same-group GAL
n_nonsurj_primes,0,two_adic_log_index,3,540,61386.4,depleted,-25316.9,1885114,same-group GAL
max_isogeny_degree,4,two_adic_log_index,1,0,58032.2,forbidden,-25203.1,1885114,same-group GAL
n_nonsplit_mult,2,n_kod_In,1,0,57962.5,forbidden,-25172.8,1889364,same-group LOC
two_adic_level,2,frac_even,b2,0,57205.3,forbidden,-24843.9,1885114,T18/T5 (mod-l image fixes a_p mod l; c4=0 or c6=0 is CM)
n_nonsplit_mult,3,n_kod_In,2,0,57079.9,forbidden,-24789.5,1889364,same-group LOC
v3_tamagawa,2,log_odd_tamagawa,b0,0,56913.5,forbidden,-24717.2,1889364,same-group LOC
has_3_isog,1,odd_torsion,3,40249,3991.2,enriched,-24652.1,1889364,same-group GAL
v7_moddeg,0,v7_tamagawa,1,1,56585.4,depleted,-24570.0,1889364,"U1 (check Agashe-Ribet-Stein, Emerton: component groups and the congruence number)"
two_adic_log_index,1,frac_even,b1,1600,63249.4,depleted,-24220.9,1885114,T18/T5 (mod-l image fixes a_p mod l; c4=0 or c6=0 is CM)
has_2_isog,1,frac_even,b3,0,55742.9,forbidden,-24208.9,1311066,T18/T5 (mod-l image fixes a_p mod l; c4=0 or c6=0 is CM)
two_adic_label,X6,frac_even,b2,0,55187.3,forbidden,-23967.6,1841734,T18/T5 (mod-l image fixes a_p mod l; c4=0 or c6=0 is CM)
root_number,-1,st_mean,b7,8175,81880.2,depleted,-23831.5,1311066,"C7 (trace summaries are rank proxies; Sha and integral points follow rank by C4, T15)"
max_isogeny_degree,2,v2_tamagawa,0,549,57799.3,depleted,-23755.0,1889364,family L: torsion/isogeny constrains local data (T4/T13/T17 type)
two_adic_level,2,frac_even,b0,3174,67091.6,depleted,-23555.5,1885114,T18/T5 (mod-l image fixes a_p mod l; c4=0 or c6=0 is CM)
has_2_isog,1,frac_even,b2,0,53273.1,forbidden,-23136.2,1311066,T18/T5 (mod-l image fixes a_p mod l; c4=0 or c6=0 is CM)
two_adic_label,X6,max_isogeny_degree,4,0,52994.9,forbidden,-23015.4,1841734,same-group GAL
two_adic_log_index,1,frac_even,b0,3228,65502.5,depleted,-22827.6,1885114,T18/T5 (mod-l image fixes a_p mod l; c4=0 or c6=0 is CM)
n_nonsurj_primes,0,max_isogeny_degree,3,1624,59604.7,depleted,-22641.6,1889364,same-group GAL
n_additive,3,n_kod_In,3+,0,52062.0,forbidden,-22610.3,1889364,same-group LOC
v3_moddeg,0,log_odd_tamagawa,b1,571,55086.5,depleted,-22544.5,1889364,"U1 (check Agashe-Ribet-Stein, Emerton: component groups and the congruence number)"
torsion_structure,[3],max_isogeny_degree,3,31655,2447.4,enriched,-22510.1,1889364,same-group GAL
v3_tamagawa,1,log_odd_tamagawa,b2,0,51790.9,forbidden,-22492.5,1889364,same-group LOC
max_isogeny_degree,1,has_3_isog,1,0,51535.2,forbidden,-22381.4,1311066,same-group GAL
class_size,1,has_3_isog,1,0,51535.2,forbidden,-22381.4,1311066,same-group GAL
max_isogeny_degree,3,v2_torsion,1,0,51265.1,forbidden,-22264.2,1889364,same-group GAL
torsion_structure,[2],max_isogeny_degree,3,0,50896.4,forbidden,-22104.0,1889364,same-group GAL
n_additive,1,n_kod_Ins,2,0,50706.2,forbidden,-22021.4,1889364,same-group LOC
two_adic_label,X6,two_adic_log_index,2,0,50386.8,forbidden,-21882.7,1837484,same-group GAL
two_adic_label,X6,v2_tamagawa,0,0,50007.5,forbidden,-21718.0,1841734,family L: torsion/isogeny constrains local data (T4/T13/T17 type)
torsion_structure,[3],has_3_isog,1,35065,3437.7,enriched,-21633.9,1889364,same-group GAL
max_isogeny_degree,2,frac_even,b0,0,49594.3,forbidden,-21538.5,1311066,T18/T5 (mod-l image fixes a_p mod l; c4=0 or c6=0 is CM)
two_adic_level,2,v2_tamagawa,0,361,51552.6,depleted,-21456.0,1885114,family L: torsion/isogeny constrains local data (T4/T13/T17 type)
has_2_isog,0,v2_torsion,2,0,49084.5,forbidden,-21317.1,1889364,same-group GAL
v2_tamagawa,4+,log_abs_disc,b0,2913,60613.0,depleted,-21220.9,1889364,T4 (local data and equation)
two_adic_level,1,v2_torsion,2,0,47993.1,forbidden,-20843.2,1885114,same-group GAL
v2_torsion,2,two_adic_log_index,0,0,47993.1,forbidden,-20843.2,1885114,same-group GAL
max_isogeny_degree,2,frac_even,b1,0,47926.7,forbidden,-20814.3,1311066,T18/T5 (mod-l image fixes a_p mod l; c4=0 or c6=0 is CM)
max_isogeny_degree,3,odd_torsion,3,31655,2820.8,enriched,-20720.2,1889364,same-group GAL
torsion_structure,[4],v2_torsion,2,23373,1192.3,enriched,-20575.0,1889364,I
torsion_structure,[],v2_torsion,2,0,47266.8,forbidden,-20527.7,1889364,I
n_torsion_gens,0,v2_torsion,2,0,47266.8,forbidden,-20527.7,1889364,same-group GAL
v7_tamagawa,1,log_odd_tamagawa,b0,0,46337.3,forbidden,-20124.0,1889364,same-group LOC
class_size,4,has_2_isog,0,193,47097.0,depleted,-19910.9,1311066,same-group GAL
v2_tamagawa,4+,log_area,b7,4420,60670.9,depleted,-19403.7,1889364,"T11 (area is the covolume, a function of c4, c6)"
n_bad_primes,2,n_kod_In,3+,0,44606.3,forbidden,-19372.3,1889364,same-group LOC
max_isogeny_degree,2,frac_even,b3,0,44540.1,forbidden,-19343.5,1311066,T18/T5 (mod-l image fixes a_p mod l; c4=0 or c6=0 is CM)
two_adic_log_index,1,v2_tamagawa,0,1300,50413.5,depleted,-19266.5,1885114,family L: torsion/isogeny constrains local data (T4/T13/T17 type)
n_bad_primes,5,n_kod_In,1,0,44019.7,forbidden,-19117.5,1889364,same-group LOC
two_adic_label,X13,has_2_isog,0,0,43924.6,forbidden,-19076.2,1841734,same-group GAL
two_adic_label,X13,v2_torsion,0,0,43924.6,forbidden,-19076.2,1841734,same-group GAL
two_adic_label,X8d,n_torsion_gens,2,17190,522.8,enriched,-18839.9,1841734,same-group GAL
torsion_structure,"[2,2]",two_adic_label,X8d,17175,521.7,enriched,-18832.4,1841734,same-group GAL
class_size,1,max_isogeny_degree,3,0,43242.3,forbidden,-18779.9,1311066,same-group GAL
class_size,4,max_isogeny_degree,1,0,43185.3,forbidden,-18755.1,1311066,same-group GAL
two_adic_label,X13,two_adic_log_index,0,0,43124.0,forbidden,-18728.5,1837484,same-group GAL
two_adic_level,1,two_adic_label,X13,0,43124.0,forbidden,-18728.5,1837484,same-group GAL
max_isogeny_degree,2,frac_even,b2,0,42454.2,forbidden,-18437.6,1311066,T18/T5 (mod-l image fixes a_p mod l; c4=0 or c6=0 is CM)
two_adic_label,X13,n_torsion_gens,0,0,42420.7,forbidden,-18423.1,1841734,same-group GAL
torsion_structure,[],two_adic_label,X13,0,42420.7,forbidden,-18423.1,1841734,same-group GAL
n_additive,0,n_kod_IVs,1,0,41639.5,forbidden,-18083.8,1889364,same-group LOC
max_isogeny_degree,4,has_2_isog,0,0,41610.8,forbidden,-18071.4,1311066,same-group GAL
two_adic_level,4,two_adic_label,X6,0,41567.3,forbidden,-18052.5,1837484,same-group GAL
rank_c,2,n_intpts_x,1,5075,58921.1,depleted,-17983.3,1889364,T15
class_size,1,v2_torsion,2,0,41337.4,forbidden,-17952.6,1889364,same-group GAL
max_isogeny_degree,1,v2_torsion,2,0,41337.4,forbidden,-17952.6,1889364,same-group GAL
n_additive,0,n_kod_IIIs,1,0,41165.0,forbidden,-17877.7,1889364,same-group LOC
n_nonsurj_primes,0,v2_torsion,2,3,41131.5,depleted,-17850.1,1889364,same-group GAL
two_adic_log_index,1,frac_even,b2,4117,55909.8,depleted,-17831.4,1885114,T18/T5 (mod-l image fixes a_p mod l; c4=0 or c6=0 is CM)
n_additive,0,n_kod_III,1,0,40921.0,forbidden,-17771.8,1889364,same-group LOC
two_adic_label,X1,v2_torsion,2,0,40598.4,forbidden,-17631.7,1841734,same-group GAL
n_additive,0,n_kod_In,1,3800,54395.5,depleted,-17583.6,1889364,same-group LOC
two_adic_level,8,two_adic_label,X6,0,38960.9,forbidden,-16920.5,1837484,same-group GAL
n_additive,0,n_kod_II,1,0,38497.9,forbidden,-16719.4,1889364,same-group LOC
n_additive,3,n_kod_In,0,20207,1179.6,enriched,-16669.6,1889364,same-group LOC
two_adic_label,X8d,v2_torsion,2,17190,712.1,enriched,-16615.7,1841734,same-group GAL
two_adic_label,X13h,v2_torsion,2,17190,712.1,enriched,-16615.7,1841734,same-group GAL
class_size,1,max_isogeny_degree,4,0,38186.9,forbidden,-16584.4,1311066,same-group GAL
two_adic_label,X13,class_size,1,0,37358.9,forbidden,-16224.8,1841734,same-group GAL
two_adic_label,X13,max_isogeny_degree,1,0,37358.9,forbidden,-16224.8,1841734,same-group GAL
two_adic_label,X13,n_nonsurj_primes,0,0,37193.3,forbidden,-16152.8,1841734,same-group GAL
n_torsion_gens,2,v2_torsion,0,0,37036.1,forbidden,-16084.6,1889364,same-group GAL
n_torsion_gens,2,has_2_isog,0,0,37036.1,forbidden,-16084.6,1889364,same-group GAL
n_torsion_gens,2,disc_sign,-1,0,36611.9,forbidden,-15900.4,1889364,family L: torsion/isogeny constrains local data (T4/T13/T17 type)
v3_moddeg,3,log_odd_moddeg,b0,0,36575.6,forbidden,-15884.6,1889364,same-group AN
torsion_structure,"[2,2]",v2_torsion,0,0,36288.7,forbidden,-15760.0,1889364,I
torsion_structure,"[2,2]",has_2_isog,0,0,36288.7,forbidden,-15760.0,1889364,same-group GAL
has_3_isog,0,odd_torsion,3,0,36257.8,forbidden,-15746.6,1889364,same-group GAL
n_torsion_gens,2,two_adic_log_index,0,0,36212.5,forbidden,-15726.9,1885114,same-group GAL
two_adic_level,1,n_torsion_gens,2,0,36212.5,forbidden,-15726.9,1885114,same-group GAL
torsion_structure,"[2,2]",disc_sign,-1,0,35855.4,forbidden,-15571.8,1889364,T7
max_isogeny_degree,8,two_adic_log_index,4,14574,474.6,enriched,-15553.7,1885114,same-group GAL
n_split_mult,0,log_odd_tamagawa,b2,1846,43458.1,depleted,-15541.5,1889364,same-group LOC
v3_tamagawa,3,log_odd_tamagawa,b3,23214,1994.6,enriched,-15530.9,1889364,same-group LOC
torsion_structure,[],n_torsion_gens,2,0,35681.0,forbidden,-15496.1,1889364,I
torsion_structure,[2],v2_torsion,2,0,35558.0,forbidden,-15442.7,1889364,I
torsion_structure,"[2,2]",two_adic_level,1,0,35483.8,forbidden,-15410.4,1885114,same-group GAL
torsion_structure,"[2,2]",two_adic_log_index,0,0,35483.8,forbidden,-15410.4,1885114,same-group GAL
torsion_structure,"[2,2]",n_torsion_gens,0,0,34966.6,forbidden,-15185.8,1889364,I
two_adic_level,2,two_adic_log_index,3,0,34898.7,forbidden,-15156.3,1885114,same-group GAL
class_size,6,two_adic_log_index,4,14574,508.3,enriched,-15135.1,1885114,same-group GAL
v2_moddeg,6,v2_tamagawa,4+,1374,40839.2,depleted,-15117.5,1889364,"U1 (check Agashe-Ribet-Stein, Emerton: component groups and the congruence number)"
torsion_structure,[3],odd_torsion,1,0,34227.0,forbidden,-14864.6,1889364,I
n_torsion_gens,2,is_opt,1,3594,46399.4,depleted,-14599.6,1889364,I5/T8 (optimal vs non-optimal curves differ by the isogeny)
v2_moddeg,7,v2_tamagawa,4+,4560,48603.0,depleted,-14443.6,1889364,"U1 (check Agashe-Ribet-Stein, Emerton: component groups and the congruence number)"
has_3_isog,1,v3_moddeg,1,4724,48991.4,depleted,-14428.6,1889364,"family E: Eisenstein congruence, rational torsion/isogeny divides the congruence number"
class_size,2,v2_torsion,2,0,32975.0,forbidden,-14320.9,1889364,same-group GAL
torsion_structure,"[2,2]",is_opt,1,3591,45462.0,depleted,-14227.7,1889364,T8
two_adic_label,X6,max_isogeny_degree,3,0,32371.1,forbidden,-14058.6,1841734,same-group GAL
two_adic_label,X6,two_adic_log_index,3,0,32182.8,forbidden,-13976.8,1837484,same-group GAL
torsion_structure,[3],has_3_isog,0,0,31627.3,forbidden,-13735.6,1889364,same-group GAL
n_torsion_gens,2,max_isogeny_degree,1,0,31238.8,forbidden,-13566.8,1889364,same-group GAL
n_torsion_gens,2,class_size,1,0,31238.8,forbidden,-13566.8,1889364,same-group GAL
v2_torsion,2,n_intpts_x,0,0,31209.5,forbidden,-13554.1,1889364,T15 (torsion points are integral)
n_nonsurj_primes,0,n_torsion_gens,2,0,31083.5,forbidden,-13499.4,1889364,same-group GAL
torsion_structure,"[2,2]",class_size,1,0,30623.0,forbidden,-13299.4,1889364,same-group GAL
torsion_structure,"[2,2]",max_isogeny_degree,1,0,30623.0,forbidden,-13299.4,1889364,same-group GAL
torsion_structure,"[2,2]",n_nonsurj_primes,0,0,30470.7,forbidden,-13233.2,1889364,same-group GAL
log_abs_disc,b7,log_area,b2,0,30381.4,forbidden,-13194.5,1889364,"T11 (area is the covolume, a function of c4, c6)"
two_adic_label,X1,n_torsion_gens,2,0,30198.6,forbidden,-13115.1,1841734,same-group GAL
torsion_structure,"[2,2]",two_adic_label,X1,0,30153.4,forbidden,-13095.4,1841734,same-group GAL
two_adic_level,8,two_adic_label,X17,19827,1744.8,enriched,-13076.9,1837484,same-group GAL
two_adic_level,8,two_adic_label,X16,19827,1744.8,enriched,-13076.9,1837484,same-group GAL
log_abs_disc,b2,log_area,b7,0,30085.6,forbidden,-13066.0,1889364,"T11 (area is the covolume, a function of c4, c6)"
v3_sha,2,log_odd_sha,b0,0,29991.4,forbidden,-13025.1,1889364,same-group AN
log_abs_disc,b7,log_area,b3,0,29963.5,forbidden,-13013.0,1889364,"T11 (area is the covolume, a function of c4, c6)"
log_abs_c4,b7,log_area,b3,0,29935.9,forbidden,-13001.0,1889364,"T11 (area is the covolume, a function of c4, c6)"
log_abs_disc,b7,log_omega,b3,0,29934.9,forbidden,-13000.6,1889364,T11
two_adic_level,2,max_isogeny_degree,3,632,33012.5,depleted,-12978.7,1885114,same-group GAL
log_abs_disc,b6,log_area,b3,0,29837.1,forbidden,-12958.1,1889364,"T11 (area is the covolume, a function of c4, c6)"
log_regulator,b0,nagao_1000,b7,3,29797.1,depleted,-12928.1,1889364,"C7 (trace summaries are rank proxies; Sha and integral points follow rank by C4, T15)"
v5_tamagawa,1,log_odd_tamagawa,b1,0,29730.1,forbidden,-12911.6,1889364,same-group LOC
n_split_mult,0,log_odd_tamagawa,b3,115,30454.1,depleted,-12898.9,1889364,same-group LOC
n_additive,0,n_kod_Ins,2,0,29617.8,forbidden,-12862.8,1889364,same-group LOC
log_abs_disc,b5,log_area,b4,0,29568.7,forbidden,-12841.5,1889364,"T11 (area is the covolume, a function of c4, c6)"
log_abs_disc,b6,log_area,b4,0,29562.7,forbidden,-12838.9,1889364,"T11 (area is the covolume, a function of c4, c6)"
log_abs_c4,b6,log_area,b4,0,29561.5,forbidden,-12838.4,1889364,"T11 (area is the covolume, a function of c4, c6)"
log_abs_disc,b6,log_omega,b4,0,29548.2,forbidden,-12832.6,1889364,T11
log_abs_c4,b7,log_area,b4,0,29545.7,forbidden,-12831.5,1889364,"T11 (area is the covolume, a function of c4, c6)"
log_abs_disc,b7,log_area,b4,0,29541.3,forbidden,-12829.6,1889364,"T11 (area is the covolume, a function of c4, c6)"
log_omega,b0,log_area,b4,1,29545.5,depleted,-12827.0,1889364,I
n_split_mult,0,v5_tamagawa,1,0,29534.1,forbidden,-12826.5,1889364,same-group LOC
log_omega,b4,log_area,b0,0,29523.5,forbidden,-12821.9,1889364,I
log_abs_disc,b7,log_omega,b4,0,29521.8,forbidden,-12821.2,1889364,T11
log_abs_disc,b3,log_area,b6,0,29508.4,forbidden,-12815.3,1889364,"T11 (area is the covolume, a function of c4, c6)"
log_abs_disc,b4,log_area,b5,0,29451.1,forbidden,-12790.5,1889364,"T11 (area is the covolume, a function of c4, c6)"
log_j_height,b7,log_abs_c4,b4,49,29810.3,depleted,-12790.0,1889364,same-group EQ
log_j_height,b7,log_abs_c4,b3,11,29522.0,depleted,-12779.7,1889364,same-group EQ
log_regulator,b3,nagao_1000,b7,16,29556.8,depleted,-12778.1,1889364,"C7 (trace summaries are rank proxies; Sha and integral points follow rank by C4, T15)"
log_abs_c4,b3,log_area,b7,0,29382.0,forbidden,-12760.5,1889364,"T11 (area is the covolume, a function of c4, c6)"
log_abs_disc,b5,log_omega,b5,0,29370.4,forbidden,-12755.4,1889364,T11
log_abs_disc,b5,log_area,b5,0,29364.5,forbidden,-12752.8,1889364,"T11 (area is the covolume, a function of c4, c6)"
log_abs_c4,b5,log_area,b5,2,29384.0,depleted,-12752.7,1889364,"T11 (area is the covolume, a function of c4, c6)"
log_j_height,b7,log_area,b4,34,29548.3,depleted,-12719.2,1889364,"T11 (area is the covolume, a function of c4, c6)"
log_regulator,b4,nagao_1000,b7,19,29441.9,depleted,-12718.6,1889364,"C7 (trace summaries are rank proxies; Sha and integral points follow rank by C4, T15)"
log_abs_c4,b4,log_area,b6,4,29320.9,depleted,-12717.4,1889364,"T11 (area is the covolume, a function of c4, c6)"
log_abs_disc,b3,log_omega,b7,0,29281.9,forbidden,-12717.0,1889364,T11
log_abs_c4,b6,log_area,b5,0,29280.3,forbidden,-12716.3,1889364,"T11 (area is the covolume, a function of c4, c6)"
log_abs_disc,b6,log_omega,b5,0,29271.6,forbidden,-12712.5,1889364,T11
log_abs_disc,b4,log_omega,b6,0,29267.4,forbidden,-12710.7,1889364,T11
log_abs_disc,b4,log_area,b6,0,29264.1,forbidden,-12709.3,1889364,"T11 (area is the covolume, a function of c4, c6)"
log_abs_disc,b6,log_area,b5,0,29253.7,forbidden,-12704.7,1889364,"T11 (area is the covolume, a function of c4, c6)"
log_abs_disc,b3,log_area,b7,0,29247.6,forbidden,-12702.1,1889364,"T11 (area is the covolume, a function of c4, c6)"
log_j_height,b7,log_abs_c4,b2,2,29227.3,depleted,-12684.6,1889364,same-group EQ
log_j_height,b7,log_area,b5,0,29207.4,forbidden,-12684.6,1889364,"T11 (area is the covolume, a function of c4, c6)"
log_abs_c4,b7,log_area,b2,189,30321.7,depleted,-12671.2,1889364,"T11 (area is the covolume, a function of c4, c6)"
log_abs_c4,b3,log_area,b0,52,29507.6,depleted,-12650.4,1889364,"T11 (area is the covolume, a function of c4, c6)"
n_additive,0,n_kod_IV,1,0,29118.3,forbidden,-12645.9,1889364,same-group LOC
log_omega,b0,log_area,b5,0,29112.6,forbidden,-12643.5,1889364,I
log_omega,b5,log_area,b0,0,29112.1,forbidden,-12643.2,1889364,I
log_abs_c4,b5,log_area,b6,0,29109.3,forbidden,-12642.0,1889364,"T11 (area is the covolume, a function of c4, c6)"
log_abs_disc,b7,log_omega,b5,0,29106.2,forbidden,-12640.7,1889364,T11
log_abs_c4,b7,log_area,b5,0,29105.6,forbidden,-12640.4,1889364,"T11 (area is the covolume, a function of c4, c6)"
log_abs_disc,b7,log_area,b5,0,29066.4,forbidden,-12623.4,1889364,"T11 (area is the covolume, a function of c4, c6)"
log_abs_disc,b5,log_omega,b6,0,29059.4,forbidden,-12620.3,1889364,T11
log_abs_disc,b5,log_area,b6,0,29050.5,forbidden,-12616.5,1889364,"T11 (area is the covolume, a function of c4, c6)"
log_regulator,b5,nagao_1000,b7,20,29190.9,depleted,-12606.5,1889364,"C7 (trace summaries are rank proxies; Sha and integral points follow rank by C4, T15)"
log_abs_c4,b2,log_area,b0,10,29106.4,depleted,-12602.7,1889364,"T11 (area is the covolume, a function of c4, c6)"
log_j_height,b6,log_area,b6,3,29030.9,depleted,-12595.3,1889364,"T11 (area is the covolume, a function of c4, c6)"
log_abs_c4,b2,log_omega,b0,32,29142.1,depleted,-12548.8,1889364,T11
two_adic_label,X13h,two_adic_log_index,3,17190,1268.8,enriched,-12545.1,1837484,same-group GAL
two_adic_label,X13d,two_adic_log_index,3,17190,1268.8,enriched,-12545.1,1837484,same-group GAL
two_adic_label,X13f,two_adic_log_index,3,17190,1268.8,enriched,-12545.1,1837484,same-group GAL
two_adic_label,X8d,two_adic_log_index,3,17190,1268.8,enriched,-12545.1,1837484,same-group GAL
log_omega,b1,log_area,b6,0,28872.6,forbidden,-12539.2,1889364,I
log_j_height,b6,log_abs_c4,b1,16,28999.7,depleted,-12536.3,1889364,same-group EQ
log_abs_c4,b6,log_area,b6,0,28863.9,forbidden,-12535.4,1889364,"T11 (area is the covolume, a function of c4, c6)"
log_omega,b6,log_area,b1,0,28831.1,forbidden,-12521.2,1889364,I
log_abs_disc,b7,log_abs_c4,b2,36,29100.2,depleted,-12518.9,1889364,same-group EQ
log_abs_disc,b6,log_omega,b6,0,28810.9,forbidden,-12512.4,1889364,T11
log_abs_disc,b6,log_area,b6,0,28796.8,forbidden,-12506.3,1889364,"T11 (area is the covolume, a function of c4, c6)"
log_omega,b5,log_area,b1,71,29280.6,depleted,-12501.2,1889364,I
two_adic_label,X13,class_size,2,0,28777.4,forbidden,-12497.9,1841734,same-group GAL
log_j_height,b6,log_abs_c4,b2,86,29350.2,depleted,-12492.8,1889364,same-group EQ
log_omega,b7,log_area,b3,0,28751.2,forbidden,-12486.5,1889364,I
log_abs_c4,b4,log_area,b7,0,28745.3,forbidden,-12483.9,1889364,"T11 (area is the covolume, a function of c4, c6)"
log_j_height,b7,log_area,b6,0,28713.1,forbidden,-12470.0,1889364,"T11 (area is the covolume, a function of c4, c6)"
log_abs_disc,b4,log_omega,b7,0,28668.3,forbidden,-12450.5,1889364,T11
log_j_height,b7,log_abs_c4,b1,0,28666.0,forbidden,-12449.5,1889364,same-group EQ
torsion_structure,"[2,2]",n_torsion_gens,1,0,28576.4,forbidden,-12410.6,1889364,I
log_abs_disc,b4,log_area,b7,0,28564.4,forbidden,-12405.4,1889364,"T11 (area is the covolume, a function of c4, c6)"
v2_moddeg,5,v2_tamagawa,4+,354,30462.9,depleted,-12392.9,1889364,"U1 (check Agashe-Ribet-Stein, Emerton: component groups and the congruence number)"
log_j_height,b5,log_area,b7,1,28519.1,depleted,-12381.2,1889364,"T11 (area is the covolume, a function of c4, c6)"
log_abs_c4,b7,log_omega,b6,0,28495.0,forbidden,-12375.2,1889364,T11
log_omega,b0,log_area,b6,0,28490.5,forbidden,-12373.3,1889364,I
log_abs_c4,b4,log_area,b0,245,29905.6,depleted,-12371.8,1889364,"T11 (area is the covolume, a function of c4, c6)"
log_abs_c4,b7,log_area,b6,0,28473.3,forbidden,-12365.8,1889364,"T11 (area is the covolume, a function of c4, c6)"
log_abs_disc,b7,log_abs_c4,b3,174,29505.9,depleted,-12352.3,1889364,same-group EQ
log_omega,b6,log_area,b0,0,28424.6,forbidden,-12344.6,1889364,I
log_abs_disc,b7,log_omega,b6,0,28410.7,forbidden,-12338.6,1889364,T11
log_abs_c4,b3,log_omega,b0,184,29512.3,depleted,-12332.9,1889364,T11
log_abs_disc,b7,log_area,b6,0,28386.8,forbidden,-12328.2,1889364,"T11 (area is the covolume, a function of c4, c6)"
log_j_height,b5,log_abs_c4,b0,45,28652.8,depleted,-12299.3,1889364,same-group EQ
log_abs_c4,b1,log_area,b0,2,28339.1,depleted,-12298.9,1889364,"T11 (area is the covolume, a function of c4, c6)"
log_omega,b6,log_area,b2,119,29084.0,depleted,-12296.6,1889364,I
log_abs_c4,b1,log_omega,b0,15,28432.6,depleted,-12293.4,1889364,T11
log_abs_disc,b7,log_abs_c4,b1,11,28324.1,depleted,-12259.6,1889364,same-group EQ
log_abs_c4,b1,log_area,b1,81,28774.7,depleted,-12256.3,1889364,"T11 (area is the covolume, a function of c4, c6)"
log_omega,b7,log_area,b2,0,28196.1,forbidden,-12245.4,1889364,I
log_omega,b2,log_area,b7,0,28177.9,forbidden,-12237.5,1889364,I
log_abs_c4,b5,log_area,b7,0,28161.6,forbidden,-12230.4,1889364,"T11 (area is the covolume, a function of c4, c6)"
log_j_height,b5,log_abs_c4,b1,168,29189.6,depleted,-12229.1,1889364,same-group EQ
log_j_height,b6,log_abs_c4,b0,5,28198.1,depleted,-12226.1,1889364,same-group EQ
log_abs_c4,b7,log_omega,b5,162,29140.7,depleted,-12221.5,1889364,T11
log_abs_disc,b5,log_omega,b7,0,28134.9,forbidden,-12218.8,1889364,T11
rank_c,0,n_intpts_x,4,491,30649.6,depleted,-12217.9,1889364,T15
odd_torsion,3,v3_tamagawa,3,12403,492.9,enriched,-12203.5,1889364,family L: torsion/isogeny constrains local data (T4/T13/T17 type)
log_j_height,b6,log_area,b7,0,28001.4,forbidden,-12160.8,1889364,"T11 (area is the covolume, a function of c4, c6)"
log_abs_disc,b5,log_area,b7,0,27969.2,forbidden,-12146.9,1889364,"T11 (area is the covolume, a function of c4, c6)"
log_abs_c4,b6,log_omega,b7,0,27712.0,forbidden,-12035.2,1889364,T11
log_j_height,b4,log_abs_c4,b0,222,28964.8,depleted,-12014.8,1889364,same-group EQ
log_abs_c4,b2,log_area,b1,291,29277.1,depleted,-12007.3,1889364,"T11 (area is the covolume, a function of c4, c6)"
log_abs_disc,b6,log_abs_c4,b1,186,28753.3,depleted,-12001.0,1889364,same-group EQ
log_omega,b7,log_area,b1,0,27588.3,forbidden,-11981.5,1889364,I
log_abs_disc,b6,log_omega,b7,0,27543.8,forbidden,-11962.1,1889364,T11
log_omega,b1,log_area,b7,0,27531.5,forbidden,-11956.8,1889364,I
log_abs_c4,b6,log_area,b7,0,27499.5,forbidden,-11942.9,1889364,"T11 (area is the covolume, a function of c4, c6)"
log_j_height,b6,log_abs_c4,b3,390,29533.8,depleted,-11925.8,1889364,same-group EQ
log_j_height,b7,log_abs_c4,b0,0,27453.6,forbidden,-11922.9,1889364,same-group EQ
odd_torsion,3,v3_tamagawa,0,213,28684.6,depleted,-11913.1,1889364,family L: torsion/isogeny constrains local data (T4/T13/T17 type)
log_abs_c4,b1,log_omega,b1,258,28833.0,depleted,-11883.1,1889364,T11
log_omega,b1,log_area,b5,362,29283.0,depleted,-11871.2,1889364,I
log_abs_disc,b6,log_area,b7,0,27310.8,forbidden,-11860.9,1889364,"T11 (area is the covolume, a function of c4, c6)"
log_j_height,b7,log_omega,b7,12,27397.9,depleted,-11854.2,1889364,T11
log_j_height,b7,log_area,b7,0,27151.2,forbidden,-11791.6,1889364,"T11 (area is the covolume, a function of c4, c6)"
log_omega,b3,log_area,b7,314,28725.1,depleted,-11724.6,1889364,I
log_omega,b3,log_area,b0,609,29931.2,depleted,-11706.1,1889364,I
n_torsion_gens,2,v2_torsion,1,0,26952.9,forbidden,-11705.5,1889364,same-group GAL
n_additive,0,n_kod_IIs,1,0,26877.1,forbidden,-11672.6,1889364,same-group LOC
log_abs_c4,b7,log_omega,b7,0,26824.7,forbidden,-11649.8,1889364,T11
torsion_structure,[2],n_torsion_gens,2,0,26746.9,forbidden,-11616.0,1889364,I
log_abs_disc,b7,log_omega,b2,762,30306.6,depleted,-11614.0,1889364,T11
log_omega,b7,log_area,b0,0,26659.6,forbidden,-11578.1,1889364,I
log_abs_disc,b7,log_omega,b7,0,26628.7,forbidden,-11564.7,1889364,T11
log_omega,b0,log_area,b7,0,26558.1,forbidden,-11534.0,1889364,I
log_omega,b0,log_area,b3,717,29930.1,depleted,-11527.0,1889364,I
log_abs_c4,b7,log_area,b7,0,26511.8,forbidden,-11513.9,1889364,"T11 (area is the covolume, a function of c4, c6)"
log_abs_c4,b1,log_area,b2,511,29045.7,depleted,-11497.6,1889364,"T11 (area is the covolume, a function of c4, c6)"
torsion_structure,"[2,2]",v2_torsion,1,0,26384.4,forbidden,-11458.6,1889364,I
log_abs_disc,b7,log_abs_c4,b4,771,29909.2,depleted,-11431.5,1889364,same-group EQ
log_abs_disc,b7,log_area,b7,0,26294.3,forbidden,-11419.5,1889364,"T11 (area is the covolume, a function of c4, c6)"
log_abs_c4,b4,log_omega,b0,794,29880.1,depleted,-11382.8,1889364,T11
log_abs_disc,b1,log_area,b0,425,28333.8,depleted,-11347.2,1889364,"T11 (area is the covolume, a function of c4, c6)"
log_abs_c4,b0,log_area,b1,284,27635.9,depleted,-11315.8,1889364,"T11 (area is the covolume, a function of c4, c6)"
max_isogeny_degree,2,v2_torsion,2,0,26046.1,forbidden,-11311.7,1889364,same-group GAL
log_abs_c4,b0,log_area,b2,438,28228.6,depleted,-11278.6,1889364,"T11 (area is the covolume, a function of c4, c6)"
two_adic_level,8,two_adic_label,X13d,17190,1526.6,enriched,-11276.1,1837484,same-group GAL
log_abs_c4,b0,log_area,b0,137,26732.7,depleted,-11238.1,1889364,"T11 (area is the covolume, a function of c4, c6)"
log_abs_c4,b0,log_omega,b1,361,27785.8,depleted,-11231.1,1889364,T11
log_abs_c4,b0,log_omega,b0,192,26933.8,depleted,-11203.1,1889364,T11
log_abs_c4,b5,log_omega,b7,522,28306.7,depleted,-11163.3,1889364,T11
log_abs_disc,b6,log_abs_c4,b2,780,29268.1,depleted,-11146.1,1889364,same-group EQ
two_adic_log_index,2,frac_even,b1,110,26340.7,depleted,-11131.6,1885114,T18/T5 (mod-l image fixes a_p mod l; c4=0 or c6=0 is CM)
log_abs_disc,b6,log_abs_c4,b0,374,27592.4,depleted,-11123.9,1889364,same-group EQ
two_adic_level,4,two_adic_label,X8d,17190,1571.3,enriched,-11079.9,1837484,same-group GAL
two_adic_level,4,two_adic_label,X13h,17190,1571.3,enriched,-11079.9,1837484,same-group GAL
two_adic_level,4,two_adic_label,X13f,17190,1571.3,enriched,-11079.9,1837484,same-group GAL
log_abs_disc,b7,log_abs_c4,b0,218,26702.8,depleted,-11048.5,1889364,same-group EQ
log_omega,b2,log_area,b6,865,29114.4,depleted,-10949.5,1889364,I
log_abs_disc,b5,log_abs_c4,b0,619,28168.9,depleted,-10940.2,1889364,same-group EQ
log_abs_disc,b2,log_area,b0,865,29024.1,depleted,-10911.4,1889364,"T11 (area is the covolume, a function of c4, c6)"
log_abs_disc,b0,log_area,b0,214,26261.0,depleted,-10866.6,1889364,"T11 (area is the covolume, a function of c4, c6)"
log_abs_disc,b0,log_area,b1,462,27310.5,depleted,-10843.4,1889364,"T11 (area is the covolume, a function of c4, c6)"
log_abs_c4,b0,log_area,b3,867,28772.2,depleted,-10802.3,1889364,"T11 (area is the covolume, a function of c4, c6)"
n_torsion_gens,2,class_size,2,0,24819.9,forbidden,-10779.1,1889364,same-group GAL
log_abs_c4,b2,log_omega,b1,1039,29295.1,depleted,-10766.6,1889364,T11
log_j_height,b7,log_omega,b6,906,28729.5,depleted,-10725.4,1889364,T11
log_abs_c4,b0,log_omega,b2,830,28352.8,depleted,-10682.0,1889364,T11
log_abs_c4,b6,log_omega,b6,1011,28876.9,depleted,-10632.1,1889364,T11
two_adic_log_index,2,frac_even,b0,556,27172.5,depleted,-10622.1,1885114,T18/T5 (mod-l image fixes a_p mod l; c4=0 or c6=0 is CM)
log_regulator,b0,st_mean,b7,1375,30070.4,depleted,-10622.0,1889364,"C7 (trace summaries are rank proxies; Sha and integral points follow rank by C4, T15)"
log_abs_c4,b3,log_area,b1,1220,29537.0,depleted,-10611.4,1889364,"T11 (area is the covolume, a function of c4, c6)"
log_abs_disc,b2,log_omega,b7,1377,30031.7,depleted,-10603.2,1889364,T11
n_split_mult,3,n_kod_In,1,0,24341.3,forbidden,-10571.3,1889364,same-group LOC
torsion_structure,"[2,2]",class_size,2,0,24304.2,forbidden,-10555.2,1889364,same-group GAL
v3_moddeg,0,n_kod_IVs,1,34,24415.1,depleted,-10492.6,1889364,family M: valuations track the size of moddeg (T12)
n_kod_Ins,2,v2_tamagawa,1,0,24138.3,forbidden,-10483.1,1889364,same-group LOC
has_3_isog,1,v3_moddeg,0,871,27837.4,depleted,-10402.7,1889364,"family E: Eisenstein congruence, rational torsion/isogeny divides the congruence number"
log_abs_disc,b5,log_abs_c4,b1,1220,29018.6,depleted,-10395.6,1889364,same-group EQ
torsion_structure,[3],v3_tamagawa,0,211,24972.5,depleted,-10317.9,1889364,T13
log_abs_disc,b3,log_area,b0,1473,29556.1,depleted,-10279.8,1889364,"T11 (area is the covolume, a function of c4, c6)"
log_abs_c4,b2,log_area,b7,1649,30010.0,depleted,-10241.2,1889364,"T11 (area is the covolume, a function of c4, c6)"
log_regulator,b0,nagao_1000,b6,1726,30237.4,depleted,-10238.1,1889364,"C7 (trace summaries are rank proxies; Sha and integral points follow rank by C4, T15)"
log_abs_disc,b0,log_area,b2,1032,27998.7,depleted,-10234.1,1889364,"T11 (area is the covolume, a function of c4, c6)"
log_abs_disc,b1,log_area,b1,1264,28773.0,depleted,-10233.4,1889364,"T11 (area is the covolume, a function of c4, c6)"
n_torsion_gens,2,n_intpts_x,0,0,23551.3,forbidden,-10228.2,1889364,T15 (torsion points are integral)
log_abs_disc,b0,log_omega,b0,659,26495.0,depleted,-10165.0,1889364,T11
log_abs_c4,b5,log_area,b0,1834,30308.1,depleted,-10134.1,1889364,"T11 (area is the covolume, a function of c4, c6)"
odd_torsion,3,log_odd_tamagawa,b0,213,24411.8,depleted,-10072.4,1889364,family L: torsion/isogeny constrains local data (T4/T13/T17 type)
class_size,4,log_area,b7,3369,34314.0,depleted,-10045.5,1889364,family S: large isogeny degree forces special j and small models (T9/T10/T8)
torsion_structure,"[2,2]",n_intpts_x,0,0,23075.5,forbidden,-10021.6,1889364,T15
log_omega,b7,log_area,b4,1611,29332.1,depleted,-10010.8,1889364,I
class_size,4,v2_tamagawa,0,1037,27457.7,depleted,-10000.7,1889364,family L: torsion/isogeny constrains local data (T4/T13/T17 type)
two_adic_label,X13,max_isogeny_degree,2,0,22850.7,forbidden,-9923.9,1841734,same-group GAL
two_adic_level,8,two_adic_label,X15,15000,1313.7,enriched,-9922.3,1837484,same-group GAL
two_adic_level,8,two_adic_label,X19,15000,1313.7,enriched,-9922.3,1837484,same-group GAL
log_abs_disc,b0,log_abs_c4,b7,803,26447.8,depleted,-9920.6,1889364,same-group EQ
v2_torsion,2,two_adic_log_index,1,0,22807.5,forbidden,-9905.2,1885114,same-group GAL
log_abs_disc,b1,log_omega,b0,1433,28427.8,depleted,-9866.4,1889364,T11
two_adic_level,8,frac_even,b0,237,24045.5,depleted,-9866.0,1885114,T18/T5 (mod-l image fixes a_p mod l; c4=0 or c6=0 is CM)
log_abs_disc,b4,log_abs_c4,b0,1525,28690.9,depleted,-9856.4,1889364,same-group EQ
nagao_1000,b0,st_mean,b4,0,22658.7,forbidden,-9840.5,1311066,same-group AP
nagao_1000,b0,st_mean,b5,0,22655.1,forbidden,-9839.0,1311066,same-group AP
n_nonsplit_mult,3,n_kod_In,1,0,22636.6,forbidden,-9831.0,1889364,same-group LOC
nagao_1000,b0,st_mean,b6,0,22510.6,forbidden,-9776.2,1311066,same-group AP
nagao_1000,b0,st_mean,b7,0,22482.4,forbidden,-9764.0,1311066,same-group AP
nagao_1000,b7,st_mean,b0,0,22403.3,forbidden,-9729.6,1311066,same-group AP
torsion_structure,[3],v3_tamagawa,3,10155,430.0,enriched,-9723.9,1889364,T13
nagao_1000,b4,st_mean,b0,3,22266.9,depleted,-9658.1,1311066,same-group AP
log_regulator,b0,mur_lo,b7,2042,29714.7,depleted,-9645.5,1889364,"C7 (trace summaries are rank proxies; Sha and integral points follow rank by C4, T15)"
log_abs_disc,b0,log_area,b3,1694,28631.2,depleted,-9620.6,1889364,"T11 (area is the covolume, a function of c4, c6)"
nagao_1000,b3,st_mean,b0,20,22251.7,depleted,-9595.2,1311066,same-group AP
log_j_height,b0,log_abs_c4,b7,1369,27497.3,depleted,-9565.7,1889364,same-group EQ
nagao_1000,b5,st_mean,b0,0,22001.6,forbidden,-9555.2,1311066,same-group AP
log_abs_c4,b7,log_omega,b4,2081,29527.5,depleted,-9524.7,1889364,T11
nagao_1000,b0,st_mean,b3,122,22632.2,depleted,-9500.7,1311066,same-group AP
log_abs_c4,b2,log_area,b2,2060,29376.7,depleted,-9488.0,1889364,"T11 (area is the covolume, a function of c4, c6)"
log_abs_disc,b1,log_abs_c4,b7,1750,28410.2,depleted,-9462.1,1889364,same-group EQ
max_isogeny_degree,5,has_5_isog,1,5211,29.7,enriched,-9448.2,1311066,same-group GAL
log_abs_c4,b1,log_omega,b2,2027,29086.2,depleted,-9408.8,1889364,T11
max_isogeny_degree,3,two_adic_log_index,1,3216,32277.2,depleted,-9402.2,1885114,same-group GAL
log_abs_disc,b0,log_omega,b1,1522,27484.8,depleted,-9364.8,1889364,T11
st_mean,b0,mur_hi,b7,40,21765.1,depleted,-9326.9,1311066,same-group AP
nagao_1000,b0,mur_lo,b7,216,22661.3,depleted,-9312.9,1311066,same-group AP
log_abs_disc,b2,log_area,b1,2168,29237.7,depleted,-9308.7,1889364,"T11 (area is the covolume, a function of c4, c6)"
two_adic_log_index,2,frac_even,b3,749,24775.3,depleted,-9298.2,1885114,T18/T5 (mod-l image fixes a_p mod l; c4=0 or c6=0 is CM)
v3_moddeg,1,v3_tamagawa,2,1064,25814.2,depleted,-9277.2,1889364,"U1 (check Agashe-Ribet-Stein, Emerton: component groups and the congruence number)"
nagao_1000,b6,st_mean,b0,0,21267.9,forbidden,-9236.5,1311066,same-group AP
log_regulator,b2,nagao_1000,b7,11,21339.0,depleted,-9227.4,1889364,"C7 (trace summaries are rank proxies; Sha and integral points follow rank by C4, T15)"
n_torsion_gens,0,odd_torsion,3,0,21148.7,forbidden,-9184.8,1889364,same-group GAL
torsion_structure,[],odd_torsion,3,0,21148.7,forbidden,-9184.8,1889364,I
two_adic_level,4,frac_even,b0,373,22962.7,depleted,-9144.9,1885114,T18/T5 (mod-l image fixes a_p mod l; c4=0 or c6=0 is CM)
log_abs_disc,b2,log_omega,b0,2289,29068.6,depleted,-9105.8,1889364,T11
nagao_1000,b7,st_mean,b1,0,20959.2,forbidden,-9102.4,1311066,same-group AP
nagao_1000,b0,mur_mid,b7,317,22539.2,depleted,-9065.6,1311066,same-group AP
st_mean,b7,mur_hi,b0,12,20970.0,depleted,-9064.0,1311066,same-group AP
two_adic_level,2,two_adic_label,X13,0,20863.8,forbidden,-9061.0,1837484,same-group GAL
log_abs_c4,b1,log_area,b3,2407,29276.0,depleted,-9059.4,1889364,"T11 (area is the covolume, a function of c4, c6)"
log_abs_disc,b1,log_area,b2,2332,29048.1,depleted,-9050.3,1889364,"T11 (area is the covolume, a function of c4, c6)"
log_abs_c4,b0,log_area,b4,2462,29340.8,depleted,-9025.9,1889364,"T11 (area is the covolume, a function of c4, c6)"
log_abs_disc,b0,log_abs_c4,b6,1799,27451.8,depleted,-9013.7,1889364,same-group EQ
nagao_1000,b2,st_mean,b0,205,21893.0,depleted,-9004.7,1311066,same-group AP
nagao_1000,b7,mur_lo,b0,178,21682.9,depleted,-8969.7,1311066,same-group AP
log_j_height,b6,log_omega,b7,2105,28161.6,depleted,-8947.2,1889364,T11
log_regulator,b3,st_mean,b7,2602,29505.4,depleted,-8942.0,1889364,"C7 (trace summaries are rank proxies; Sha and integral points follow rank by C4, T15)"
max_isogeny_degree,4,v2_tamagawa,0,809,24133.5,depleted,-8938.5,1889364,family L: torsion/isogeny constrains local data (T4/T13/T17 type)
rank_c,2,nagao_1000,b4,0,20571.1,forbidden,-8933.9,1311066,C7
two_adic_label,X13,two_adic_log_index,1,0,20378.9,forbidden,-8850.5,1837484,same-group GAL
log_j_height,b1,log_abs_c4,b7,2391,28693.3,depleted,-8844.7,1889364,same-group EQ
nagao_1000,b7,st_mean,b2,0,20338.9,forbidden,-8833.1,1311066,same-group AP
log_abs_disc,b4,log_area,b0,2903,30017.4,depleted,-8832.6,1889364,"T11 (area is the covolume, a function of c4, c6)"
two_adic_log_index,2,v2_tamagawa,0,170,21301.6,depleted,-8822.2,1885114,family L: torsion/isogeny constrains local data (T4/T13/T17 type)
log_regulator,b5,st_mean,b7,2495,28910.2,depleted,-8819.5,1889364,"C7 (trace summaries are rank proxies; Sha and integral points follow rank by C4, T15)"
rank_c,2,nagao_1000,b3,0,20294.3,forbidden,-8813.7,1311066,C7
two_adic_level,4,frac_even,b1,416,22299.6,depleted,-8786.3,1885114,T18/T5 (mod-l image fixes a_p mod l; c4=0 or c6=0 is CM)
log_abs_c4,b0,log_omega,b3,2500,28832.6,depleted,-8783.4,1889364,T11
two_adic_log_index,2,frac_even,b2,733,23488.5,depleted,-8780.7,1885114,T18/T5 (mod-l image fixes a_p mod l; c4=0 or c6=0 is CM)
rank_c,2,nagao_1000,b5,0,20176.5,forbidden,-8762.6,1311066,C7
class_size,3,max_isogeny_degree,9,4729,24.6,enriched,-8758.0,1311066,same-group GAL
nagao_1000,b2,st_mean,b7,0,20080.9,forbidden,-8721.0,1311066,same-group AP
v2_moddeg,4,n_kod_Ins,1,1205,24931.9,depleted,-8720.9,1889364,"family P: Dummigan, Caro-Pasten bounds on v2(moddeg) from multiplicative primes"
nagao_1000,b7,st_mean,b3,0,20075.7,forbidden,-8718.8,1311066,same-group AP
torsion_structure,[3],log_odd_tamagawa,b0,211,21241.4,depleted,-8712.3,1889364,family L: torsion/isogeny constrains local data (T4/T13/T17 type)
nagao_1000,b1,st_mean,b7,0,20042.8,forbidden,-8704.5,1311066,same-group AP
log_regulator,b4,st_mean,b7,2757,29308.2,depleted,-8702.9,1889364,"C7 (trace summaries are rank proxies; Sha and integral points follow rank by C4, T15)"
log_j_height,b6,log_area,b5,2772,29343.4,depleted,-8701.4,1889364,"T11 (area is the covolume, a function of c4, c6)"
nagao_1000,b6,st_mean,b1,0,20000.7,forbidden,-8686.2,1311066,same-group AP
rank_c,2,mur_lo,b6,4,19980.3,depleted,-8661.5,1311066,C7
rank_c,2,st_mean,b5,4,19919.6,depleted,-8635.2,1311066,C7
rank_c,2,nagao_1000,b7,0,19882.1,forbidden,-8634.7,1311066,C7
rank_c,2,mur_lo,b5,42,20152.9,depleted,-8622.7,1311066,C7
nagao_1000,b3,st_mean,b7,1,19842.8,depleted,-8613.3,1311066,same-group AP
log_abs_disc,b2,log_abs_c4,b7,2757,29060.3,depleted,-8605.5,1889364,same-group EQ
n_torsion_gens,2,n_intpts_x,1,0,19765.7,forbidden,-8584.2,1889364,T15 (torsion points are integral)
rank_c,2,st_mean,b6,0,19736.0,forbidden,-8571.2,1311066,C7
rank_c,2,mur_lo,b7,0,19718.7,forbidden,-8563.7,1311066,C7
st_mean,b0,mur_mid,b7,470,21957.7,depleted,-8549.1,1311066,same-group AP
n_torsion_gens,2,max_isogeny_degree,2,0,19627.5,forbidden,-8524.1,1889364,same-group GAL
nagao_1000,b7,mur_mid,b0,363,21413.2,depleted,-8500.9,1311066,same-group AP
nagao_1000,b2,st_mean,b6,3,19523.6,depleted,-8466.9,1311066,same-group AP
rank_c,2,st_mean,b7,0,19494.8,forbidden,-8466.5,1311066,C7
nagao_1000,b6,st_mean,b2,21,19609.2,depleted,-8445.7,1311066,same-group AP
v2_moddeg,4,v2_tamagawa,4+,40,19723.6,depleted,-8442.0,1889364,"U1 (check Agashe-Ribet-Stein, Emerton: component groups and the congruence number)"
nagao_1000,b7,st_mean,b4,54,19807.7,depleted,-8441.7,1311066,same-group AP
log_abs_disc,b0,log_j_height,b7,2192,27098.6,depleted,-8425.0,1889364,same-group EQ
st_mean,b7,mur_hi,b1,201,20522.4,depleted,-8423.2,1311066,same-group AP
torsion_structure,"[2,2]",n_intpts_x,1,0,19359.3,forbidden,-8407.7,1889364,T15
rank_c,2,st_mean,b4,89,19892.2,depleted,-8392.7,1311066,C7
nagao_1000,b0,mur_lo,b6,849,22943.1,depleted,-8381.6,1311066,same-group AP
torsion_structure,"[2,2]",max_isogeny_degree,2,0,19226.3,forbidden,-8349.9,1889364,same-group GAL
rank_c,2,nagao_1000,b2,32,19449.4,depleted,-8344.9,1311066,C7
nagao_1000,b4,st_mean,b7,56,19503.2,depleted,-8304.7,1311066,same-group AP
two_adic_label,X1,n_nonsurj_primes,2,176,20109.6,depleted,-8296.4,1841734,same-group GAL
log_abs_disc,b0,log_omega,b2,2729,28144.2,depleted,-8274.3,1889364,T11
st_mean,b7,mur_mid,b0,418,21063.0,depleted,-8256.1,1311066,same-group AP
two_adic_label,CM,is_cm,1,4250,18.0,enriched,-8254.4,1841734,same-group GAL
max_isogeny_degree,4,n_kod_IVs,1,0,18992.4,forbidden,-8248.3,1889364,family L: torsion/isogeny constrains local data (T4/T13/T17 type)
nagao_1000,b5,st_mean,b1,72,19455.9,depleted,-8244.6,1311066,same-group AP
v2_torsion,2,v2_tamagawa,1,56,19336.2,depleted,-8232.4,1889364,family L: torsion/isogeny constrains local data (T4/T13/T17 type)
rank_c,2,nagao_1000,b6,0,18878.3,forbidden,-8198.8,1311066,C7
two_adic_level,1,n_nonsurj_primes,2,176,19802.1,depleted,-8164.0,1885114,same-group GAL
n_nonsurj_primes,2,two_adic_log_index,0,176,19802.1,depleted,-8164.0,1885114,same-group GAL
st_mean,b6,mur_hi,b0,372,20614.3,depleted,-8144.2,1311066,same-group AP
v3_moddeg,4,log_odd_moddeg,b0,0,18724.8,forbidden,-8132.1,1889364,same-group AN
class_size,6,max_isogeny_degree,8,4205,18.4,enriched,-8098.7,1311066,same-group GAL
two_adic_label,X8c,n_torsion_gens,2,7372,223.1,enriched,-8096.1,1841734,same-group GAL
torsion_structure,"[2,2]",two_adic_label,X8c,7362,222.6,enriched,-8088.1,1841734,same-group GAL
log_j_height,b0,log_area,b0,2625,27370.9,depleted,-8076.4,1889364,"T11 (area is the covolume, a function of c4, c6)"
two_adic_label,X6,v2_torsion,2,0,18550.6,forbidden,-8056.4,1841734,same-group GAL
nagao_1000,b3,st_mean,b6,331,20181.2,depleted,-8031.6,1311066,same-group AP
torsion_structure,[3],n_torsion_gens,0,0,18489.5,forbidden,-8029.9,1889364,I
st_mean,b0,mur_hi,b6,795,21871.4,depleted,-8010.8,1311066,same-group AP
class_size,1,odd_torsion,3,0,18444.3,forbidden,-8010.2,1889364,same-group GAL
max_isogeny_degree,1,odd_torsion,3,0,18444.3,forbidden,-8010.2,1889364,same-group GAL
rank_c,2,mur_lo,b4,315,19985.9,depleted,-7976.9,1311066,C7
rank_c,2,mur_mid,b7,234,19619.4,depleted,-7970.5,1311066,C7
n_nonsurj_primes,0,odd_torsion,3,0,18351.8,forbidden,-7970.1,1889364,same-group GAL
nagao_1000,b1,st_mean,b6,0,18334.5,forbidden,-7962.6,1311066,same-group AP
two_adic_level,8,frac_even,b1,1354,23542.2,depleted,-7958.9,1885114,T18/T5 (mod-l image fixes a_p mod l; c4=0 or c6=0 is CM)
v3_moddeg,4,log_odd_moddeg,b2,0,18253.6,forbidden,-7927.4,1889364,same-group AN
rank_c,0,n_intpts_x,5,224,19410.0,depleted,-7899.9,1889364,T15
v2_torsion,2,v2_tamagawa,2,443,20136.7,depleted,-7820.3,1889364,family L: torsion/isogeny constrains local data (T4/T13/T17 type)
v3_tamagawa,2,log_odd_tamagawa,b1,0,17883.1,forbidden,-7766.5,1889364,same-group LOC
nagao_1000,b1,st_mean,b5,12,17944.9,depleted,-7751.0,1311066,same-group AP
nagao_1000,b0,mur_lo,b5,1413,23027.5,depleted,-7676.3,1311066,same-group AP
two_adic_log_index,3,frac_even,b0,0,17618.9,forbidden,-7651.8,1885114,T18/T5 (mod-l image fixes a_p mod l; c4=0 or c6=0 is CM)
two_adic_level,4,two_adic_label,X9,11702,1054.1,enriched,-7610.9,1837484,same-group GAL
two_adic_level,4,two_adic_label,X10,11702,1054.1,enriched,-7610.9,1837484,same-group GAL
nagao_1000,b4,st_mean,b1,402,19435.1,depleted,-7590.6,1311066,same-group AP
nagao_1000,b7,mur_hi,b0,924,21275.6,depleted,-7581.8,1311066,same-group AP
nagao_1000,b0,mur_mid,b6,1400,22651.1,depleted,-7538.7,1311066,same-group AP
n_torsion_gens,2,two_adic_log_index,1,0,17193.7,forbidden,-7467.1,1885114,same-group GAL
max_isogeny_degree,3,has_2_isog,1,0,17102.0,forbidden,-7427.3,1311066,same-group GAL
two_adic_log_index,3,frac_even,b1,39,17231.3,depleted,-7364.6,1885114,T18/T5 (mod-l image fixes a_p mod l; c4=0 or c6=0 is CM)
n_kod_In,1,log_j_height,b7,2290,24662.6,depleted,-7354.6,1889364,T4 (local data and equation)
v3_moddeg,0,n_kod_IV,1,21,17078.4,depleted,-7347.9,1889364,family M: valuations track the size of moddeg (T12)
st_mean,b1,mur_hi,b7,741,20086.6,depleted,-7341.6,1311066,same-group AP
n_bad_primes,2,v2_tamagawa,4+,580,19472.9,depleted,-7321.8,1889364,same-group LOC
torsion_structure,"[2,2]",two_adic_log_index,1,0,16844.3,forbidden,-7315.4,1885114,same-group GAL
max_isogeny_degree,3,v3_moddeg,0,748,20043.3,depleted,-7313.5,1889364,"family E: Eisenstein congruence, rational torsion/isogeny divides the congruence number"
two_adic_level,4,v2_tamagawa,0,258,18129.5,depleted,-7286.6,1885114,family L: torsion/isogeny constrains local data (T4/T13/T17 type)
nagao_1000,b2,st_mean,b5,635,19465.7,depleted,-7236.0,1311066,same-group AP
two_adic_label,X8c,v2_torsion,2,7372,303.1,enriched,-7149.6,1841734,same-group GAL
n_kod_IIIs,1,v2_tamagawa,0,0,16395.4,forbidden,-7120.4,1889364,same-group LOC
n_nonsurj_primes,2,class_size,1,98,16924.5,depleted,-7089.8,1889364,same-group GAL
n_nonsurj_primes,2,max_isogeny_degree,1,98,16924.5,depleted,-7089.8,1889364,same-group GAL
n_kod_III,1,v2_tamagawa,0,0,16292.8,forbidden,-7075.9,1889364,same-group LOC
st_mean,b7,mur_hi,b2,1004,20274.9,depleted,-7060.7,1311066,same-group AP
max_isogeny_degree,2,has_3_isog,1,0,16253.6,forbidden,-7058.8,1311066,same-group GAL
rank_c,0,n_intpts_x,10+,0,16164.7,forbidden,-7020.2,1889364,T15
torsion_structure,[3],class_size,1,0,16149.5,forbidden,-7013.7,1889364,same-group GAL
torsion_structure,[3],max_isogeny_degree,1,0,16149.5,forbidden,-7013.7,1889364,same-group GAL
st_mean,b6,mur_mid,b0,1263,20896.6,depleted,-6989.6,1311066,same-group AP
torsion_structure,[3],n_nonsurj_primes,0,0,16068.3,forbidden,-6978.4,1889364,same-group GAL
torsion_structure,[2],odd_torsion,3,0,16044.9,forbidden,-6968.2,1889364,I
nagao_1000,b6,mur_lo,b0,1269,20846.9,depleted,-6961.9,1311066,same-group AP
rank_c,2,st_mean,b3,943,19748.8,depleted,-6923.4,1311066,C7
two_adic_level,8,frac_even,b2,1529,21424.2,depleted,-6889.4,1885114,T18/T5 (mod-l image fixes a_p mod l; c4=0 or c6=0 is CM)
torsion_structure,[3],has_2_isog,1,0,15852.3,forbidden,-6884.6,1889364,same-group GAL
two_adic_level,1,two_adic_log_index,4,0,15837.0,forbidden,-6877.9,1885114,same-group GAL
root_number,-1,log_odd_sha,b1,752,18928.3,depleted,-6842.2,1889364,same-group AN
n_split_mult,4,n_kod_In,2,0,15747.6,forbidden,-6839.1,1889364,same-group LOC
nagao_1000,b0,mur_hi,b7,1911,22345.5,depleted,-6835.8,1311066,same-group AP
rank_c,1,log_odd_sha,b1,752,18838.9,depleted,-6805.0,1889364,C4
rank_c,1,n_intpts_x,10+,1482,20924.9,depleted,-6741.9,1889364,T15
st_mean,b0,mur_mid,b6,1854,21952.3,depleted,-6740.6,1311066,same-group AP
log_regulator,b2,st_mean,b7,1702,21357.2,depleted,-6668.4,1889364,"C7 (trace summaries are rank proxies; Sha and integral points follow rank by C4, T15)"
rank_c,2,mur_mid,b6,1198,19838.6,depleted,-6637.0,1311066,C7
nagao_1000,b6,mur_mid,b0,1419,20460.6,depleted,-6627.1,1311066,same-group AP
log_odd_tamagawa,b3,log_odd_moddeg,b0,1079,19433.3,depleted,-6618.4,1889364,"U1 (check Agashe-Ribet-Stein, Emerton: component groups and the congruence number)"
log_abs_disc,b0,log_odd_tamagawa,b3,1182,19698.7,depleted,-6599.5,1889364,T4 (local data and equation)
class_size,2,max_isogeny_degree,4,0,15185.9,forbidden,-6595.1,1311066,same-group GAL
nagao_1000,b1,st_mean,b4,755,18280.1,depleted,-6568.0,1311066,same-group AP
st_mean,b7,mur_lo,b0,1804,21355.8,depleted,-6557.1,1311066,same-group AP
class_size,4,n_kod_IVs,1,1877,21504.3,depleted,-6538.2,1889364,family L: torsion/isogeny constrains local data (T4/T13/T17 type)
two_adic_label,X1,max_isogeny_degree,6,0,15051.8,forbidden,-6536.9,1841734,same-group GAL
max_isogeny_degree,6,v2_torsion,0,0,15009.9,forbidden,-6518.7,1889364,same-group GAL
st_mean,b0,mur_lo,b7,2146,22050.9,depleted,-6475.3,1311066,same-group AP
v2_torsion,0,two_adic_log_index,4,262,16201.0,depleted,-6454.5,1885114,same-group GAL
has_2_isog,0,two_adic_log_index,4,262,16201.0,depleted,-6454.5,1885114,same-group GAL
v5_sha,2,log_odd_sha,b1,5028,101.7,enriched,-6380.1,1889364,same-group AN
n_torsion_gens,2,v2_tamagawa,2,76,15160.4,depleted,-6377.6,1889364,family L: torsion/isogeny constrains local data (T4/T13/T17 type)
two_adic_label,X8,has_2_isog,0,0,14641.5,forbidden,-6358.7,1841734,same-group GAL
two_adic_label,X8,v2_torsion,0,0,14641.5,forbidden,-6358.7,1841734,same-group GAL
v7_tamagawa,1,log_odd_tamagawa,b1,0,14570.8,forbidden,-6328.0,1889364,same-group LOC
two_adic_level,1,max_isogeny_degree,6,0,14556.8,forbidden,-6321.9,1885114,same-group GAL
max_isogeny_degree,6,two_adic_log_index,0,0,14556.8,forbidden,-6321.9,1885114,same-group GAL
class_size,6,v2_torsion,0,0,14550.8,forbidden,-6319.3,1889364,same-group GAL
v3_moddeg,0,v3_tamagawa,2,0,14541.4,forbidden,-6315.3,1889364,"U1 (check Agashe-Ribet-Stein, Emerton: component groups and the congruence number)"
n_torsion_gens,2,v2_tamagawa,1,2,14537.9,depleted,-6305.7,1889364,family L: torsion/isogeny constrains local data (T4/T13/T17 type)
two_adic_log_index,3,frac_even,b3,384,16302.5,depleted,-6289.9,1885114,T18/T5 (mod-l image fixes a_p mod l; c4=0 or c6=0 is CM)
n_split_mult,0,v7_tamagawa,1,0,14461.8,forbidden,-6280.7,1889364,same-group LOC
nagao_1000,b3,st_mean,b1,1549,19963.2,depleted,-6279.5,1311066,same-group AP
n_torsion_gens,0,max_isogeny_degree,6,0,14427.0,forbidden,-6265.5,1889364,same-group GAL
torsion_structure,[],max_isogeny_degree,6,0,14427.0,forbidden,-6265.5,1889364,same-group GAL
torsion_structure,"[2,2]",v2_tamagawa,2,75,14845.1,depleted,-6243.7,1889364,family L: torsion/isogeny constrains local data (T4/T13/T17 type)
two_adic_label,X8,two_adic_log_index,0,0,14374.7,forbidden,-6242.8,1837484,same-group GAL
two_adic_level,1,two_adic_label,X8,0,14374.7,forbidden,-6242.8,1837484,same-group GAL
n_additive,3,n_kod_Ins,3+,6959,347.9,enriched,-6185.5,1889364,same-group LOC
n_torsion_gens,0,two_adic_log_index,4,261,15557.6,depleted,-6181.5,1885114,same-group GAL
torsion_structure,[],two_adic_log_index,4,261,15557.6,depleted,-6181.5,1885114,same-group GAL
class_size,6,two_adic_log_index,0,0,14220.2,forbidden,-6175.8,1885114,same-group GAL
two_adic_level,1,class_size,6,0,14220.2,forbidden,-6175.8,1885114,same-group GAL
torsion_structure,"[2,2]",v2_tamagawa,1,2,14229.3,depleted,-6171.7,1889364,family L: torsion/isogeny constrains local data (T4/T13/T17 type)
rank_c,2,mur_lo,b3,1551,19666.3,depleted,-6158.5,1311066,C7
two_adic_label,X8,disc_sign,-1,0,14164.5,forbidden,-6151.6,1841734,family L: torsion/isogeny constrains local data (T4/T13/T17 type)
nagao_1000,b7,mur_mid,b1,2042,20935.8,depleted,-6143.4,1311066,same-group AP
st_mean,b2,mur_hi,b7,1596,19751.0,depleted,-6142.9,1311066,same-group AP
torsion_structure,[],two_adic_label,X8,0,14140.2,forbidden,-6141.0,1841734,same-group GAL
two_adic_label,X8,n_torsion_gens,0,0,14140.2,forbidden,-6141.0,1841734,same-group GAL
n_nonsurj_primes,2,v2_torsion,0,1812,20296.0,depleted,-6128.3,1889364,same-group GAL
n_nonsurj_primes,2,has_2_isog,0,1812,20296.0,depleted,-6128.3,1889364,same-group GAL
two_adic_log_index,3,frac_even,b2,319,15634.6,depleted,-6113.9,1885114,T18/T5 (mod-l image fixes a_p mod l; c4=0 or c6=0 is CM)
torsion_structure,[3],v2_torsion,1,0,14069.0,forbidden,-6110.1,1889364,I
nagao_1000,b5,st_mean,b2,1633,19750.7,depleted,-6102.5,1311066,same-group AP
two_adic_label,X36,max_isogeny_degree,8,3172,14.0,enriched,-6101.1,1841734,same-group GAL
max_isogeny_degree,8,two_adic_log_index,5,5580,171.4,enriched,-6093.9,1885114,same-group GAL
v3_tamagawa,3,log_odd_tamagawa,b0,0,13991.1,forbidden,-6076.2,1889364,same-group LOC
odd_torsion,3,n_intpts_x,0,0,13979.5,forbidden,-6071.2,1889364,T15 (torsion points are integral)
n_torsion_gens,0,class_size,6,0,13976.5,forbidden,-6069.9,1889364,same-group GAL
torsion_structure,[],class_size,6,0,13976.5,forbidden,-6069.9,1889364,same-group GAL
st_mean,b5,mur_hi,b0,2022,20623.0,depleted,-6041.0,1311066,same-group AP
nagao_1000,b1,mur_mid,b7,1588,19383.7,depleted,-6005.1,1311066,same-group AP
two_adic_label,X8,is_opt,1,1170,18187.2,depleted,-5998.2,1841734,I5/T8 (optimal vs non-optimal curves differ by the isogeny)
n_torsion_gens,2,c4_sign,-1,0,13798.3,forbidden,-5992.5,1889364,family L: torsion/isogeny constrains local data (T4/T13/T17 type)
two_adic_label,X6,n_torsion_gens,2,0,13788.5,forbidden,-5988.3,1841734,same-group GAL
torsion_structure,"[2,2]",two_adic_label,X6,0,13767.6,forbidden,-5979.2,1841734,same-group GAL
torsion_structure,[6],max_isogeny_degree,6,4712,95.5,enriched,-5976.4,1889364,same-group GAL
n_nonsurj_primes,1,max_isogeny_degree,6,114,14419.4,depleted,-5974.6,1889364,same-group GAL
nagao_1000,b7,mur_lo,b1,1900,20118.4,depleted,-5967.0,1311066,same-group AP
two_adic_level,16,max_isogeny_degree,8,5466,168.2,enriched,-5964.6,1885114,same-group GAL
max_isogeny_degree,8,v2_torsion,0,0,13731.4,forbidden,-5963.5,1889364,same-group GAL
nagao_1000,b6,st_mean,b3,1652,19448.0,depleted,-5961.7,1311066,same-group AP
two_adic_label,X2,exceptional_image,1,3174,16.0,enriched,-5923.0,1841734,same-group GAL
class_size,6,two_adic_log_index,5,5580,185.0,enriched,-5914.4,1885114,same-group GAL
class_size,4,max_isogeny_degree,2,0,13615.7,forbidden,-5913.2,1311066,same-group GAL
class_size,4,max_isogeny_degree,6,6890,371.1,enriched,-5912.6,1311066,same-group GAL
torsion_structure,[],n_nonsurj_primes,2,1715,19485.1,depleted,-5909.4,1889364,same-group GAL
n_nonsurj_primes,2,n_torsion_gens,0,1715,19485.1,depleted,-5909.4,1889364,same-group GAL
two_adic_label,X36,class_size,6,3172,16.4,enriched,-5882.8,1841734,same-group GAL
torsion_structure,"[2,2]",c4_sign,-1,0,13510.9,forbidden,-5867.7,1889364,family L: torsion/isogeny constrains local data (T4/T13/T17 type)
torsion_structure,[6],odd_torsion,3,5083,135.1,enriched,-5861.3,1889364,I
max_isogeny_degree,8,two_adic_log_index,0,0,13420.6,forbidden,-5828.5,1885114,same-group GAL
two_adic_level,1,max_isogeny_degree,8,0,13420.6,forbidden,-5828.5,1885114,same-group GAL
torsion_structure,[6],n_nonsurj_primes,2,5082,138.6,enriched,-5805.7,1889364,same-group GAL
two_adic_level,16,class_size,6,5466,182.1,enriched,-5783.1,1885114,same-group GAL
log_area,b7,log_odd_tamagawa,b3,1935,19713.8,depleted,-5772.6,1889364,"T11 (area is the covolume, a function of c4, c6)"
max_isogeny_degree,4,n_kod_IV,1,0,13287.0,forbidden,-5770.5,1889364,family L: torsion/isogeny constrains local data (T4/T13/T17 type)
n_torsion_gens,0,max_isogeny_degree,8,0,13193.3,forbidden,-5729.8,1889364,same-group GAL
torsion_structure,[],max_isogeny_degree,8,0,13193.3,forbidden,-5729.8,1889364,same-group GAL
n_kod_Ins,2,log_abs_disc,b0,48,13469.3,depleted,-5712.5,1889364,T4 (local data and equation)
two_adic_label,CM,n_kod_In,0,4250,72.3,enriched,-5706.4,1841734,family L: torsion/isogeny constrains local data (T4/T13/T17 type)
odd_torsion,3,v3_tamagawa,4+,4871,124.4,enriched,-5699.0,1889364,family L: torsion/isogeny constrains local data (T4/T13/T17 type)
n_kod_Ins,2,log_area,b7,78,13485.9,depleted,-5649.8,1889364,"T11 (area is the covolume, a function of c4, c6)"
n_nonsplit_mult,4,n_kod_In,2,0,12855.6,forbidden,-5583.1,1889364,same-group LOC
rank_c,0,n_intpts_x,6,53,13163.3,depleted,-5568.0,1889364,T15
torsion_structure,[4],has_2_isog,0,0,12743.6,forbidden,-5534.5,1889364,same-group GAL
torsion_structure,[4],v2_torsion,0,0,12743.6,forbidden,-5534.5,1889364,I
max_isogeny_degree,3,two_adic_log_index,2,192,13628.4,depleted,-5481.5,1885114,same-group GAL
root_number,-1,v3_sha,2,697,15468.7,depleted,-5478.8,1889364,same-group AN
is_cm,1,n_kod_In,0,4250,82.7,enriched,-5464.3,1889364,T10
rank_c,1,v3_sha,2,697,15395.6,depleted,-5448.5,1889364,C4
two_adic_level,16,two_adic_log_index,5,4180,78.5,enriched,-5437.2,1885114,same-group GAL
max_isogeny_degree,3,log_odd_moddeg,b0,1363,17344.8,depleted,-5437.1,1889364,"family E: Eisenstein congruence, rational torsion/isogeny divides the congruence number"
is_cm,1,c4_sign,0,2614,8.1,enriched,-5434.5,1889364,"T10 (CM: integral j, no multiplicative reduction)"
two_adic_label,X13g,two_adic_log_index,3,7372,537.5,enriched,-5417.6,1837484,same-group GAL
two_adic_label,X13e,two_adic_log_index,3,7372,537.5,enriched,-5417.6,1837484,same-group GAL
two_adic_label,X8c,two_adic_log_index,3,7372,537.5,enriched,-5417.6,1837484,same-group GAL
two_adic_label,X13c,two_adic_log_index,3,7372,537.5,enriched,-5417.6,1837484,same-group GAL
max_isogeny_degree,6,has_3_isog,1,6890,442.7,enriched,-5415.9,1311066,same-group GAL
torsion_structure,[4],two_adic_log_index,0,0,12458.7,forbidden,-5410.7,1885114,same-group GAL
torsion_structure,[4],two_adic_level,1,0,12458.7,forbidden,-5410.7,1885114,same-group GAL
two_adic_label,X8,class_size,1,0,12453.0,forbidden,-5408.3,1841734,same-group GAL
two_adic_label,X8,max_isogeny_degree,1,0,12453.0,forbidden,-5408.3,1841734,same-group GAL
two_adic_label,X8,n_nonsurj_primes,0,0,12397.8,forbidden,-5384.3,1841734,same-group GAL
v5_tamagawa,2,log_odd_tamagawa,b3,8050,693.5,enriched,-5378.8,1889364,same-group LOC
max_isogeny_degree,1,two_adic_log_index,4,246,13544.2,depleted,-5348.7,1885114,same-group GAL
class_size,1,two_adic_log_index,4,246,13544.2,depleted,-5348.7,1885114,same-group GAL
v2_moddeg,4,v2_tamagawa,3,470,14381.2,depleted,-5345.0,1889364,"U1 (check Agashe-Ribet-Stein, Emerton: component groups and the congruence number)"
two_adic_label,CM,c4_sign,0,2614,8.8,enriched,-5332.1,1841734,family L: torsion/isogeny constrains local data (T4/T13/T17 type)
torsion_structure,[4],n_torsion_gens,0,0,12250.7,forbidden,-5320.4,1889364,I
n_nonsurj_primes,0,two_adic_log_index,4,238,13418.9,depleted,-5309.2,1885114,same-group GAL
torsion_structure,[3],n_intpts_x,0,0,12211.3,forbidden,-5303.3,1889364,T15
v2_moddeg,3,n_kod_Ins,1,191,13189.1,depleted,-5295.3,1889364,"family P: Dummigan, Caro-Pasten bounds on v2(moddeg) from multiplicative primes"
n_nonsurj_primes,0,class_size,6,0,12093.4,forbidden,-5252.1,1889364,same-group GAL
n_additive,1,n_kod_In,0,149,12875.3,depleted,-5239.9,1889364,same-group LOC
n_kod_Ins,2,log_omega,b7,361,13558.0,depleted,-5164.6,1889364,"T4+T11 (reduction types fix v_p(Delta), hence the period)"
n_nonsurj_primes,0,max_isogeny_degree,6,112,12496.3,depleted,-5150.5,1889364,same-group GAL
v2_torsion,2,frac_even,b0,0,11766.9,forbidden,-5110.3,1889364,T18/T5 (mod-l image fixes a_p mod l; c4=0 or c6=0 is CM)
n_kod_Ins,2,v2_tamagawa,0,0,11739.4,forbidden,-5098.4,1889364,same-group LOC
max_isogeny_degree,2,odd_torsion,3,0,11698.6,forbidden,-5080.6,1889364,same-group GAL
v2_torsion,2,frac_even,b1,0,11503.2,forbidden,-4995.8,1889364,T18/T5 (mod-l image fixes a_p mod l; c4=0 or c6=0 is CM)
n_nonsurj_primes,0,max_isogeny_degree,8,0,11422.7,forbidden,-4960.8,1889364,same-group GAL
class_size,4,frac_even,b0,0,11386.4,forbidden,-4945.0,1311066,T18/T5 (mod-l image fixes a_p mod l; c4=0 or c6=0 is CM)
n_split_mult,2,n_additive,3,1320,15844.6,depleted,-4885.2,1311066,same-group LOC
n_nonsplit_mult,2,n_additive,3,1275,15686.4,depleted,-4871.0,1311066,same-group LOC
two_adic_level,8,two_adic_label,X13c,7372,647.4,enriched,-4869.8,1837484,same-group GAL
two_adic_level,8,two_adic_label,X8c,7372,647.4,enriched,-4869.8,1837484,same-group GAL
two_adic_level,8,two_adic_label,X13g,7372,647.4,enriched,-4869.8,1837484,same-group GAL
two_adic_level,8,two_adic_label,X13e,7372,647.4,enriched,-4869.8,1837484,same-group GAL
two_adic_label,X17,v2_torsion,0,0,11173.8,forbidden,-4852.7,1841734,same-group GAL
two_adic_label,X16,has_2_isog,0,0,11173.8,forbidden,-4852.7,1841734,same-group GAL
two_adic_label,X17,has_2_isog,0,0,11173.8,forbidden,-4852.7,1841734,same-group GAL
two_adic_label,X16,v2_torsion,0,0,11173.8,forbidden,-4852.7,1841734,same-group GAL
class_size,4,frac_even,b1,0,11095.7,forbidden,-4818.8,1311066,T18/T5 (mod-l image fixes a_p mod l; c4=0 or c6=0 is CM)
two_adic_label,X16,two_adic_log_index,0,0,10958.9,forbidden,-4759.4,1837484,same-group GAL
two_adic_label,X17,two_adic_log_index,0,0,10958.9,forbidden,-4759.4,1837484,same-group GAL
two_adic_level,1,two_adic_label,X16,0,10958.9,forbidden,-4759.4,1837484,same-group GAL
two_adic_level,1,two_adic_label,X17,0,10958.9,forbidden,-4759.4,1837484,same-group GAL
v2_torsion,2,frac_even,b3,0,10939.1,forbidden,-4750.8,1889364,T18/T5 (mod-l image fixes a_p mod l; c4=0 or c6=0 is CM)
two_adic_label,X17,disc_sign,-1,0,10903.0,forbidden,-4735.1,1841734,family L: torsion/isogeny constrains local data (T4/T13/T17 type)
n_nonsplit_mult,1,n_kod_In,0,0,10895.3,forbidden,-4731.8,1889364,same-group LOC
two_adic_label,X8,n_torsion_gens,1,0,10868.7,forbidden,-4720.2,1841734,same-group GAL
two_adic_label,X16,n_torsion_gens,0,0,10759.2,forbidden,-4672.7,1841734,same-group GAL
torsion_structure,[],two_adic_label,X16,0,10759.2,forbidden,-4672.7,1841734,same-group GAL
torsion_structure,[],two_adic_label,X17,0,10759.2,forbidden,-4672.7,1841734,same-group GAL
two_adic_label,X17,n_torsion_gens,0,0,10759.2,forbidden,-4672.7,1841734,same-group GAL
two_adic_label,X13,frac_even,b0,0,10695.0,forbidden,-4644.8,1841734,T18/T5 (mod-l image fixes a_p mod l; c4=0 or c6=0 is CM)
torsion_structure,[4],max_isogeny_degree,1,0,10672.4,forbidden,-4635.0,1889364,same-group GAL
torsion_structure,[4],class_size,1,0,10672.4,forbidden,-4635.0,1889364,same-group GAL
torsion_structure,[3],v3_tamagawa,4+,4027,109.0,enriched,-4613.2,1889364,T13
torsion_structure,[4],n_nonsurj_primes,0,3,10619.0,depleted,-4600.5,1889364,same-group GAL
two_adic_level,8,two_adic_label,X4,7020,627.4,enriched,-4588.6,1837484,same-group GAL
n_split_mult,1,n_kod_In,0,0,10532.0,forbidden,-4574.0,1889364,same-group LOC
two_adic_level,16,two_adic_log_index,4,4774,203.2,enriched,-4562.5,1885114,same-group GAL
n_kod_Ins,2,log_abs_c4,b0,803,13573.6,depleted,-4562.0,1889364,T4 (local data and equation)
v2_torsion,2,frac_even,b2,0,10453.2,forbidden,-4539.8,1889364,T18/T5 (mod-l image fixes a_p mod l; c4=0 or c6=0 is CM)
torsion_structure,[4],two_adic_label,X1,0,10392.2,forbidden,-4513.3,1841734,same-group GAL
v3_moddeg,5,log_odd_moddeg,b1,0,10378.0,forbidden,-4507.1,1889364,same-group AN
two_adic_label,X17,is_opt,1,956,13878.0,depleted,-4503.1,1841734,I5/T8 (optimal vs non-optimal curves differ by the isogeny)
two_adic_label,X13,frac_even,b1,0,10341.8,forbidden,-4491.4,1841734,T18/T5 (mod-l image fixes a_p mod l; c4=0 or c6=0 is CM)
v2_moddeg,3,v2_tamagawa,4+,5,10368.5,depleted,-4485.0,1889364,"U1 (check Agashe-Ribet-Stein, Emerton: component groups and the congruence number)"
v3_moddeg,5,log_odd_moddeg,b4,0,10242.0,forbidden,-4448.0,1889364,same-group AN
torsion_structure,[3],max_isogeny_degree,2,0,10204.5,forbidden,-4431.8,1889364,same-group GAL
rank_c,3,n_intpts_x,10+,3725,90.9,enriched,-4430.8,1889364,T15
two_adic_label,X8,v2_torsion,1,0,10105.4,forbidden,-4388.7,1841734,same-group GAL
rank_c,2,v2_sha,2,8,10165.1,depleted,-4387.2,1889364,C4
v2_moddeg,7,n_kod_Ins,2,154,10890.8,depleted,-4379.6,1889364,"family P: Dummigan, Caro-Pasten bounds on v2(moddeg) from multiplicative primes"
max_isogeny_degree,4,frac_even,b0,0,10082.5,forbidden,-4378.8,1311066,T18/T5 (mod-l image fixes a_p mod l; c4=0 or c6=0 is CM)
torsion_structure,[2],two_adic_label,X8,0,10036.3,forbidden,-4358.7,1841734,same-group GAL
max_isogeny_degree,4,v2_moddeg,5,1328,14425.2,depleted,-4314.3,1889364,"family E: Eisenstein congruence, rational torsion/isogeny divides the congruence number"
class_size,4,frac_even,b2,10,10002.0,depleted,-4310.4,1311066,T18/T5 (mod-l image fixes a_p mod l; c4=0 or c6=0 is CM)
two_adic_log_index,3,v2_tamagawa,0,1338,14342.2,depleted,-4271.2,1885114,family L: torsion/isogeny constrains local data (T4/T13/T17 type)
n_bad_primes,6+,n_kod_In,2,0,9829.5,forbidden,-4268.9,1889364,same-group LOC
max_isogeny_degree,4,frac_even,b1,0,9808.2,forbidden,-4259.6,1311066,T18/T5 (mod-l image fixes a_p mod l; c4=0 or c6=0 is CM)
n_kod_Ins,2,log_abs_disc,b1,1225,13937.4,depleted,-4229.2,1889364,T4 (local data and equation)
two_adic_label,X13,frac_even,b3,0,9708.4,forbidden,-4216.3,1841734,T18/T5 (mod-l image fixes a_p mod l; c4=0 or c6=0 is CM)
n_nonsurj_primes,2,max_isogeny_degree,12,3688,100.7,enriched,-4211.5,1889364,same-group GAL
n_additive,4+,n_kod_In,0,2893,37.9,enriched,-4209.9,1889364,same-group LOC
two_adic_label,X13h,has_2_isog,0,0,9670.0,forbidden,-4199.6,1841734,same-group GAL
two_adic_label,X13f,has_2_isog,0,0,9670.0,forbidden,-4199.6,1841734,same-group GAL
two_adic_label,X8d,v2_torsion,0,0,9670.0,forbidden,-4199.6,1841734,same-group GAL
two_adic_label,X13d,has_2_isog,0,0,9670.0,forbidden,-4199.6,1841734,same-group GAL
two_adic_label,X13d,v2_torsion,0,0,9670.0,forbidden,-4199.6,1841734,same-group GAL
two_adic_label,X13h,v2_torsion,0,0,9670.0,forbidden,-4199.6,1841734,same-group GAL
two_adic_label,X8d,has_2_isog,0,0,9670.0,forbidden,-4199.6,1841734,same-group GAL
two_adic_label,X13f,v2_torsion,0,0,9670.0,forbidden,-4199.6,1841734,same-group GAL
rank_c,0,n_intpts_x,7,0,9604.9,forbidden,-4171.4,1889364,T15
class_size,4,frac_even,b3,147,10372.4,depleted,-4170.6,1311066,T18/T5 (mod-l image fixes a_p mod l; c4=0 or c6=0 is CM)
two_adic_label,X8,class_size,2,0,9592.5,forbidden,-4166.0,1841734,same-group GAL
v2_torsion,2,v2_tamagawa,0,3,9615.9,depleted,-4165.0,1889364,family L: torsion/isogeny constrains local data (T4/T13/T17 type)
two_adic_label,X8d,two_adic_log_index,0,0,9482.1,forbidden,-4118.0,1837484,same-group GAL
two_adic_label,X13d,two_adic_log_index,0,0,9482.1,forbidden,-4118.0,1837484,same-group GAL
two_adic_level,1,two_adic_label,X13h,0,9482.1,forbidden,-4118.0,1837484,same-group GAL
two_adic_level,1,two_adic_label,X13f,0,9482.1,forbidden,-4118.0,1837484,same-group GAL
two_adic_level,1,two_adic_label,X13d,0,9482.1,forbidden,-4118.0,1837484,same-group GAL
two_adic_level,1,two_adic_label,X8d,0,9482.1,forbidden,-4118.0,1837484,same-group GAL
two_adic_label,X13h,two_adic_log_index,0,0,9482.1,forbidden,-4118.0,1837484,same-group GAL
two_adic_label,X13f,two_adic_log_index,0,0,9482.1,forbidden,-4118.0,1837484,same-group GAL
two_adic_label,X8d,disc_sign,-1,0,9452.5,forbidden,-4105.2,1841734,family L: torsion/isogeny constrains local data (T4/T13/T17 type)
torsion_structure,[4],v2_torsion,1,0,9413.0,forbidden,-4088.0,1889364,I
two_adic_label,X16,max_isogeny_degree,1,0,9411.3,forbidden,-4087.3,1841734,same-group GAL
two_adic_label,X17,max_isogeny_degree,1,0,9411.3,forbidden,-4087.3,1841734,same-group GAL
two_adic_label,X17,class_size,1,0,9411.3,forbidden,-4087.3,1841734,same-group GAL
two_adic_label,X16,class_size,1,0,9411.3,forbidden,-4087.3,1841734,same-group GAL
two_adic_label,X16,n_nonsurj_primes,0,0,9369.2,forbidden,-4069.0,1841734,same-group GAL
two_adic_label,X17,n_nonsurj_primes,0,0,9369.2,forbidden,-4069.0,1841734,same-group GAL
torsion_structure,[],two_adic_label,X13h,0,9306.5,forbidden,-4041.8,1841734,same-group GAL
torsion_structure,[],two_adic_label,X13d,0,9306.5,forbidden,-4041.8,1841734,same-group GAL
two_adic_label,X8d,n_torsion_gens,0,0,9306.5,forbidden,-4041.8,1841734,same-group GAL
two_adic_label,X13h,n_torsion_gens,0,0,9306.5,forbidden,-4041.8,1841734,same-group GAL
torsion_structure,[],two_adic_label,X13f,0,9306.5,forbidden,-4041.8,1841734,same-group GAL
two_adic_label,X13d,n_torsion_gens,0,0,9306.5,forbidden,-4041.8,1841734,same-group GAL
two_adic_label,X13f,n_torsion_gens,0,0,9306.5,forbidden,-4041.8,1841734,same-group GAL
torsion_structure,[],two_adic_label,X8d,0,9306.5,forbidden,-4041.8,1841734,same-group GAL
n_bad_primes,3,n_split_mult,4,0,9287.8,forbidden,-4033.7,1311066,I2
two_adic_label,X8,n_intpts_x,0,0,9231.8,forbidden,-4009.3,1841734,T15 (torsion points are integral)
v3_tamagawa,4+,log_odd_tamagawa,b3,6006,518.7,enriched,-4007.6,1889364,same-group LOC
max_isogeny_degree,4,frac_even,b3,0,9155.3,forbidden,-3976.1,1311066,T18/T5 (mod-l image fixes a_p mod l; c4=0 or c6=0 is CM)
two_adic_label,X13,frac_even,b2,0,9140.3,forbidden,-3969.6,1841734,T18/T5 (mod-l image fixes a_p mod l; c4=0 or c6=0 is CM)
n_intpts_x,4,nagao_1000,b7,134,9814.6,depleted,-3955.8,1889364,"C7 (trace summaries are rank proxies; Sha and integral points follow rank by C4, T15)"
v2_moddeg,6,n_kod_Ins,2,18,9136.5,depleted,-3912.4,1889364,"family P: Dummigan, Caro-Pasten bounds on v2(moddeg) from multiplicative primes"
n_kod_IIs,1,log_regulator,b0,1088,12720.0,depleted,-3891.8,1889364,"T4+T11 (reduction types fix v_p(Delta), hence the period)"
n_torsion_gens,2,frac_even,b0,0,8900.6,forbidden,-3865.5,1889364,T18/T5 (mod-l image fixes a_p mod l; c4=0 or c6=0 is CM)
v2_sha,2,log_regulator,b0,647,11361.5,depleted,-3849.8,1889364,same-group AN
torsion_structure,[3],two_adic_label,X6,0,8813.6,forbidden,-3827.7,1841734,same-group GAL
max_isogeny_degree,4,frac_even,b2,0,8808.9,forbidden,-3825.7,1311066,T18/T5 (mod-l image fixes a_p mod l; c4=0 or c6=0 is CM)
v2_torsion,2,log_abs_c4,b0,928,12111.4,depleted,-3823.5,1889364,family L: torsion/isogeny constrains local data (T4/T13/T17 type)
torsion_structure,[3],two_adic_level,2,43,9058.6,depleted,-3816.7,1885114,same-group GAL
v3_moddeg,5,log_odd_moddeg,b2,0,8786.9,forbidden,-3816.1,1889364,same-group AN
torsion_structure,"[2,2]",frac_even,b0,0,8727.4,forbidden,-3790.3,1889364,T5/T18
n_torsion_gens,2,frac_even,b1,0,8684.2,forbidden,-3771.5,1889364,T18/T5 (mod-l image fixes a_p mod l; c4=0 or c6=0 is CM)
v3_moddeg,5,log_odd_moddeg,b0,0,8660.4,forbidden,-3761.2,1889364,same-group AN
v2_torsion,2,log_area,b7,1035,12234.2,depleted,-3755.5,1889364,family S: large isogeny degree forces special j and small models (T9/T10/T8)
max_isogeny_degree,3,two_adic_log_index,3,92,9154.6,depleted,-3753.4,1885114,same-group GAL
torsion_structure,[4],class_size,2,0,8633.9,forbidden,-3749.7,1889364,same-group GAL
two_adic_label,X8d,is_opt,1,976,12012.2,depleted,-3730.9,1841734,I5/T8 (optimal vs non-optimal curves differ by the isogeny)
torsion_structure,"[2,2]",frac_even,b1,0,8510.5,forbidden,-3696.1,1889364,T5/T18
max_isogeny_degree,9,has_3_isog,1,4729,310.2,enriched,-3678.0,1311066,same-group GAL
two_adic_label,X15,has_2_isog,0,0,8458.7,forbidden,-3673.6,1841734,same-group GAL
two_adic_label,X19,has_2_isog,0,0,8458.7,forbidden,-3673.6,1841734,same-group GAL
two_adic_label,X15,v2_torsion,0,0,8458.7,forbidden,-3673.6,1841734,same-group GAL
two_adic_label,X19,v2_torsion,0,0,8458.7,forbidden,-3673.6,1841734,same-group GAL
has_5_isog,1,v5_moddeg,3,4290,233.1,enriched,-3666.6,1889364,"family E: Eisenstein congruence, rational torsion/isogeny divides the congruence number"
v2_sha,2,nagao_1000,b0,994,11872.7,depleted,-3655.8,1889364,"C7 (trace summaries are rank proxies; Sha and integral points follow rank by C4, T15)"
v2_torsion,2,log_abs_disc,b0,1180,12263.0,depleted,-3615.5,1889364,family L: torsion/isogeny constrains local data (T4/T13/T17 type)
two_adic_label,X15,two_adic_log_index,0,0,8297.0,forbidden,-3603.3,1837484,same-group GAL
two_adic_level,1,two_adic_label,X15,0,8297.0,forbidden,-3603.3,1837484,same-group GAL
two_adic_level,1,two_adic_label,X19,0,8297.0,forbidden,-3603.3,1837484,same-group GAL
two_adic_label,X19,two_adic_log_index,0,0,8297.0,forbidden,-3603.3,1837484,same-group GAL
two_adic_label,X13,v2_tamagawa,0,0,8272.6,forbidden,-3592.7,1841734,family L: torsion/isogeny constrains local data (T4/T13/T17 type)
class_size,3,has_3_isog,1,4729,325.3,enriched,-3587.0,1311066,same-group GAL
v3_tamagawa,2,log_odd_moddeg,b0,957,11597.3,depleted,-3586.1,1889364,"U1 (check Agashe-Ribet-Stein, Emerton: component groups and the congruence number)"
two_adic_label,X15,disc_sign,-1,0,8248.1,forbidden,-3582.1,1841734,family L: torsion/isogeny constrains local data (T4/T13/T17 type)
n_torsion_gens,2,frac_even,b3,0,8245.0,forbidden,-3580.7,1889364,T18/T5 (mod-l image fixes a_p mod l; c4=0 or c6=0 is CM)
two_adic_label,X19,n_torsion_gens,0,0,8147.4,forbidden,-3538.4,1841734,same-group GAL
torsion_structure,[],two_adic_label,X19,0,8147.4,forbidden,-3538.4,1841734,same-group GAL
two_adic_label,X15,n_torsion_gens,0,0,8147.4,forbidden,-3538.4,1841734,same-group GAL
torsion_structure,[],two_adic_label,X15,0,8147.4,forbidden,-3538.4,1841734,same-group GAL
n_split_mult,2,n_kod_In,0,0,8146.2,forbidden,-3537.8,1889364,same-group LOC
v2_moddeg,3,n_bad_primes,5,0,8135.6,forbidden,-3533.3,1889364,"family P: Dummigan, Caro-Pasten bounds on v2(moddeg) from multiplicative primes"
two_adic_label,X13d,class_size,1,0,8129.3,forbidden,-3530.5,1841734,same-group GAL
two_adic_label,X8d,max_isogeny_degree,1,0,8129.3,forbidden,-3530.5,1841734,same-group GAL
two_adic_label,X13f,max_isogeny_degree,1,0,8129.3,forbidden,-3530.5,1841734,same-group GAL
two_adic_label,X8d,class_size,1,0,8129.3,forbidden,-3530.5,1841734,same-group GAL
two_adic_label,X13h,class_size,1,0,8129.3,forbidden,-3530.5,1841734,same-group GAL
two_adic_label,X13f,class_size,1,0,8129.3,forbidden,-3530.5,1841734,same-group GAL
two_adic_label,X13h,max_isogeny_degree,1,0,8129.3,forbidden,-3530.5,1841734,same-group GAL
two_adic_label,X13d,max_isogeny_degree,1,0,8129.3,forbidden,-3530.5,1841734,same-group GAL
torsion_structure,[4],n_intpts_x,0,0,8100.4,forbidden,-3517.9,1889364,T15
two_adic_label,X8d,n_nonsurj_primes,0,0,8092.8,forbidden,-3514.6,1841734,same-group GAL
two_adic_label,X13d,n_nonsurj_primes,0,0,8092.8,forbidden,-3514.6,1841734,same-group GAL
two_adic_label,X13f,n_nonsurj_primes,0,0,8092.8,forbidden,-3514.6,1841734,same-group GAL
two_adic_label,X13h,n_nonsurj_primes,0,0,8092.8,forbidden,-3514.6,1841734,same-group GAL
torsion_structure,"[2,2]",frac_even,b3,0,8075.1,forbidden,-3507.0,1889364,T5/T18
n_split_mult,4,n_additive,2,19,8148.3,depleted,-3481.5,1311066,same-group LOC
n_nonsplit_mult,2,n_kod_In,0,0,8009.9,forbidden,-3478.6,1889364,same-group LOC
n_bad_primes,3,n_nonsplit_mult,4,0,8005.0,forbidden,-3476.5,1311066,I2
has_5_isog,1,v5_moddeg,4,2563,43.3,enriched,-3450.6,1889364,"family E: Eisenstein congruence, rational torsion/isogeny divides the congruence number"
c4_sign,0,n_kod_In,0,2614,47.1,enriched,-3447.7,1889364,T4 (local data and equation)
two_adic_level,4,max_isogeny_degree,3,1090,11598.9,depleted,-3446.5,1885114,same-group GAL
n_torsion_gens,2,frac_even,b2,0,7859.9,forbidden,-3413.5,1889364,T18/T5 (mod-l image fixes a_p mod l; c4=0 or c6=0 is CM)
torsion_structure,[4],two_adic_log_index,4,5077,433.4,enriched,-3411.2,1885114,same-group GAL
class_size,4,v2_moddeg,4,874,10910.5,depleted,-3402.5,1889364,"family E: Eisenstein congruence, rational torsion/isogeny divides the congruence number"
two_adic_level,2,two_adic_log_index,4,0,7727.2,forbidden,-3355.9,1885114,same-group GAL
n_additive,0,n_kod_In,0,0,7694.2,forbidden,-3341.6,1889364,same-group LOC
torsion_structure,"[2,2]",frac_even,b2,0,7694.1,forbidden,-3341.5,1889364,T5/T18
two_adic_log_index,3,n_kod_IVs,1,1032,11116.6,depleted,-3316.3,1885114,family L: torsion/isogeny constrains local data (T4/T13/T17 type)
two_adic_label,X8,max_isogeny_degree,2,0,7616.9,forbidden,-3308.0,1841734,same-group GAL
n_intpts_x,4,nagao_1000,b6,603,9891.6,depleted,-3303.2,1889364,"C7 (trace summaries are rank proxies; Sha and integral points follow rank by C4, T15)"
two_adic_label,X8,n_intpts_x,1,0,7563.5,forbidden,-3284.8,1841734,T15 (torsion points are integral)
torsion_structure,[3],two_adic_log_index,1,303,8867.8,depleted,-3277.0,1885114,same-group GAL
max_isogeny_degree,16,two_adic_log_index,5,2248,29.3,enriched,-3276.4,1885114,same-group GAL
n_intpts_x,4,st_mean,b7,620,9847.1,depleted,-3264.5,1889364,"C7 (trace summaries are rank proxies; Sha and integral points follow rank by C4, T15)"
two_adic_label,X36l,max_isogeny_degree,8,1724,8.3,enriched,-3248.8,1841734,same-group GAL
two_adic_label,X36n,max_isogeny_degree,8,1724,8.3,enriched,-3248.8,1841734,same-group GAL
v2_torsion,2,n_kod_IVs,1,0,7470.2,forbidden,-3244.3,1889364,family L: torsion/isogeny constrains local data (T4/T13/T17 type)
two_adic_label,X19,is_opt,1,904,10506.9,depleted,-3209.3,1841734,I5/T8 (optimal vs non-optimal curves differ by the isogeny)
v7_moddeg,2,log_odd_moddeg,b0,0,7369.3,forbidden,-3200.5,1889364,same-group AN
two_adic_label,X8d,n_torsion_gens,1,0,7360.7,forbidden,-3196.7,1841734,same-group GAL
two_adic_level,4,two_adic_label,X3,4924,447.1,enriched,-3188.2,1837484,same-group GAL
n_nonsurj_primes,2,class_size,8,3688,199.8,enriched,-3157.3,1889364,same-group GAL
n_torsion_gens,2,v2_tamagawa,0,0,7209.7,forbidden,-3131.1,1889364,family L: torsion/isogeny constrains local data (T4/T13/T17 type)
max_isogeny_degree,4,v2_moddeg,4,642,9515.7,depleted,-3103.9,1889364,"family E: Eisenstein congruence, rational torsion/isogeny divides the congruence number"
n_torsion_gens,2,log_abs_c4,b0,470,8989.6,depleted,-3099.4,1889364,family L: torsion/isogeny constrains local data (T4/T13/T17 type)
two_adic_label,X36n,class_size,6,1724,10.2,enriched,-3099.2,1841734,same-group GAL
two_adic_label,X36l,class_size,6,1724,10.2,enriched,-3099.2,1841734,same-group GAL
n_intpts_x,4,mur_lo,b7,759,9834.0,depleted,-3098.7,1889364,"C7 (trace summaries are rank proxies; Sha and integral points follow rank by C4, T15)"
two_adic_label,X19,class_size,1,0,7130.9,forbidden,-3096.9,1841734,same-group GAL
two_adic_label,X19,max_isogeny_degree,1,0,7130.9,forbidden,-3096.9,1841734,same-group GAL
two_adic_label,X15,max_isogeny_degree,1,0,7130.9,forbidden,-3096.9,1841734,same-group GAL
two_adic_label,X15,class_size,1,0,7130.9,forbidden,-3096.9,1841734,same-group GAL
two_adic_label,X15,n_nonsurj_primes,0,0,7099.2,forbidden,-3083.2,1841734,same-group GAL
two_adic_label,X19,n_nonsurj_primes,0,0,7099.2,forbidden,-3083.2,1841734,same-group GAL
v2_moddeg,2,n_bad_primes,4,0,7085.8,forbidden,-3077.3,1889364,"family P: Dummigan, Caro-Pasten bounds on v2(moddeg) from multiplicative primes"
torsion_structure,"[2,2]",v2_tamagawa,0,0,7049.5,forbidden,-3061.6,1889364,family L: torsion/isogeny constrains local data (T4/T13/T17 type)
two_adic_label,X16,n_intpts_x,0,0,7027.3,forbidden,-3051.9,1841734,T15 (torsion points are integral)
two_adic_label,X25,max_isogeny_degree,8,1586,7.0,enriched,-3051.5,1841734,same-group GAL
v2_moddeg,3,v2_tamagawa,3,121,7625.7,depleted,-3043.0,1889364,"U1 (check Agashe-Ribet-Stein, Emerton: component groups and the congruence number)"
max_isogeny_degree,5,v5_moddeg,4,2210,35.1,enriched,-3034.1,1889364,"family E: Eisenstein congruence, rational torsion/isogeny divides the congruence number"
torsion_structure,"[2,2]",log_abs_c4,b0,455,8762.0,depleted,-3024.9,1889364,family L: torsion/isogeny constrains local data (T4/T13/T17 type)
n_nonsplit_mult,4,n_additive,2,14,7061.9,depleted,-3024.0,1311066,same-group LOC
n_bad_primes,2,n_split_mult,3,0,6954.9,forbidden,-3020.5,1311066,I2
max_isogeny_degree,5,v5_moddeg,3,3504,188.2,enriched,-3012.0,1889364,"family E: Eisenstein congruence, rational torsion/isogeny divides the congruence number"
rank_c,0,n_intpts_x,8,3,6938.5,depleted,-3002.6,1889364,T15
n_torsion_gens,2,log_abs_disc,b0,585,9081.3,depleted,-2994.9,1889364,family L: torsion/isogeny constrains local data (T4/T13/T17 type)
v2_torsion,2,n_kod_II,1,0,6884.4,forbidden,-2989.9,1889364,family L: torsion/isogeny constrains local data (T4/T13/T17 type)
n_bad_primes,2,n_nonsplit_mult,3,0,6814.6,forbidden,-2959.6,1311066,I2
two_adic_label,X8d,v2_torsion,1,0,6808.0,forbidden,-2956.7,1841734,same-group GAL
two_adic_label,X13h,v2_torsion,1,0,6808.0,forbidden,-2956.7,1841734,same-group GAL
two_adic_label,X8,two_adic_log_index,1,0,6793.0,forbidden,-2950.2,1837484,same-group GAL
torsion_structure,[4],max_isogeny_degree,2,0,6791.6,forbidden,-2949.6,1889364,same-group GAL
two_adic_label,X25,class_size,6,1586,8.2,enriched,-2942.3,1841734,same-group GAL
two_adic_label,X19,disc_sign,1,0,6751.9,forbidden,-2932.3,1841734,family L: torsion/isogeny constrains local data (T4/T13/T17 type)
torsion_structure,[2],two_adic_label,X13h,0,6751.2,forbidden,-2932.0,1841734,same-group GAL
torsion_structure,[2],two_adic_label,X8d,0,6751.2,forbidden,-2932.0,1841734,same-group GAL
v2_moddeg,5,n_kod_Ins,2,7,6802.0,depleted,-2930.9,1889364,"family P: Dummigan, Caro-Pasten bounds on v2(moddeg) from multiplicative primes"
torsion_structure,"[2,2]",log_abs_disc,b0,564,8844.4,depleted,-2923.7,1889364,family L: torsion/isogeny constrains local data (T4/T13/T17 type)
n_nonsurj_primes,0,class_size,3,0,6665.6,forbidden,-2894.8,1889364,same-group GAL
two_adic_label,X10,has_2_isog,0,0,6621.0,forbidden,-2875.5,1841734,same-group GAL
two_adic_label,X9,v2_torsion,0,0,6621.0,forbidden,-2875.5,1841734,same-group GAL
two_adic_label,X10,v2_torsion,0,0,6621.0,forbidden,-2875.5,1841734,same-group GAL
two_adic_label,X9,has_2_isog,0,0,6621.0,forbidden,-2875.5,1841734,same-group GAL
two_adic_label,X13,n_kod_IVs,1,0,6601.7,forbidden,-2867.1,1841734,family L: torsion/isogeny constrains local data (T4/T13/T17 type)
n_torsion_gens,2,log_area,b7,711,9064.1,depleted,-2843.6,1889364,family S: large isogeny degree forces special j and small models (T9/T10/T8)
two_adic_level,2,max_isogeny_degree,8,0,6533.4,forbidden,-2837.4,1885114,same-group GAL
two_adic_label,X13,log_area,b7,971,9711.0,depleted,-2826.6,1841734,family S: large isogeny degree forces special j and small models (T9/T10/T8)
two_adic_label,X10,two_adic_log_index,0,0,6497.0,forbidden,-2821.6,1837484,same-group GAL
two_adic_label,X9,two_adic_log_index,0,0,6497.0,forbidden,-2821.6,1837484,same-group GAL
two_adic_level,1,two_adic_label,X9,0,6497.0,forbidden,-2821.6,1837484,same-group GAL
two_adic_level,1,two_adic_label,X10,0,6497.0,forbidden,-2821.6,1837484,same-group GAL
two_adic_label,X13h,class_size,2,0,6450.5,forbidden,-2801.4,1841734,same-group GAL
two_adic_label,X13d,class_size,2,0,6450.5,forbidden,-2801.4,1841734,same-group GAL
two_adic_label,X13f,class_size,2,0,6450.5,forbidden,-2801.4,1841734,same-group GAL
two_adic_label,X8d,class_size,2,0,6450.5,forbidden,-2801.4,1841734,same-group GAL
max_isogeny_degree,6,has_3_isog,0,0,6447.3,forbidden,-2800.0,1311066,same-group GAL
torsion_structure,[3],v2_tamagawa,4+,788,9155.7,depleted,-2796.5,1889364,family L: torsion/isogeny constrains local data (T4/T13/T17 type)
two_adic_level,8,two_adic_label,X13,0,6437.3,forbidden,-2795.7,1837484,same-group GAL
two_adic_label,X9,disc_sign,-1,0,6432.9,forbidden,-2793.8,1841734,family L: torsion/isogeny constrains local data (T4/T13/T17 type)
max_isogeny_degree,6,v3_moddeg,1,326,7768.5,depleted,-2785.0,1889364,"family E: Eisenstein congruence, rational torsion/isogeny divides the congruence number"
max_isogeny_degree,8,two_adic_log_index,1,0,6402.8,forbidden,-2780.7,1885114,same-group GAL
n_nonsurj_primes,0,max_isogeny_degree,9,0,6392.8,forbidden,-2776.4,1889364,same-group GAL
two_adic_label,X10,n_torsion_gens,0,0,6385.4,forbidden,-2773.1,1841734,same-group GAL
two_adic_label,X9,n_torsion_gens,0,0,6385.4,forbidden,-2773.1,1841734,same-group GAL
torsion_structure,[],two_adic_label,X9,0,6385.4,forbidden,-2773.1,1841734,same-group GAL
torsion_structure,[],two_adic_label,X10,0,6385.4,forbidden,-2773.1,1841734,same-group GAL
torsion_structure,"[2,2]",log_area,b7,690,8829.2,depleted,-2772.8,1889364,family S: large isogeny degree forces special j and small models (T9/T10/T8)
has_5_isog,1,v5_moddeg,0,254,7463.9,depleted,-2759.9,1889364,"family E: Eisenstein congruence, rational torsion/isogeny divides the congruence number"
v3_moddeg,1,v3_tamagawa,3,1,6356.5,depleted,-2756.8,1889364,"U1 (check Agashe-Ribet-Stein, Emerton: component groups and the congruence number)"
max_isogeny_degree,3,v2_torsion,2,0,6209.8,forbidden,-2696.9,1889364,same-group GAL
n_split_mult,4,n_kod_In,1,0,6202.1,forbidden,-2693.5,1889364,same-group LOC
n_split_mult,3,n_additive,3,0,6176.3,forbidden,-2682.3,1311066,same-group LOC
two_adic_label,X10a,two_adic_log_index,3,3751,288.1,enriched,-2679.1,1837484,same-group GAL
two_adic_label,X9c,two_adic_log_index,3,3751,288.1,enriched,-2679.1,1837484,same-group GAL
exceptional_image,1,n_kod_In,0,3088,164.1,enriched,-2668.2,1889364,family L: torsion/isogeny constrains local data (T4/T13/T17 type)
two_adic_label,X13h,n_intpts_x,0,0,6077.4,forbidden,-2639.4,1841734,T15 (torsion points are integral)
two_adic_label,X8d,n_intpts_x,0,0,6077.4,forbidden,-2639.4,1841734,T15 (torsion points are integral)
torsion_structure,[4],two_adic_level,2,0,6062.2,forbidden,-2632.8,1885114,same-group GAL
n_nonsplit_mult,3,n_additive,3,0,6026.5,forbidden,-2617.3,1311066,same-group LOC
torsion_structure,[4],two_adic_label,X36n,1724,19.9,enriched,-2603.9,1841734,same-group GAL
class_size,3,v2_torsion,1,0,5987.7,forbidden,-2600.4,1889364,same-group GAL
n_nonsurj_primes,2,bad_at_2,0,314,7262.6,depleted,-2591.0,1889364,family L: torsion/isogeny constrains local data (T4/T13/T17 type)
class_size,8,two_adic_log_index,5,2248,60.4,enriched,-2582.4,1885114,same-group GAL
torsion_structure,[4],two_adic_log_index,1,0,5938.7,forbidden,-2579.1,1885114,same-group GAL
torsion_structure,[2],class_size,3,0,5933.1,forbidden,-2576.7,1889364,same-group GAL
n_intpts_x,5,nagao_1000,b7,50,6194.1,depleted,-2564.9,1889364,"C7 (trace summaries are rank proxies; Sha and integral points follow rank by C4, T15)"
two_adic_label,X8,v2_tamagawa,2,0,5895.8,forbidden,-2560.5,1841734,family L: torsion/isogeny constrains local data (T4/T13/T17 type)
n_nonsurj_primes,0,has_5_isog,1,0,5892.9,forbidden,-2559.3,1889364,same-group GAL
n_bad_primes,5,n_kod_In,0,0,5763.8,forbidden,-2503.2,1889364,same-group LOC
max_isogeny_degree,9,v2_torsion,1,0,5729.3,forbidden,-2488.2,1889364,same-group GAL
torsion_structure,[6],v3_tamagawa,3,2192,61.8,enriched,-2474.8,1889364,T13
torsion_structure,[2],max_isogeny_degree,9,0,5677.7,forbidden,-2465.8,1889364,same-group GAL
two_adic_label,X8,v2_tamagawa,1,0,5636.7,forbidden,-2448.0,1841734,family L: torsion/isogeny constrains local data (T4/T13/T17 type)
n_torsion_gens,2,n_kod_IVs,1,0,5630.5,forbidden,-2445.3,1889364,family L: torsion/isogeny constrains local data (T4/T13/T17 type)
two_adic_label,X9,max_isogeny_degree,1,0,5604.4,forbidden,-2434.0,1841734,same-group GAL
two_adic_label,X9,class_size,1,0,5604.4,forbidden,-2434.0,1841734,same-group GAL
two_adic_label,X10,class_size,1,0,5604.4,forbidden,-2434.0,1841734,same-group GAL
two_adic_label,X10,max_isogeny_degree,1,0,5604.4,forbidden,-2434.0,1841734,same-group GAL
two_adic_label,X10,is_opt,1,790,8225.0,depleted,-2427.0,1841734,I5/T8 (optimal vs non-optimal curves differ by the isogeny)
two_adic_label,X36,two_adic_log_index,3,3172,215.2,enriched,-2424.4,1837484,same-group GAL
two_adic_label,X9,n_nonsurj_primes,0,0,5579.1,forbidden,-2423.0,1841734,same-group GAL
two_adic_label,X10,n_nonsurj_primes,0,0,5579.1,forbidden,-2423.0,1841734,same-group GAL
two_adic_level,8,two_adic_label,X10a,3751,346.9,enriched,-2401.9,1837484,same-group GAL
two_adic_level,8,two_adic_label,X9c,3751,346.9,enriched,-2401.9,1837484,same-group GAL
n_split_mult,4,log_j_height,b0,390,7038.9,depleted,-2399.3,1889364,T4 (local data and equation)
torsion_structure,"[2,2]",n_kod_IVs,1,0,5515.1,forbidden,-2395.2,1889364,family L: torsion/isogeny constrains local data (T4/T13/T17 type)
two_adic_label,X1,class_size,6,0,5363.6,forbidden,-2329.4,1841734,same-group GAL
odd_torsion,3,n_split_mult,0,729,7814.1,depleted,-2327.9,1889364,family L: torsion/isogeny constrains local data (T4/T13/T17 type)
two_adic_label,X13,max_isogeny_degree,3,0,5360.0,forbidden,-2327.8,1841734,same-group GAL
n_intpts_x,5,nagao_1000,b6,209,6256.5,depleted,-2319.4,1889364,"C7 (trace summaries are rank proxies; Sha and integral points follow rank by C4, T15)"
two_adic_label,X15,n_intpts_x,0,0,5321.6,forbidden,-2311.1,1841734,T15 (torsion points are integral)
two_adic_level,2,two_adic_label,X17,0,5320.5,forbidden,-2310.7,1837484,same-group GAL
two_adic_level,2,two_adic_label,X16,0,5320.5,forbidden,-2310.7,1837484,same-group GAL
two_adic_label,X13,two_adic_log_index,3,0,5315.6,forbidden,-2308.5,1837484,same-group GAL
two_adic_label,X8,c4_sign,-1,0,5296.6,forbidden,-2300.3,1841734,family L: torsion/isogeny constrains local data (T4/T13/T17 type)
rank_c,0,n_intpts_x,9,0,5275.1,forbidden,-2290.9,1889364,T15
two_adic_label,X10,disc_sign,1,0,5269.1,forbidden,-2288.3,1841734,family L: torsion/isogeny constrains local data (T4/T13/T17 type)
n_additive,1,n_kod_I0s,2,0,5265.7,forbidden,-2286.9,1889364,same-group LOC
n_intpts_x,5,st_mean,b7,227,6211.6,depleted,-2274.4,1889364,"C7 (trace summaries are rank proxies; Sha and integral points follow rank by C4, T15)"
n_intpts_x,10+,st_mean,b7,1,5242.1,depleted,-2272.9,1889364,"C7 (trace summaries are rank proxies; Sha and integral points follow rank by C4, T15)"
n_intpts_x,10+,nagao_1000,b7,0,5232.7,forbidden,-2272.5,1889364,"C7 (trace summaries are rank proxies; Sha and integral points follow rank by C4, T15)"
v2_torsion,2,n_kod_IV,1,0,5229.3,forbidden,-2271.1,1889364,family L: torsion/isogeny constrains local data (T4/T13/T17 type)
class_size,6,v2_tamagawa,1,127,5837.4,depleted,-2270.3,1889364,family L: torsion/isogeny constrains local data (T4/T13/T17 type)
max_isogeny_degree,5,v5_moddeg,0,151,5908.7,depleted,-2261.6,1889364,"family E: Eisenstein congruence, rational torsion/isogeny divides the congruence number"
two_adic_label,X16,two_adic_log_index,1,0,5206.8,forbidden,-2261.3,1837484,same-group GAL
two_adic_label,X17,two_adic_log_index,1,0,5206.8,forbidden,-2261.3,1837484,same-group GAL
torsion_structure,[3],max_isogeny_degree,9,3399,295.6,enriched,-2259.3,1889364,same-group GAL
n_intpts_x,10+,nagao_1000,b6,2,5212.4,depleted,-2256.6,1889364,"C7 (trace summaries are rank proxies; Sha and integral points follow rank by C4, T15)"
n_intpts_x,10+,mur_lo,b7,0,5193.3,forbidden,-2255.4,1889364,"C7 (trace summaries are rank proxies; Sha and integral points follow rank by C4, T15)"
n_torsion_gens,2,n_kod_II,1,0,5193.0,forbidden,-2255.3,1889364,family L: torsion/isogeny constrains local data (T4/T13/T17 type)
max_isogeny_degree,5,has_5_isog,0,0,5181.3,forbidden,-2250.2,1311066,same-group GAL
n_intpts_x,5,mur_lo,b7,260,6227.0,depleted,-2234.4,1889364,"C7 (trace summaries are rank proxies; Sha and integral points follow rank by C4, T15)"
n_intpts_x,8,log_regulator,b1,630,7315.0,depleted,-2234.2,1889364,T15 (small generators are integral)
n_intpts_x,10+,st_mean,b6,11,5183.3,depleted,-2217.8,1889364,"C7 (trace summaries are rank proxies; Sha and integral points follow rank by C4, T15)"
torsion_structure,"[2,2]",n_kod_II,1,0,5087.9,forbidden,-2209.7,1889364,family L: torsion/isogeny constrains local data (T4/T13/T17 type)
two_adic_level,16,two_adic_log_index,0,0,5079.8,forbidden,-2206.1,1885114,same-group GAL
two_adic_label,X13d,max_isogeny_degree,2,0,5074.6,forbidden,-2203.9,1841734,same-group GAL
two_adic_label,X13h,max_isogeny_degree,2,0,5074.6,forbidden,-2203.9,1841734,same-group GAL
two_adic_label,X13f,max_isogeny_degree,2,0,5074.6,forbidden,-2203.9,1841734,same-group GAL
two_adic_label,X8d,max_isogeny_degree,2,0,5074.6,forbidden,-2203.9,1841734,same-group GAL
two_adic_level,16,v2_torsion,0,20,5203.1,depleted,-2203.7,1885114,same-group GAL
two_adic_level,16,has_2_isog,0,20,5203.1,depleted,-2203.7,1885114,same-group GAL
n_nonsplit_mult,4,n_kod_In,1,0,5056.3,forbidden,-2195.9,1889364,same-group LOC
torsion_structure,[3],class_size,3,3399,310.0,enriched,-2195.4,1889364,same-group GAL
n_intpts_x,10+,mur_lo,b6,25,5180.8,depleted,-2182.3,1889364,"C7 (trace summaries are rank proxies; Sha and integral points follow rank by C4, T15)"
two_adic_label,X8d,n_intpts_x,1,0,5024.7,forbidden,-2182.2,1841734,T15 (torsion points are integral)
two_adic_level,8,two_adic_label,X36,3172,260.8,enriched,-2179.6,1837484,same-group GAL
max_isogeny_degree,6,has_2_isog,0,0,5015.6,forbidden,-2178.2,1311066,same-group GAL
two_adic_level,1,two_adic_log_index,5,0,5012.4,forbidden,-2176.9,1885114,same-group GAL
max_isogeny_degree,4,odd_torsion,3,0,5008.0,forbidden,-2174.9,1889364,same-group GAL
has_2_isog,0,two_adic_log_index,5,20,5136.3,depleted,-2174.8,1885114,same-group GAL
v2_torsion,0,two_adic_log_index,5,20,5136.3,depleted,-2174.8,1885114,same-group GAL
v2_moddeg,2,n_kod_Ins,1,27,5165.0,depleted,-2170.9,1889364,"family P: Dummigan, Caro-Pasten bounds on v2(moddeg) from multiplicative primes"
torsion_structure,[6],odd_torsion,1,0,4941.8,forbidden,-2146.2,1889364,I
v5_sha,2,log_odd_sha,b0,0,4926.3,forbidden,-2139.5,1889364,same-group AN
max_isogeny_degree,8,v2_tamagawa,1,121,5497.1,depleted,-2135.7,1889364,family L: torsion/isogeny constrains local data (T4/T13/T17 type)
n_intpts_x,10+,nagao_1000,b5,36,5126.4,depleted,-2134.4,1889364,"C7 (trace summaries are rank proxies; Sha and integral points follow rank by C4, T15)"
n_intpts_x,10+,st_mean,b5,47,5153.7,depleted,-2123.2,1889364,"C7 (trace summaries are rank proxies; Sha and integral points follow rank by C4, T15)"
torsion_structure,[3],class_size,4,11,4957.7,depleted,-2120.1,1889364,same-group GAL
two_adic_label,CM,n_additive,3,2626,160.9,enriched,-2116.3,1841734,family L: torsion/isogeny constrains local data (T4/T13/T17 type)
torsion_structure,[],two_adic_level,16,20,4981.8,depleted,-2108.0,1885114,same-group GAL
two_adic_level,16,n_torsion_gens,0,20,4981.8,depleted,-2108.0,1885114,same-group GAL
v5_tamagawa,2,log_odd_tamagawa,b0,0,4848.3,forbidden,-2105.6,1889364,same-group LOC
n_intpts_x,10+,mur_lo,b5,66,5195.7,depleted,-2103.9,1889364,"C7 (trace summaries are rank proxies; Sha and integral points follow rank by C4, T15)"
two_adic_log_index,4,v2_tamagawa,1,464,6530.4,depleted,-2103.5,1885114,family L: torsion/isogeny constrains local data (T4/T13/T17 type)
v2_torsion,2,n_kod_IIs,1,0,4818.2,forbidden,-2092.5,1889364,family L: torsion/isogeny constrains local data (T4/T13/T17 type)
max_isogeny_degree,6,v2_tamagawa,1,302,5999.2,depleted,-2083.9,1889364,family L: torsion/isogeny constrains local data (T4/T13/T17 type)
root_number,-1,v2_sha,3+,181,5593.7,depleted,-2082.5,1889364,same-group AN
torsion_structure,[4],v2_tamagawa,1,54,5083.9,depleted,-2079.1,1889364,family L: torsion/isogeny constrains local data (T4/T13/T17 type)
n_torsion_gens,0,two_adic_log_index,5,20,4913.3,depleted,-2078.4,1885114,same-group GAL
torsion_structure,[],two_adic_log_index,5,20,4913.3,depleted,-2078.4,1885114,same-group GAL
rank_c,1,v2_sha,3+,181,5566.9,depleted,-2071.3,1889364,C4
v5_moddeg,3,log_odd_moddeg,b1,0,4763.7,forbidden,-2068.8,1889364,same-group AN
torsion_structure,[4],two_adic_label,X6,0,4758.5,forbidden,-2066.6,1841734,same-group GAL
n_intpts_x,10+,nagao_1000,b4,80,5140.0,depleted,-2054.2,1889364,"C7 (trace summaries are rank proxies; Sha and integral points follow rank by C4, T15)"
n_nonsurj_primes,2,max_isogeny_degree,4,0,4730.0,forbidden,-2054.2,1889364,same-group GAL
n_nonsurj_primes,0,max_isogeny_degree,5,0,4726.8,forbidden,-2052.8,1889364,same-group GAL
exceptional_image,1,n_kod_In,3+,254,5762.1,depleted,-2049.4,1889364,family L: torsion/isogeny constrains local data (T4/T13/T17 type)
n_intpts_x,10+,mur_mid,b7,100,5202.9,depleted,-2045.9,1889364,"C7 (trace summaries are rank proxies; Sha and integral points follow rank by C4, T15)"
n_intpts_x,10+,mur_lo,b4,111,5210.0,depleted,-2030.3,1889364,"C7 (trace summaries are rank proxies; Sha and integral points follow rank by C4, T15)"
n_torsion_gens,2,max_isogeny_degree,3,0,4659.7,forbidden,-2023.7,1889364,same-group GAL
n_intpts_x,10+,st_mean,b4,107,5153.8,depleted,-2013.2,1889364,"C7 (trace summaries are rank proxies; Sha and integral points follow rank by C4, T15)"
two_adic_label,X13,n_kod_IV,1,0,4621.9,forbidden,-2007.2,1841734,family L: torsion/isogeny constrains local data (T4/T13/T17 type)
two_adic_label,X34,two_adic_log_index,3,2738,201.1,enriched,-2005.4,1837484,same-group GAL
two_adic_level,2,two_adic_label,X8d,0,4610.0,forbidden,-2002.1,1837484,same-group GAL
two_adic_level,2,two_adic_label,X13d,0,4610.0,forbidden,-2002.1,1837484,same-group GAL
two_adic_level,2,two_adic_label,X13f,0,4610.0,forbidden,-2002.1,1837484,same-group GAL
two_adic_level,2,two_adic_label,X13h,0,4610.0,forbidden,-2002.1,1837484,same-group GAL
n_intpts_x,10+,nagao_1000,b3,124,5182.2,depleted,-1997.2,1889364,"C7 (trace summaries are rank proxies; Sha and integral points follow rank by C4, T15)"
class_size,1,max_isogeny_degree,6,0,4575.6,forbidden,-1987.1,1311066,same-group GAL
n_kod_In,3+,n_kod_Ins,3+,0,4567.0,forbidden,-1983.4,1889364,same-group LOC
torsion_structure,"[2,2]",max_isogeny_degree,3,0,4559.1,forbidden,-1980.0,1889364,same-group GAL
torsion_structure,[6],has_3_isog,0,0,4541.8,forbidden,-1972.5,1889364,same-group GAL
two_adic_label,X1,max_isogeny_degree,8,0,4536.7,forbidden,-1970.3,1841734,same-group GAL
two_adic_label,X13,v2_moddeg,6,563,6465.0,depleted,-1968.1,1841734,"family E: Eisenstein congruence, rational torsion/isogeny divides the congruence number"
two_adic_label,X13d,two_adic_log_index,1,0,4512.8,forbidden,-1959.9,1837484,same-group GAL
two_adic_label,X13f,two_adic_log_index,1,0,4512.8,forbidden,-1959.9,1837484,same-group GAL
two_adic_label,X8d,two_adic_log_index,1,0,4512.8,forbidden,-1959.9,1837484,same-group GAL
two_adic_label,X13h,two_adic_log_index,1,0,4512.8,forbidden,-1959.9,1837484,same-group GAL
n_bad_primes,6+,bad_at_3,0,245,5510.0,depleted,-1956.9,1311066,same-group LOC
class_size,4,v2_moddeg,3,380,5910.0,depleted,-1950.4,1889364,"family E: Eisenstein congruence, rational torsion/isogeny divides the congruence number"
v5_moddeg,0,v5_tamagawa,2,0,4489.4,forbidden,-1949.7,1889364,"U1 (check Agashe-Ribet-Stein, Emerton: component groups and the congruence number)"
max_isogeny_degree,9,v3_moddeg,6,2784,224.2,enriched,-1936.1,1889364,"family E: Eisenstein congruence, rational torsion/isogeny divides the congruence number"
n_nonsurj_primes,0,exceptional_image,1,0,4428.4,forbidden,-1923.2,1889364,same-group GAL
max_isogeny_degree,9,has_3_isog,0,0,4418.8,forbidden,-1919.0,1311066,same-group GAL
n_nonsurj_primes,2,max_isogeny_degree,10,1684,47.0,enriched,-1909.2,1889364,same-group GAL
v3_tamagawa,3,log_odd_tamagawa,b1,0,4392.9,forbidden,-1907.8,1889364,same-group LOC
torsion_structure,[5],max_isogeny_degree,5,1113,8.1,enriched,-1903.0,1889364,same-group GAL
v2_moddeg,4,n_kod_Ins,2,2,4393.3,depleted,-1901.0,1889364,"family P: Dummigan, Caro-Pasten bounds on v2(moddeg) from multiplicative primes"
class_size,3,v3_moddeg,6,2784,233.2,enriched,-1892.7,1889364,"family E: Eisenstein congruence, rational torsion/isogeny divides the congruence number"
two_adic_label,X10d,two_adic_log_index,3,2626,198.9,enriched,-1890.6,1837484,same-group GAL
two_adic_label,X9d,two_adic_log_index,3,2626,198.9,enriched,-1890.6,1837484,same-group GAL
n_nonsplit_mult,4,log_j_height,b0,375,5730.6,depleted,-1883.5,1889364,T4 (local data and equation)
torsion_structure,[3],max_isogeny_degree,4,0,4336.6,forbidden,-1883.4,1889364,same-group GAL
n_nonsurj_primes,2,v3_moddeg,0,516,6115.7,depleted,-1879.6,1889364,"family E: Eisenstein congruence, rational torsion/isogeny divides the congruence number"
v3_moddeg,6,log_odd_moddeg,b5,0,4323.5,forbidden,-1877.7,1889364,same-group AN
two_adic_level,16,max_isogeny_degree,16,1490,30.8,enriched,-1877.4,1885114,same-group GAL
max_isogeny_degree,5,odd_torsion,5,1113,8.5,enriched,-1877.2,1889364,same-group GAL
log_regulator,b0,log_odd_sha,b1,45,4520.3,depleted,-1854.7,1889364,same-group AN
v3_moddeg,6,log_odd_moddeg,b1,0,4259.1,forbidden,-1849.7,1889364,same-group AN
two_adic_label,CM,is_cm,0,0,4232.0,forbidden,-1838.0,1841734,same-group GAL
n_nonsurj_primes,2,frac_even,b1,108,4738.9,depleted,-1835.2,1889364,T18/T5 (mod-l image fixes a_p mod l; c4=0 or c6=0 is CM)
max_isogeny_degree,6,v3_moddeg,0,40,4449.8,depleted,-1834.5,1889364,"family E: Eisenstein congruence, rational torsion/isogeny divides the congruence number"
n_intpts_x,10+,mur_lo,b3,251,5215.5,depleted,-1826.9,1889364,"C7 (trace summaries are rank proxies; Sha and integral points follow rank by C4, T15)"
max_isogeny_degree,5,v2_torsion,1,0,4201.4,forbidden,-1824.6,1889364,same-group GAL
two_adic_level,16,max_isogeny_degree,1,20,4314.4,depleted,-1819.4,1885114,same-group GAL
two_adic_level,16,class_size,1,20,4314.4,depleted,-1819.4,1885114,same-group GAL
two_adic_label,X9,n_intpts_x,0,0,4168.1,forbidden,-1810.2,1841734,T15 (torsion points are integral)
torsion_structure,[2],max_isogeny_degree,5,0,4165.4,forbidden,-1809.0,1889364,same-group GAL
two_adic_label,X13e,has_2_isog,0,0,4155.1,forbidden,-1804.5,1841734,same-group GAL
two_adic_label,X13g,has_2_isog,0,0,4155.1,forbidden,-1804.5,1841734,same-group GAL
two_adic_label,X8c,has_2_isog,0,0,4155.1,forbidden,-1804.5,1841734,same-group GAL
two_adic_label,X8c,v2_torsion,0,0,4155.1,forbidden,-1804.5,1841734,same-group GAL
two_adic_label,X13c,has_2_isog,0,0,4155.1,forbidden,-1804.5,1841734,same-group GAL
two_adic_label,X13g,v2_torsion,0,0,4155.1,forbidden,-1804.5,1841734,same-group GAL
two_adic_label,X13c,v2_torsion,0,0,4155.1,forbidden,-1804.5,1841734,same-group GAL
two_adic_label,X13e,v2_torsion,0,0,4155.1,forbidden,-1804.5,1841734,same-group GAL
v3_moddeg,6,log_odd_moddeg,b3,0,4152.6,forbidden,-1803.4,1889364,same-group AN
two_adic_level,8,two_adic_label,X34,2738,242.0,enriched,-1802.9,1837484,same-group GAL
two_adic_level,16,n_nonsurj_primes,0,20,4273.0,depleted,-1801.5,1885114,same-group GAL
n_intpts_x,6,nagao_1000,b7,9,4208.5,depleted,-1800.7,1889364,"C7 (trace summaries are rank proxies; Sha and integral points follow rank by C4, T15)"
n_nonsurj_primes,2,frac_even,b2,52,4415.4,depleted,-1795.9,1889364,T18/T5 (mod-l image fixes a_p mod l; c4=0 or c6=0 is CM)
max_isogeny_degree,1,two_adic_log_index,5,20,4244.1,depleted,-1789.0,1885114,same-group GAL
class_size,1,two_adic_log_index,5,20,4244.1,depleted,-1789.0,1885114,same-group GAL
n_intpts_x,10+,log_regulator,b5,274,5166.1,depleted,-1776.8,1889364,T15 (small generators are integral)
two_adic_label,X17,c4_sign,-1,0,4087.9,forbidden,-1775.3,1841734,family L: torsion/isogeny constrains local data (T4/T13/T17 type)
n_nonsurj_primes,2,log_area,b7,442,5641.7,depleted,-1771.1,1889364,family S: large isogeny degree forces special j and small models (T9/T10/T8)
n_nonsurj_primes,0,two_adic_log_index,5,20,4202.2,depleted,-1770.9,1885114,same-group GAL
two_adic_level,1,two_adic_label,X13c,0,4075.0,forbidden,-1769.8,1837484,same-group GAL
two_adic_level,1,two_adic_label,X8c,0,4075.0,forbidden,-1769.8,1837484,same-group GAL
two_adic_label,X13e,two_adic_log_index,0,0,4075.0,forbidden,-1769.8,1837484,same-group GAL
two_adic_level,1,two_adic_label,X13g,0,4075.0,forbidden,-1769.8,1837484,same-group GAL
two_adic_level,1,two_adic_label,X13e,0,4075.0,forbidden,-1769.8,1837484,same-group GAL
two_adic_label,X8c,two_adic_log_index,0,0,4075.0,forbidden,-1769.8,1837484,same-group GAL
two_adic_label,X13c,two_adic_log_index,0,0,4075.0,forbidden,-1769.8,1837484,same-group GAL
two_adic_label,X13g,two_adic_log_index,0,0,4075.0,forbidden,-1769.8,1837484,same-group GAL
rank_c,2,log_odd_sha,b1,0,4068.2,forbidden,-1766.8,1889364,C4
n_intpts_x,9,log_regulator,b1,418,5561.6,depleted,-1765.7,1889364,T15 (small generators are integral)
torsion_structure,"[2,2]",two_adic_label,X25,1586,46.5,enriched,-1764.3,1841734,same-group GAL
two_adic_label,X25,n_torsion_gens,2,1586,46.6,enriched,-1763.4,1841734,same-group GAL
log_regulator,b3,log_odd_sha,b1,149,4719.9,depleted,-1763.0,1889364,same-group AN
two_adic_label,X8c,disc_sign,-1,0,4053.2,forbidden,-1760.3,1841734,family L: torsion/isogeny constrains local data (T4/T13/T17 type)
n_intpts_x,10+,st_mean,b3,294,5176.2,depleted,-1755.7,1889364,"C7 (trace summaries are rank proxies; Sha and integral points follow rank by C4, T15)"
log_regulator,b4,log_odd_sha,b1,170,4766.4,depleted,-1751.6,1889364,same-group AN
two_adic_level,2,two_adic_label,X15,0,4027.2,forbidden,-1749.0,1837484,same-group GAL
two_adic_level,2,two_adic_label,X19,0,4027.2,forbidden,-1749.0,1837484,same-group GAL
two_adic_label,X33,two_adic_log_index,3,2400,178.1,enriched,-1747.8,1837484,same-group GAL
has_5_isog,1,odd_torsion,5,1165,13.9,enriched,-1743.8,1889364,same-group GAL
log_odd_sha,b1,nagao_1000,b0,169,4743.9,depleted,-1743.6,1889364,"C7 (trace summaries are rank proxies; Sha and integral points follow rank by C4, T15)"
v2_moddeg,2,v2_tamagawa,4+,2,4023.9,depleted,-1740.7,1889364,"U1 (check Agashe-Ribet-Stein, Emerton: component groups and the congruence number)"
max_isogeny_degree,4,v2_moddeg,3,290,5124.4,depleted,-1739.5,1889364,"family E: Eisenstein congruence, rational torsion/isogeny divides the congruence number"
torsion_structure,[],two_adic_label,X13g,0,4001.3,forbidden,-1737.8,1841734,same-group GAL
torsion_structure,[],two_adic_label,X8c,0,4001.3,forbidden,-1737.8,1841734,same-group GAL
two_adic_label,X13g,n_torsion_gens,0,0,4001.3,forbidden,-1737.8,1841734,same-group GAL
two_adic_label,X13c,n_torsion_gens,0,0,4001.3,forbidden,-1737.8,1841734,same-group GAL
torsion_structure,[],two_adic_label,X13c,0,4001.3,forbidden,-1737.8,1841734,same-group GAL
two_adic_label,X8c,n_torsion_gens,0,0,4001.3,forbidden,-1737.8,1841734,same-group GAL
two_adic_label,X13e,n_torsion_gens,0,0,4001.3,forbidden,-1737.8,1841734,same-group GAL
torsion_structure,[],two_adic_label,X13e,0,4001.3,forbidden,-1737.8,1841734,same-group GAL
v5_moddeg,3,log_odd_moddeg,b0,0,3999.0,forbidden,-1736.8,1889364,same-group AN
max_isogeny_degree,9,v3_moddeg,7,1819,77.9,enriched,-1734.4,1889364,"family E: Eisenstein congruence, rational torsion/isogeny divides the congruence number"
n_nonsurj_primes,2,log_abs_c4,b0,437,5528.5,depleted,-1731.3,1889364,family L: torsion/isogeny constrains local data (T4/T13/T17 type)
n_intpts_x,10+,nagao_1000,b2,337,5227.9,depleted,-1724.5,1889364,"C7 (trace summaries are rank proxies; Sha and integral points follow rank by C4, T15)"
log_odd_sha,b1,st_mean,b0,175,4714.8,depleted,-1722.8,1889364,"C7 (trace summaries are rank proxies; Sha and integral points follow rank by C4, T15)"
n_nonsurj_primes,2,exceptional_image,1,2546,215.0,enriched,-1722.7,1889364,same-group GAL
max_isogeny_degree,9,v3_moddeg,8+,1387,30.1,enriched,-1720.1,1889364,"family E: Eisenstein congruence, rational torsion/isogeny divides the congruence number"
n_nonsurj_primes,2,max_isogeny_degree,18,1536,44.5,enriched,-1717.2,1889364,same-group GAL
n_torsion_gens,2,n_kod_IV,1,0,3940.5,forbidden,-1711.4,1889364,family L: torsion/isogeny constrains local data (T4/T13/T17 type)
two_adic_label,X19,two_adic_log_index,1,0,3940.2,forbidden,-1711.2,1837484,same-group GAL
two_adic_label,X15,two_adic_log_index,1,0,3940.2,forbidden,-1711.2,1837484,same-group GAL
max_isogeny_degree,3,c4_sign,0,2398,185.0,enriched,-1709.3,1889364,family L: torsion/isogeny constrains local data (T4/T13/T17 type)
class_size,1,has_5_isog,1,0,3929.0,forbidden,-1706.3,1311066,same-group GAL
max_isogeny_degree,1,has_5_isog,1,0,3929.0,forbidden,-1706.3,1311066,same-group GAL
class_size,3,v3_moddeg,7,1819,81.0,enriched,-1705.4,1889364,"family E: Eisenstein congruence, rational torsion/isogeny divides the congruence number"
torsion_structure,[4],v2_tamagawa,2,368,5268.6,depleted,-1704.6,1889364,family L: torsion/isogeny constrains local data (T4/T13/T17 type)
n_nonsurj_primes,2,log_abs_disc,b0,517,5670.8,depleted,-1702.3,1889364,family L: torsion/isogeny constrains local data (T4/T13/T17 type)
torsion_structure,[5],has_5_isog,1,1129,13.2,enriched,-1699.9,1889364,same-group GAL
class_size,3,v3_moddeg,8+,1387,31.2,enriched,-1698.1,1889364,"family E: Eisenstein congruence, rational torsion/isogeny divides the congruence number"
two_adic_level,8,two_adic_label,X9d,2626,239.4,enriched,-1697.1,1837484,same-group GAL
v2_torsion,2,v2_moddeg,5,576,5806.9,depleted,-1695.5,1889364,"family E: Eisenstein congruence, rational torsion/isogeny divides the congruence number"
n_intpts_x,6,nagao_1000,b6,66,4238.7,depleted,-1694.2,1889364,"C7 (trace summaries are rank proxies; Sha and integral points follow rank by C4, T15)"
two_adic_level,4,two_adic_label,X10d,2626,242.3,enriched,-1684.6,1837484,same-group GAL
two_adic_level,1,two_adic_label,X4,0,3871.4,forbidden,-1681.3,1837484,same-group GAL
two_adic_label,X4,two_adic_log_index,0,0,3871.4,forbidden,-1681.3,1837484,same-group GAL
torsion_structure,"[2,2]",n_kod_IV,1,0,3859.5,forbidden,-1676.1,1889364,family L: torsion/isogeny constrains local data (T4/T13/T17 type)
n_split_mult,0,v3_tamagawa,3,115,4380.4,depleted,-1672.1,1889364,same-group LOC
two_adic_label,X17,bad_at_2,0,0,3838.5,forbidden,-1667.0,1841734,family L: torsion/isogeny constrains local data (T4/T13/T17 type)
two_adic_label,X16,bad_at_2,0,0,3838.5,forbidden,-1667.0,1841734,family L: torsion/isogeny constrains local data (T4/T13/T17 type)
two_adic_log_index,4,frac_even,b0,0,3830.1,forbidden,-1663.4,1885114,T18/T5 (mod-l image fixes a_p mod l; c4=0 or c6=0 is CM)
two_adic_level,2,class_size,3,0,3823.5,forbidden,-1660.5,1885114,same-group GAL
n_intpts_x,6,st_mean,b7,80,4217.2,depleted,-1660.3,1889364,"C7 (trace summaries are rank proxies; Sha and integral points follow rank by C4, T15)"
two_adic_label,X8d,v2_tamagawa,1,0,3821.0,forbidden,-1659.4,1841734,family L: torsion/isogeny constrains local data (T4/T13/T17 type)
two_adic_label,X13h,v2_tamagawa,1,0,3821.0,forbidden,-1659.4,1841734,family L: torsion/isogeny constrains local data (T4/T13/T17 type)
max_isogeny_degree,8,v2_torsion,3,1308,26.6,enriched,-1658.3,1889364,same-group GAL
two_adic_level,8,two_adic_label,X5,2458,209.0,enriched,-1656.6,1837484,same-group GAL
class_size,8,v2_torsion,0,0,3805.1,forbidden,-1652.5,1889364,same-group GAL
n_intpts_x,6,mur_lo,b7,87,4225.8,depleted,-1652.1,1889364,"C7 (trace summaries are rank proxies; Sha and integral points follow rank by C4, T15)"
two_adic_label,X36n,v2_torsion,2,1724,73.2,enriched,-1650.5,1841734,same-group GAL
n_intpts_x,10+,mur_mid,b6,393,5183.6,depleted,-1642.0,1889364,"C7 (trace summaries are rank proxies; Sha and integral points follow rank by C4, T15)"
n_bad_primes,6+,log_j_height,b0,67,4113.9,depleted,-1639.1,1889364,T4 (local data and equation)
two_adic_label,X8,v2_tamagawa,3,300,4904.7,depleted,-1637.4,1841734,family L: torsion/isogeny constrains local data (T4/T13/T17 type)
class_size,3,has_3_isog,0,211,4614.7,depleted,-1631.3,1311066,same-group GAL
class_size,3,two_adic_log_index,1,0,3750.1,forbidden,-1628.7,1885114,same-group GAL
n_bad_primes,6+,n_kod_In,1,0,3744.5,forbidden,-1626.2,1889364,same-group LOC
n_split_mult,4,n_nonsplit_mult,3,0,3721.0,forbidden,-1616.0,1311066,same-group LOC
class_size,8,two_adic_log_index,0,0,3710.6,forbidden,-1611.5,1885114,same-group GAL
two_adic_level,1,class_size,8,0,3710.6,forbidden,-1611.5,1885114,same-group GAL
torsion_structure,[3],log_odd_moddeg,b0,436,5222.9,depleted,-1610.4,1889364,"family E: Eisenstein congruence, rational torsion/isogeny divides the congruence number"
two_adic_label,X13,v2_moddeg,5,301,4838.6,depleted,-1609.2,1841734,"family E: Eisenstein congruence, rational torsion/isogeny divides the congruence number"
two_adic_label,X6,class_size,3,0,3703.2,forbidden,-1608.3,1841734,same-group GAL
class_size,6,v2_torsion,3,1308,29.2,enriched,-1605.5,1889364,same-group GAL
two_adic_level,2,max_isogeny_degree,9,0,3664.1,forbidden,-1591.3,1885114,same-group GAL
two_adic_label,X8d,v2_tamagawa,2,54,3946.0,depleted,-1590.9,1841734,family L: torsion/isogeny constrains local data (T4/T13/T17 type)
v3_moddeg,6,log_odd_moddeg,b2,0,3656.0,forbidden,-1587.8,1889364,same-group AN
two_adic_log_index,4,frac_even,b1,25,3791.4,depleted,-1582.3,1885114,T18/T5 (mod-l image fixes a_p mod l; c4=0 or c6=0 is CM)
n_torsion_gens,0,class_size,8,0,3637.6,forbidden,-1579.8,1889364,same-group GAL
torsion_structure,[],class_size,8,0,3637.6,forbidden,-1579.8,1889364,same-group GAL
torsion_structure,[3],two_adic_log_index,2,26,3789.9,depleted,-1579.5,1885114,same-group GAL
n_torsion_gens,2,n_kod_IIs,1,0,3632.3,forbidden,-1577.5,1889364,family L: torsion/isogeny constrains local data (T4/T13/T17 type)
v7_sha,2,log_odd_sha,b1,1241,25.2,enriched,-1573.9,1889364,same-group AN
torsion_structure,[6],v3_tamagawa,0,2,3639.0,depleted,-1573.6,1889364,T13
log_regulator,b5,log_odd_sha,b1,334,4841.2,depleted,-1571.3,1889364,same-group AN
two_adic_level,8,two_adic_label,X33,2400,214.4,enriched,-1570.5,1837484,same-group GAL
v3_tamagawa,4+,log_odd_tamagawa,b0,0,3614.5,forbidden,-1569.8,1889364,same-group LOC
n_split_mult,4,n_kod_Ins,2,0,3613.3,forbidden,-1569.2,1889364,same-group LOC
two_adic_label,X25,v2_torsion,2,1586,62.5,enriched,-1568.2,1841734,same-group GAL
max_isogeny_degree,9,two_adic_log_index,1,0,3593.4,forbidden,-1560.6,1885114,same-group GAL
v3_moddeg,0,v3_tamagawa,3,0,3578.8,forbidden,-1554.3,1889364,"U1 (check Agashe-Ribet-Stein, Emerton: component groups and the congruence number)"
two_adic_label,X8,frac_even,b0,0,3565.0,forbidden,-1548.3,1841734,T18/T5 (mod-l image fixes a_p mod l; c4=0 or c6=0 is CM)
torsion_structure,"[2,2]",n_kod_IIs,1,0,3558.2,forbidden,-1545.3,1889364,family L: torsion/isogeny constrains local data (T4/T13/T17 type)
two_adic_label,X6,max_isogeny_degree,9,0,3547.9,forbidden,-1540.8,1841734,same-group GAL
two_adic_label,X8d,c4_sign,-1,0,3546.4,forbidden,-1540.2,1841734,family L: torsion/isogeny constrains local data (T4/T13/T17 type)
two_adic_label,X13g,class_size,1,0,3500.7,forbidden,-1520.3,1841734,same-group GAL
two_adic_label,X13g,max_isogeny_degree,1,0,3500.7,forbidden,-1520.3,1841734,same-group GAL
two_adic_label,X8c,max_isogeny_degree,1,0,3500.7,forbidden,-1520.3,1841734,same-group GAL
two_adic_label,X13e,max_isogeny_degree,1,0,3500.7,forbidden,-1520.3,1841734,same-group GAL
two_adic_label,X13c,max_isogeny_degree,1,0,3500.7,forbidden,-1520.3,1841734,same-group GAL
two_adic_label,X8c,class_size,1,0,3500.7,forbidden,-1520.3,1841734,same-group GAL
two_adic_label,X13c,class_size,1,0,3500.7,forbidden,-1520.3,1841734,same-group GAL
two_adic_label,X13e,class_size,1,0,3500.7,forbidden,-1520.3,1841734,same-group GAL
torsion_structure,"[2,4]",max_isogeny_degree,8,1182,23.0,enriched,-1520.1,1889364,same-group GAL
two_adic_label,X13g,n_nonsurj_primes,0,0,3485.1,forbidden,-1513.6,1841734,same-group GAL
two_adic_label,X13e,n_nonsurj_primes,0,0,3485.1,forbidden,-1513.6,1841734,same-group GAL
two_adic_label,X13c,n_nonsurj_primes,0,0,3485.1,forbidden,-1513.6,1841734,same-group GAL
two_adic_label,X8c,n_nonsurj_primes,0,0,3485.1,forbidden,-1513.6,1841734,same-group GAL
v3_sha,2,log_regulator,b0,40,3694.9,depleted,-1509.9,1889364,same-group AN
torsion_structure,"[2,2]",two_adic_label,X38,1369,41.5,enriched,-1503.7,1841734,same-group GAL
class_size,1,max_isogeny_degree,5,0,3461.4,forbidden,-1503.3,1311066,same-group GAL
two_adic_label,X38,n_torsion_gens,2,1369,41.6,enriched,-1502.6,1841734,same-group GAL
v3_moddeg,6,log_odd_moddeg,b0,0,3451.6,forbidden,-1499.0,1889364,same-group AN
two_adic_label,X8,frac_even,b1,0,3447.3,forbidden,-1497.1,1841734,T18/T5 (mod-l image fixes a_p mod l; c4=0 or c6=0 is CM)
max_isogeny_degree,4,has_3_isog,1,0,3443.1,forbidden,-1495.3,1311066,same-group GAL
torsion_structure,[4],n_split_mult,0,306,4555.1,depleted,-1488.1,1889364,family L: torsion/isogeny constrains local data (T4/T13/T17 type)
log_omega,b7,log_odd_sha,b1,266,4416.6,depleted,-1479.6,1889364,same-group AN
two_adic_label,X13,class_size,8,2010,146.8,enriched,-1477.1,1841734,same-group GAL
two_adic_label,X13,max_isogeny_degree,12,2010,146.8,enriched,-1477.1,1841734,same-group GAL
torsion_structure,"[2,4]",class_size,6,1182,25.2,enriched,-1475.8,1889364,same-group GAL
n_bad_primes,6+,log_j_height,b1,288,4457.4,depleted,-1469.7,1889364,T4 (local data and equation)
n_kod_IIs,1,n_intpts_x,4,225,4236.8,depleted,-1457.1,1889364,U3 (likely via model size: T15)
two_adic_level,16,class_size,8,1490,61.2,enriched,-1447.0,1885114,same-group GAL
n_split_mult,3,n_kod_In,0,0,3325.6,forbidden,-1444.3,1889364,same-group LOC
rank_c,2,v3_sha,2,0,3323.8,forbidden,-1443.5,1889364,C4
odd_torsion,3,n_kod_IIIs,1,0,3313.2,forbidden,-1438.9,1889364,family L: torsion/isogeny constrains local data (T4/T13/T17 type)
n_split_mult,3,n_nonsplit_mult,4,0,3308.4,forbidden,-1436.8,1311066,same-group LOC
n_additive,1,n_kod_Ins,3+,0,3293.7,forbidden,-1430.4,1889364,same-group LOC
class_size,6,log_area,b7,167,3970.4,depleted,-1423.5,1889364,family S: large isogeny degree forces special j and small models (T9/T10/T8)
max_isogeny_degree,6,log_area,b7,182,4016.1,depleted,-1422.1,1889364,family S: large isogeny degree forces special j and small models (T9/T10/T8)
class_size,3,max_isogeny_degree,1,0,3263.7,forbidden,-1417.4,1311066,same-group GAL
c4_sign,0,n_additive,3,1760,108.8,enriched,-1412.7,1889364,T4 (local data and equation)
class_size,6,log_abs_c4,b0,153,3896.8,depleted,-1412.3,1889364,family L: torsion/isogeny constrains local data (T4/T13/T17 type)
v5_moddeg,3,v5_tamagawa,2,1998,156.6,enriched,-1411.7,1889364,"U1 (check Agashe-Ribet-Stein, Emerton: component groups and the congruence number)"
class_size,4,max_isogeny_degree,3,0,3249.3,forbidden,-1411.2,1311066,same-group GAL
n_bad_primes,6+,n_additive,2,193,4024.8,depleted,-1411.1,1311066,I2
v3_sha,2,nagao_1000,b0,148,3876.7,depleted,-1411.0,1889364,"C7 (trace summaries are rank proxies; Sha and integral points follow rank by C4, T15)"
v3_sha,2,log_regulator,b4,154,3894.7,depleted,-1410.0,1889364,same-group AN
class_size,6,has_2_isog,0,0,3243.6,forbidden,-1408.7,1311066,same-group GAL
two_adic_log_index,4,log_abs_c4,b0,315,4382.4,depleted,-1407.9,1885114,family L: torsion/isogeny constrains local data (T4/T13/T17 type)
v3_sha,2,log_regulator,b3,146,3856.9,depleted,-1405.5,1889364,same-group AN
two_adic_label,X8,frac_even,b3,0,3236.1,forbidden,-1405.4,1841734,T18/T5 (mod-l image fixes a_p mod l; c4=0 or c6=0 is CM)
max_isogeny_degree,6,log_abs_disc,b0,202,4032.3,depleted,-1402.4,1889364,family L: torsion/isogeny constrains local data (T4/T13/T17 type)
two_adic_log_index,4,log_area,b7,373,4510.1,depleted,-1394.7,1885114,family S: large isogeny degree forces special j and small models (T9/T10/T8)
v3_sha,2,st_mean,b0,153,3852.9,depleted,-1394.0,1889364,"C7 (trace summaries are rank proxies; Sha and integral points follow rank by C4, T15)"
n_kod_In,0,log_j_height,b7,13,3290.6,depleted,-1393.2,1889364,T4 (local data and equation)
two_adic_log_index,4,v2_tamagawa,0,17,3293.1,depleted,-1384.9,1885114,family L: torsion/isogeny constrains local data (T4/T13/T17 type)
v2_moddeg,1,n_bad_primes,1,1172,29.5,enriched,-1379.2,1889364,"family P: Dummigan, Caro-Pasten bounds on v2(moddeg) from multiplicative primes"
two_adic_label,X4,disc_sign,1,0,3158.8,forbidden,-1371.8,1841734,family L: torsion/isogeny constrains local data (T4/T13/T17 type)
two_adic_label,X2,exceptional_image,0,0,3158.0,forbidden,-1371.5,1841734,same-group GAL
two_adic_level,2,two_adic_label,X9,0,3150.3,forbidden,-1368.1,1837484,same-group GAL
two_adic_level,2,two_adic_label,X10,0,3150.3,forbidden,-1368.1,1837484,same-group GAL
two_adic_label,X8c,n_torsion_gens,1,0,3147.6,forbidden,-1367.0,1841734,same-group GAL
v2_moddeg,2,v2_tamagawa,2,105,3609.9,depleted,-1362.2,1889364,"U1 (check Agashe-Ribet-Stein, Emerton: component groups and the congruence number)"
class_size,1,max_isogeny_degree,9,0,3128.1,forbidden,-1358.5,1311066,same-group GAL
two_adic_log_index,4,frac_even,b3,112,3625.1,depleted,-1358.0,1885114,T18/T5 (mod-l image fixes a_p mod l; c4=0 or c6=0 is CM)
log_regulator,b2,log_odd_sha,b1,46,3367.1,depleted,-1357.8,1889364,same-group AN
n_nonsurj_primes,0,class_size,8,0,3119.8,forbidden,-1354.9,1889364,same-group GAL
n_bad_primes,6+,n_nonsplit_mult,5+,1362,53.0,enriched,-1354.1,1311066,I2
n_additive,1,n_kod_IVs,2,0,3115.1,forbidden,-1352.9,1889364,same-group LOC
v2_moddeg,2,n_bad_primes,5,0,3105.1,forbidden,-1348.5,1889364,"family P: Dummigan, Caro-Pasten bounds on v2(moddeg) from multiplicative primes"
max_isogeny_degree,9,v3_moddeg,1,241,4018.1,depleted,-1347.5,1889364,"family E: Eisenstein congruence, rational torsion/isogeny divides the congruence number"
max_isogeny_degree,8,log_area,b7,145,3705.4,depleted,-1343.7,1889364,family S: large isogeny degree forces special j and small models (T9/T10/T8)
two_adic_label,X15,c4_sign,-1,0,3092.4,forbidden,-1343.0,1841734,family L: torsion/isogeny constrains local data (T4/T13/T17 type)
torsion_structure,[6],log_odd_tamagawa,b0,2,3107.5,depleted,-1342.9,1889364,family L: torsion/isogeny constrains local data (T4/T13/T17 type)
has_2_isog,1,n_kod_IVs,2,0,3091.5,forbidden,-1342.6,1889364,family L: torsion/isogeny constrains local data (T4/T13/T17 type)
is_cm,1,frac_zero,b7,1907,150.8,enriched,-1340.5,1311066,T10
two_adic_label,X13f,v2_tamagawa,1,184,3821.0,depleted,-1338.7,1841734,family L: torsion/isogeny constrains local data (T4/T13/T17 type)
two_adic_label,X9,two_adic_log_index,1,0,3079.8,forbidden,-1337.5,1837484,same-group GAL
two_adic_label,X10,two_adic_log_index,1,0,3079.8,forbidden,-1337.5,1837484,same-group GAL
n_intpts_x,7,nagao_1000,b7,0,3078.4,forbidden,-1336.9,1889364,"C7 (trace summaries are rank proxies; Sha and integral points follow rank by C4, T15)"
n_nonsplit_mult,3,n_kod_In,0,0,3076.6,forbidden,-1336.2,1889364,same-group LOC
two_adic_label,X13h,v2_tamagawa,2,228,3946.0,depleted,-1334.0,1841734,family L: torsion/isogeny constrains local data (T4/T13/T17 type)
two_adic_label,X4,has_2_isog,1,0,3070.8,forbidden,-1333.6,1841734,same-group GAL
max_isogeny_degree,8,log_abs_c4,b0,133,3640.3,depleted,-1333.5,1889364,family L: torsion/isogeny constrains local data (T4/T13/T17 type)
n_additive,0,n_kod_I0s,2,0,3070.5,forbidden,-1333.5,1889364,same-group LOC
two_adic_label,X13,v2_torsion,2,0,3069.3,forbidden,-1333.0,1841734,same-group GAL
two_adic_label,X13,n_bad_primes,2,0,3061.7,forbidden,-1329.7,1841734,family L: torsion/isogeny constrains local data (T4/T13/T17 type)
max_isogeny_degree,8,has_2_isog,0,0,3059.8,forbidden,-1328.8,1311066,same-group GAL
two_adic_label,X38,v2_torsion,2,1369,56.6,enriched,-1326.2,1841734,same-group GAL
two_adic_label,X8,frac_even,b2,0,3046.8,forbidden,-1323.2,1841734,T18/T5 (mod-l image fixes a_p mod l; c4=0 or c6=0 is CM)
two_adic_log_index,4,frac_even,b2,113,3529.7,depleted,-1316.4,1885114,T18/T5 (mod-l image fixes a_p mod l; c4=0 or c6=0 is CM)
torsion_structure,"[2,2]",two_adic_label,X46,1200,36.6,enriched,-1315.9,1841734,same-group GAL
torsion_structure,[4],frac_even,b0,0,3027.9,forbidden,-1315.0,1889364,T5/T18
two_adic_label,X46,n_torsion_gens,2,1200,36.6,enriched,-1314.9,1841734,same-group GAL
n_torsion_gens,2,v2_moddeg,5,385,4333.5,depleted,-1311.7,1889364,"family E: Eisenstein congruence, rational torsion/isogeny divides the congruence number"
max_isogeny_degree,6,v2_tamagawa,0,4,3016.8,depleted,-1297.6,1889364,family L: torsion/isogeny constrains local data (T4/T13/T17 type)
n_intpts_x,7,nagao_1000,b6,18,3092.1,depleted,-1295.9,1889364,"C7 (trace summaries are rank proxies; Sha and integral points follow rank by C4, T15)"
torsion_structure,[4],frac_even,b1,0,2980.5,forbidden,-1294.4,1889364,T5/T18
max_isogeny_degree,6,log_omega,b7,266,3955.9,depleted,-1292.3,1889364,family S: large isogeny degree forces special j and small models (T9/T10/T8)
max_isogeny_degree,6,log_abs_c4,b0,267,3949.6,depleted,-1288.6,1889364,family L: torsion/isogeny constrains local data (T4/T13/T17 type)
n_nonsplit_mult,4,n_kod_Ins,2,0,2959.1,forbidden,-1285.1,1889364,same-group LOC
class_size,6,max_isogeny_degree,1,0,2955.4,forbidden,-1283.5,1311066,same-group GAL
two_adic_level,32,two_adic_log_index,5,882,11.6,enriched,-1282.8,1885114,same-group GAL
n_bad_primes,1,bad_at_2,1,10,3018.5,depleted,-1282.7,1311066,same-group LOC
has_3_isog,1,two_adic_log_index,4,8,3000.5,depleted,-1279.9,1885114,same-group GAL
class_size,6,v2_tamagawa,0,1,2949.9,depleted,-1277.7,1889364,family L: torsion/isogeny constrains local data (T4/T13/T17 type)
torsion_structure,"[2,2]",v2_moddeg,5,380,4233.1,depleted,-1277.2,1889364,"family E: Eisenstein congruence, rational torsion/isogeny divides the congruence number"
torsion_structure,"[2,4]",n_torsion_gens,2,1304,52.6,enriched,-1276.4,1889364,I
class_size,6,log_omega,b7,262,3901.8,depleted,-1275.1,1889364,family S: large isogeny degree forces special j and small models (T9/T10/T8)
has_5_isog,1,v5_moddeg,5,798,7.6,enriched,-1270.0,1889364,"family E: Eisenstein congruence, rational torsion/isogeny divides the congruence number"
class_size,3,v3_moddeg,1,376,4202.5,depleted,-1269.4,1889364,"family E: Eisenstein congruence, rational torsion/isogeny divides the congruence number"
n_bad_primes,6+,bad_at_2,0,83,3304.0,depleted,-1267.4,1311066,same-group LOC
two_adic_label,X8c,v2_torsion,1,0,2913.8,forbidden,-1265.4,1841734,same-group GAL
n_intpts_x,7,st_mean,b7,31,3084.1,depleted,-1265.2,1889364,"C7 (trace summaries are rank proxies; Sha and integral points follow rank by C4, T15)"
v2_torsion,2,v2_moddeg,4,261,3869.0,depleted,-1262.9,1889364,"family E: Eisenstein congruence, rational torsion/isogeny divides the congruence number"
two_adic_label,X19,bad_at_2,0,0,2901.1,forbidden,-1259.9,1841734,family L: torsion/isogeny constrains local data (T4/T13/T17 type)
two_adic_label,X15,bad_at_2,0,0,2901.1,forbidden,-1259.9,1841734,family L: torsion/isogeny constrains local data (T4/T13/T17 type)
torsion_structure,[3],n_kod_IIIs,1,0,2890.7,forbidden,-1255.4,1889364,family L: torsion/isogeny constrains local data (T4/T13/T17 type)
torsion_structure,[2],two_adic_label,X8c,0,2890.3,forbidden,-1255.2,1841734,same-group GAL
v3_sha,2,log_regulator,b5,304,3955.8,depleted,-1248.8,1889364,same-group AN
n_intpts_x,7,mur_lo,b7,40,3081.8,depleted,-1246.8,1889364,"C7 (trace summaries are rank proxies; Sha and integral points follow rank by C4, T15)"
torsion_structure,[4],frac_even,b3,0,2851.9,forbidden,-1238.6,1889364,T5/T18
n_kod_In,0,log_j_height,b6,128,3390.5,depleted,-1236.2,1889364,T4 (local data and equation)
torsion_structure,[3],two_adic_level,8,194,3600.9,depleted,-1235.0,1885114,same-group GAL
v3_tamagawa,3,log_odd_tamagawa,b2,0,2835.5,forbidden,-1231.4,1889364,same-group LOC
v2_moddeg,2,v2_tamagawa,3,30,2990.3,depleted,-1226.8,1889364,"U1 (check Agashe-Ribet-Stein, Emerton: component groups and the congruence number)"
torsion_structure,[3],two_adic_level,4,94,3239.9,depleted,-1223.1,1885114,same-group GAL
n_nonsurj_primes,2,v2_tamagawa,0,402,4138.6,depleted,-1217.4,1889364,family L: torsion/isogeny constrains local data (T4/T13/T17 type)
two_adic_label,X25,two_adic_log_index,3,1586,107.6,enriched,-1213.1,1837484,same-group GAL
class_size,1,max_isogeny_degree,8,0,2789.6,forbidden,-1211.5,1311066,same-group GAL
n_torsion_gens,2,v2_torsion,3,1304,59.5,enriched,-1210.2,1889364,same-group GAL
two_adic_label,X4,v2_torsion,1,0,2780.1,forbidden,-1207.4,1841734,same-group GAL
max_isogeny_degree,8,log_omega,b7,232,3645.5,depleted,-1206.5,1889364,family S: large isogeny degree forces special j and small models (T9/T10/T8)
max_isogeny_degree,8,two_adic_log_index,2,0,2768.5,forbidden,-1202.3,1885114,same-group GAL
max_isogeny_degree,8,v2_tamagawa,0,1,2771.1,depleted,-1200.0,1889364,family L: torsion/isogeny constrains local data (T4/T13/T17 type)
two_adic_label,X13e,class_size,2,0,2761.8,forbidden,-1199.4,1841734,same-group GAL
two_adic_label,X8c,class_size,2,0,2761.8,forbidden,-1199.4,1841734,same-group GAL
two_adic_label,X13c,class_size,2,0,2761.8,forbidden,-1199.4,1841734,same-group GAL
two_adic_label,X13g,class_size,2,0,2761.8,forbidden,-1199.4,1841734,same-group GAL
v2_torsion,1,n_kod_IVs,2,0,2759.9,forbidden,-1198.6,1889364,family L: torsion/isogeny constrains local data (T4/T13/T17 type)
v3_tamagawa,3,log_odd_moddeg,b0,24,2896.3,depleted,-1198.5,1889364,"U1 (check Agashe-Ribet-Stein, Emerton: component groups and the congruence number)"
two_adic_label,X8,v2_tamagawa,0,0,2757.5,forbidden,-1197.6,1841734,family L: torsion/isogeny constrains local data (T4/T13/T17 type)
torsion_structure,[2],two_adic_label,X4,0,2756.2,forbidden,-1197.0,1841734,same-group GAL
c6_sign,0,n_kod_In,0,932,18.4,enriched,-1194.2,1889364,T4 (local data and equation)
torsion_structure,[4],frac_even,b2,0,2747.0,forbidden,-1193.0,1889364,T5/T18
torsion_structure,[6],two_adic_label,X1,0,2745.2,forbidden,-1192.2,1841734,same-group GAL
torsion_structure,[2],n_kod_IVs,2,0,2741.7,forbidden,-1190.7,1889364,family L: torsion/isogeny constrains local data (T4/T13/T17 type)
n_bad_primes,6+,n_split_mult,5+,1202,47.5,enriched,-1187.3,1311066,I2
torsion_structure,[6],v2_torsion,0,0,2726.7,forbidden,-1184.2,1889364,I
torsion_structure,[6],has_2_isog,0,0,2726.7,forbidden,-1184.2,1889364,same-group GAL
two_adic_label,X8,log_abs_c4,b0,122,3244.8,depleted,-1183.8,1841734,family L: torsion/isogeny constrains local data (T4/T13/T17 type)
two_adic_level,1,two_adic_label,X3,0,2724.6,forbidden,-1183.3,1837484,same-group GAL
two_adic_label,X3,two_adic_log_index,0,0,2724.6,forbidden,-1183.3,1837484,same-group GAL
two_adic_label,X8,log_abs_disc,b0,119,3228.6,depleted,-1181.4,1841734,family L: torsion/isogeny constrains local data (T4/T13/T17 type)
class_size,6,log_abs_disc,b0,380,3988.7,depleted,-1180.9,1889364,family L: torsion/isogeny constrains local data (T4/T13/T17 type)
two_adic_level,2,max_isogeny_degree,5,0,2702.7,forbidden,-1173.8,1885114,same-group GAL
torsion_structure,[6],n_nonsurj_primes,1,1,2702.8,depleted,-1170.4,1889364,same-group GAL
v7_moddeg,2,v7_tamagawa,2,1260,57.4,enriched,-1170.1,1889364,"U1 (check Agashe-Ribet-Stein, Emerton: component groups and the congruence number)"
two_adic_label,X16,frac_even,b0,0,2679.1,forbidden,-1163.5,1841734,T18/T5 (mod-l image fixes a_p mod l; c4=0 or c6=0 is CM)
two_adic_label,X17,frac_even,b0,0,2679.1,forbidden,-1163.5,1841734,T18/T5 (mod-l image fixes a_p mod l; c4=0 or c6=0 is CM)
two_adic_label,X46,v2_torsion,2,1200,49.9,enriched,-1159.5,1841734,same-group GAL
torsion_structure,[6],two_adic_level,1,0,2659.9,forbidden,-1155.2,1885114,same-group GAL
torsion_structure,[6],two_adic_log_index,0,0,2659.9,forbidden,-1155.2,1885114,same-group GAL
v3_sha,2,log_omega,b7,266,3610.9,depleted,-1153.0,1889364,same-group AN
n_kod_In,0,n_kod_Ins,3+,1493,99.6,enriched,-1152.4,1889364,same-group LOC
two_adic_level,4,v2_moddeg,3,336,3798.9,depleted,-1151.7,1885114,"family E: Eisenstein congruence, rational torsion/isogeny divides the congruence number"
max_isogeny_degree,5,v5_moddeg,5,705,6.2,enriched,-1147.4,1889364,"family E: Eisenstein congruence, rational torsion/isogeny divides the congruence number"
two_adic_label,X13,v2_moddeg,4,121,3141.4,depleted,-1142.0,1841734,"family E: Eisenstein congruence, rational torsion/isogeny divides the congruence number"
two_adic_label,X17,frac_even,b1,0,2622.4,forbidden,-1138.9,1841734,T18/T5 (mod-l image fixes a_p mod l; c4=0 or c6=0 is CM)
two_adic_label,X16,frac_even,b1,0,2622.4,forbidden,-1138.9,1841734,T18/T5 (mod-l image fixes a_p mod l; c4=0 or c6=0 is CM)
two_adic_label,X19,v2_tamagawa,1,180,3321.1,depleted,-1137.8,1841734,family L: torsion/isogeny constrains local data (T4/T13/T17 type)
two_adic_label,X6,max_isogeny_degree,5,0,2615.3,forbidden,-1135.8,1841734,same-group GAL
two_adic_label,X13c,n_intpts_x,0,0,2613.1,forbidden,-1134.9,1841734,T15 (torsion points are integral)
two_adic_label,X8c,n_intpts_x,0,0,2613.1,forbidden,-1134.9,1841734,T15 (torsion points are integral)
torsion_structure,[6],n_torsion_gens,0,0,2609.8,forbidden,-1133.4,1889364,I
is_cm,0,c4_sign,0,0,2605.9,forbidden,-1131.7,1889364,"T10 (CM: integral j, no multiplicative reduction)"
n_bad_primes,2,n_additive,3,0,2601.3,forbidden,-1129.7,1311066,I2
torsion_structure,[3],two_adic_log_index,3,1,2608.8,depleted,-1129.6,1885114,same-group GAL
max_isogeny_degree,6,log_abs_c4,b1,293,3616.8,depleted,-1125.3,1889364,family L: torsion/isogeny constrains local data (T4/T13/T17 type)
exceptional_image,1,n_additive,0,0,2589.2,forbidden,-1124.5,1889364,family L: torsion/isogeny constrains local data (T4/T13/T17 type)
two_adic_label,X10,v2_tamagawa,1,0,2576.9,forbidden,-1119.1,1841734,family L: torsion/isogeny constrains local data (T4/T13/T17 type)
class_size,6,log_area,b6,263,3516.2,depleted,-1118.3,1889364,family S: large isogeny degree forces special j and small models (T9/T10/T8)
max_isogeny_degree,6,log_area,b6,302,3608.4,depleted,-1112.2,1889364,family S: large isogeny degree forces special j and small models (T9/T10/T8)
torsion_structure,[4],two_adic_log_index,2,0,2558.1,forbidden,-1111.0,1885114,same-group GAL
two_adic_level,8,two_adic_label,X36n,1724,159.4,enriched,-1105.1,1837484,same-group GAL
two_adic_level,8,two_adic_label,X36l,1724,159.4,enriched,-1105.1,1837484,same-group GAL
two_adic_label,X13d,n_split_mult,0,193,3278.3,depleted,-1104.1,1841734,family L: torsion/isogeny constrains local data (T4/T13/T17 type)
two_adic_label,X8d,n_split_mult,0,193,3278.3,depleted,-1104.1,1841734,family L: torsion/isogeny constrains local data (T4/T13/T17 type)
two_adic_label,X13f,n_split_mult,0,193,3278.3,depleted,-1104.1,1841734,family L: torsion/isogeny constrains local data (T4/T13/T17 type)
two_adic_label,X13h,n_split_mult,0,193,3278.3,depleted,-1104.1,1841734,family L: torsion/isogeny constrains local data (T4/T13/T17 type)
max_isogeny_degree,8,log_abs_disc,b0,356,3721.2,depleted,-1100.3,1889364,family L: torsion/isogeny constrains local data (T4/T13/T17 type)
torsion_structure,[4],v2_tamagawa,0,3,2554.1,depleted,-1099.8,1889364,family L: torsion/isogeny constrains local data (T4/T13/T17 type)
v3_sha,2,log_regulator,b2,45,2751.4,depleted,-1096.2,1889364,same-group AN
two_adic_label,X4,n_torsion_gens,1,118,3008.5,depleted,-1090.8,1841734,same-group GAL
odd_torsion,3,two_adic_log_index,3,129,3035.1,depleted,-1086.6,1885114,same-group GAL
two_adic_label,X8,log_area,b7,196,3237.0,depleted,-1083.5,1841734,family S: large isogeny degree forces special j and small models (T9/T10/T8)
two_adic_label,CM,n_kod_In,3+,0,2486.2,forbidden,-1079.8,1841734,family L: torsion/isogeny constrains local data (T4/T13/T17 type)
two_adic_label,X17,frac_even,b3,0,2486.0,forbidden,-1079.7,1841734,T18/T5 (mod-l image fixes a_p mod l; c4=0 or c6=0 is CM)
two_adic_label,X16,frac_even,b3,0,2486.0,forbidden,-1079.7,1841734,T18/T5 (mod-l image fixes a_p mod l; c4=0 or c6=0 is CM)
torsion_structure,[6],v3_tamagawa,4+,823,15.1,enriched,-1079.0,1889364,T13
class_size,6,log_abs_c4,b1,305,3527.3,depleted,-1076.8,1889364,family L: torsion/isogeny constrains local data (T4/T13/T17 type)
n_bad_primes,1,bad_at_3,1,3,2495.5,depleted,-1074.4,1311066,same-group LOC
is_cm,1,n_kod_In,3+,0,2473.1,forbidden,-1074.0,1889364,T10
n_kod_IIIs,1,n_intpts_x,10+,278,3446.1,depleted,-1073.6,1889364,U3 (likely via model size: T15)
v7_tamagawa,2,log_odd_tamagawa,b3,1603,138.5,enriched,-1070.8,1889364,same-group LOC
class_size,6,log_regulator,b0,357,3645.4,depleted,-1069.6,1889364,family S: large isogeny degree forces special j and small models (T9/T10/T8)
n_kod_IIs,1,n_intpts_x,5,46,2683.2,depleted,-1065.3,1889364,U3 (likely via model size: T15)
class_size,4,n_bad_primes,2,358,3635.5,depleted,-1064.7,1311066,family L: torsion/isogeny constrains local data (T4/T13/T17 type)
two_adic_level,2,two_adic_log_index,5,0,2448.3,forbidden,-1063.3,1885114,same-group GAL
max_isogeny_degree,8,log_area,b6,238,3308.5,depleted,-1063.0,1889364,family S: large isogeny degree forces special j and small models (T9/T10/T8)
v2_moddeg,3,n_kod_IIIs,1,242,3316.9,depleted,-1061.9,1889364,"family P: Dummigan, Caro-Pasten bounds on v2(moddeg) from multiplicative primes"
n_additive,1,n_kod_II,2,0,2438.3,forbidden,-1058.9,1889364,same-group LOC
two_adic_level,16,two_adic_log_index,1,0,2435.1,forbidden,-1057.5,1885114,same-group GAL
two_adic_label,X32,two_adic_log_index,3,1388,95.4,enriched,-1054.9,1837484,same-group GAL
two_adic_level,32,max_isogeny_degree,16,654,6.0,enriched,-1054.6,1885114,same-group GAL
has_2_isog,1,n_kod_II,2,0,2412.2,forbidden,-1047.6,1889364,family L: torsion/isogeny constrains local data (T4/T13/T17 type)
two_adic_label,X9,c4_sign,-1,0,2408.9,forbidden,-1046.2,1841734,family L: torsion/isogeny constrains local data (T4/T13/T17 type)
n_intpts_x,7,mur_lo,b6,175,3078.1,depleted,-1044.4,1889364,"C7 (trace summaries are rank proxies; Sha and integral points follow rank by C4, T15)"
two_adic_level,4,two_adic_label,X25,1586,140.5,enriched,-1043.4,1837484,same-group GAL
max_isogeny_degree,5,two_adic_log_index,1,52,2648.1,depleted,-1040.0,1885114,same-group GAL
n_bad_primes,6+,n_kod_Ins,2,0,2389.8,forbidden,-1037.9,1889364,same-group LOC
two_adic_label,X16,frac_even,b2,0,2377.9,forbidden,-1032.7,1841734,T18/T5 (mod-l image fixes a_p mod l; c4=0 or c6=0 is CM)
two_adic_label,X17,frac_even,b2,0,2377.9,forbidden,-1032.7,1841734,T18/T5 (mod-l image fixes a_p mod l; c4=0 or c6=0 is CM)
v3_tamagawa,3,log_abs_disc,b0,125,2889.0,depleted,-1031.4,1889364,T4 (local data and equation)
n_intpts_x,7,st_mean,b6,183,3068.4,depleted,-1030.6,1889364,"C7 (trace summaries are rank proxies; Sha and integral points follow rank by C4, T15)"
max_isogeny_degree,8,log_abs_c4,b1,276,3318.4,depleted,-1024.8,1889364,family L: torsion/isogeny constrains local data (T4/T13/T17 type)
has_3_isog,0,c4_sign,0,0,2349.4,forbidden,-1020.3,1889364,family L: torsion/isogeny constrains local data (T4/T13/T17 type)
n_additive,1,n_kod_III,2,0,2344.3,forbidden,-1018.1,1889364,same-group LOC
max_isogeny_degree,8,log_regulator,b0,326,3424.2,depleted,-1014.2,1889364,family S: large isogeny degree forces special j and small models (T9/T10/T8)
odd_torsion,3,n_kod_Ins,2,0,2332.2,forbidden,-1012.9,1889364,family L: torsion/isogeny constrains local data (T4/T13/T17 type)
n_kod_In,0,v5_tamagawa,1,0,2327.7,forbidden,-1010.9,1889364,same-group LOC
n_kod_In,0,log_j_height,b5,341,3450.2,depleted,-1009.3,1889364,T4 (local data and equation)
n_torsion_gens,1,n_kod_II,2,0,2323.2,forbidden,-1009.0,1889364,family L: torsion/isogeny constrains local data (T4/T13/T17 type)
v2_moddeg,8+,n_bad_primes,1,46,2542.8,depleted,-1005.4,1889364,"family P: Dummigan, Caro-Pasten bounds on v2(moddeg) from multiplicative primes"
n_torsion_gens,2,v2_moddeg,4,141,2875.4,depleted,-1004.4,1889364,"family E: Eisenstein congruence, rational torsion/isogeny divides the congruence number"
two_adic_label,X44,two_adic_log_index,3,1369,100.5,enriched,-1003.6,1837484,same-group GAL
two_adic_label,X38,two_adic_log_index,3,1369,100.5,enriched,-1003.6,1837484,same-group GAL
two_adic_label,X13h,frac_even,b0,0,2310.6,forbidden,-1003.5,1841734,T18/T5 (mod-l image fixes a_p mod l; c4=0 or c6=0 is CM)
two_adic_label,X13f,frac_even,b0,0,2310.6,forbidden,-1003.5,1841734,T18/T5 (mod-l image fixes a_p mod l; c4=0 or c6=0 is CM)
two_adic_label,X8d,frac_even,b0,0,2310.6,forbidden,-1003.5,1841734,T18/T5 (mod-l image fixes a_p mod l; c4=0 or c6=0 is CM)
two_adic_label,X13d,frac_even,b0,0,2310.6,forbidden,-1003.5,1841734,T18/T5 (mod-l image fixes a_p mod l; c4=0 or c6=0 is CM)
two_adic_label,X1,is_cm,1,0,2307.3,forbidden,-1002.1,1841734,same-group GAL
root_number,-1,v5_sha,2,48,2540.7,depleted,-1001.1,1889364,same-group AN
two_adic_label,X16,max_isogeny_degree,4,0,2300.9,forbidden,-999.3,1841734,same-group GAL
two_adic_label,X17,max_isogeny_degree,4,0,2300.9,forbidden,-999.3,1841734,same-group GAL
n_bad_primes,1,n_kod_In,3+,0,2296.3,forbidden,-997.3,1889364,same-group LOC
v2_moddeg,3,n_kod_Ins,2,1,2303.4,depleted,-997.0,1889364,"family P: Dummigan, Caro-Pasten bounds on v2(moddeg) from multiplicative primes"
two_adic_level,4,two_adic_label,X8,0,2295.0,forbidden,-996.7,1837484,same-group GAL
rank_c,1,v5_sha,2,48,2528.9,depleted,-996.0,1889364,same-group AN
n_bad_primes,6+,frac_zero,b3,0,2288.3,forbidden,-993.8,1311066,T10 (CM curves have few bad primes)
torsion_structure,[4],log_j_height,b0,271,3222.0,depleted,-991.9,1889364,family L: torsion/isogeny constrains local data (T4/T13/T17 type)
two_adic_label,X13,n_torsion_gens,2,0,2283.2,forbidden,-991.6,1841734,same-group GAL
torsion_structure,"[2,2]",two_adic_label,X13,0,2279.9,forbidden,-990.1,1841734,same-group GAL
n_kod_In,3+,n_kod_II,2,318,3334.6,depleted,-987.2,1889364,same-group LOC
two_adic_label,X13h,frac_even,b1,0,2269.3,forbidden,-985.6,1841734,T18/T5 (mod-l image fixes a_p mod l; c4=0 or c6=0 is CM)
two_adic_label,X13f,frac_even,b1,0,2269.3,forbidden,-985.6,1841734,T18/T5 (mod-l image fixes a_p mod l; c4=0 or c6=0 is CM)
two_adic_label,X13d,frac_even,b1,0,2269.3,forbidden,-985.6,1841734,T18/T5 (mod-l image fixes a_p mod l; c4=0 or c6=0 is CM)
two_adic_label,X8d,frac_even,b1,0,2269.3,forbidden,-985.6,1841734,T18/T5 (mod-l image fixes a_p mod l; c4=0 or c6=0 is CM)
two_adic_label,X17,frac_zero,b0,71,2591.3,depleted,-985.0,1841734,T18/T5 (mod-l image fixes a_p mod l; c4=0 or c6=0 is CM)
two_adic_label,X16,frac_zero,b0,71,2591.3,depleted,-985.0,1841734,T18/T5 (mod-l image fixes a_p mod l; c4=0 or c6=0 is CM)
n_additive,1,n_kod_IIIs,2,0,2260.4,forbidden,-981.7,1889364,same-group LOC
v5_moddeg,1,v5_tamagawa,2,81,2614.1,depleted,-979.2,1889364,"U1 (check Agashe-Ribet-Stein, Emerton: component groups and the congruence number)"
torsion_structure,[6],max_isogeny_degree,1,0,2252.8,forbidden,-978.4,1889364,same-group GAL
torsion_structure,[6],class_size,1,0,2252.8,forbidden,-978.4,1889364,same-group GAL
torsion_structure,"[2,2]",v2_moddeg,4,139,2804.7,depleted,-977.8,1889364,"family E: Eisenstein congruence, rational torsion/isogeny divides the congruence number"
is_cm,1,n_additive,3,1202,72.5,enriched,-977.5,1311066,T10
n_kod_IIs,1,n_intpts_x,10+,0,2250.6,forbidden,-977.4,1889364,U3 (likely via model size: T15)
torsion_structure,[6],n_nonsurj_primes,0,0,2241.6,forbidden,-973.5,1889364,same-group GAL
max_isogeny_degree,7,v7_moddeg,3,676,9.3,enriched,-970.0,1889364,"family E: Eisenstein congruence, rational torsion/isogeny divides the congruence number"
max_isogeny_degree,4,n_bad_primes,2,264,3145.0,depleted,-968.8,1311066,family L: torsion/isogeny constrains local data (T4/T13/T17 type)
class_size,6,n_kod_IVs,1,0,2227.4,forbidden,-967.3,1889364,family L: torsion/isogeny constrains local data (T4/T13/T17 type)
has_7_isog,1,v7_moddeg,3,692,10.5,enriched,-965.6,1889364,"family E: Eisenstein congruence, rational torsion/isogeny divides the congruence number"
n_intpts_x,8,nagao_1000,b7,1,2228.8,depleted,-964.6,1889364,"C7 (trace summaries are rank proxies; Sha and integral points follow rank by C4, T15)"
two_adic_label,X3,disc_sign,1,0,2216.6,forbidden,-962.7,1841734,family L: torsion/isogeny constrains local data (T4/T13/T17 type)
n_intpts_x,8,nagao_1000,b6,5,2234.9,depleted,-955.9,1889364,"C7 (trace summaries are rank proxies; Sha and integral points follow rank by C4, T15)"
two_adic_label,X8,n_kod_IVs,1,0,2200.6,forbidden,-955.7,1841734,family L: torsion/isogeny constrains local data (T4/T13/T17 type)
two_adic_label,X16,v2_tamagawa,0,0,2192.4,forbidden,-952.1,1841734,family L: torsion/isogeny constrains local data (T4/T13/T17 type)
two_adic_label,X17,v2_tamagawa,0,0,2192.4,forbidden,-952.1,1841734,family L: torsion/isogeny constrains local data (T4/T13/T17 type)
n_bad_primes,6+,n_kod_II,1,227,2996.5,depleted,-950.0,1889364,same-group LOC
two_adic_level,8,two_adic_label,X32,1388,115.4,enriched,-948.4,1837484,same-group GAL
two_adic_label,X13g,max_isogeny_degree,2,0,2176.6,forbidden,-945.3,1841734,same-group GAL
two_adic_label,X13e,max_isogeny_degree,2,0,2176.6,forbidden,-945.3,1841734,same-group GAL
two_adic_label,X8c,max_isogeny_degree,2,0,2176.6,forbidden,-945.3,1841734,same-group GAL
two_adic_label,X13c,max_isogeny_degree,2,0,2176.6,forbidden,-945.3,1841734,same-group GAL
v3_moddeg,6,v3_tamagawa,4+,1349,107.7,enriched,-943.7,1889364,"U1 (check Agashe-Ribet-Stein, Emerton: component groups and the congruence number)"
max_isogeny_degree,16,two_adic_log_index,6,744,15.2,enriched,-942.2,1885114,same-group GAL
v2_moddeg,1,n_kod_In,3+,19,2276.4,depleted,-941.9,1889364,"family P: Dummigan, Caro-Pasten bounds on v2(moddeg) from multiplicative primes"
n_intpts_x,8,st_mean,b7,11,2233.0,depleted,-940.5,1889364,"C7 (trace summaries are rank proxies; Sha and integral points follow rank by C4, T15)"
odd_torsion,3,n_kod_IIs,1,0,2163.0,forbidden,-939.4,1889364,family L: torsion/isogeny constrains local data (T4/T13/T17 type)
two_adic_label,X8c,n_intpts_x,1,0,2156.6,forbidden,-936.6,1841734,T15 (torsion points are integral)
v2_torsion,1,n_kod_II,2,0,2156.4,forbidden,-936.5,1889364,family L: torsion/isogeny constrains local data (T4/T13/T17 type)
two_adic_label,X13d,frac_even,b3,0,2153.8,forbidden,-935.4,1841734,T18/T5 (mod-l image fixes a_p mod l; c4=0 or c6=0 is CM)
two_adic_label,X13f,frac_even,b3,0,2153.8,forbidden,-935.4,1841734,T18/T5 (mod-l image fixes a_p mod l; c4=0 or c6=0 is CM)
two_adic_label,X13h,frac_even,b3,0,2153.8,forbidden,-935.4,1841734,T18/T5 (mod-l image fixes a_p mod l; c4=0 or c6=0 is CM)
two_adic_label,X8d,frac_even,b3,0,2153.8,forbidden,-935.4,1841734,T18/T5 (mod-l image fixes a_p mod l; c4=0 or c6=0 is CM)
two_adic_label,X3,has_2_isog,1,0,2146.2,forbidden,-932.1,1841734,same-group GAL
two_adic_level,8,two_adic_label,X8,0,2145.8,forbidden,-931.9,1837484,same-group GAL
torsion_structure,"[2,4]",two_adic_log_index,4,862,27.3,enriched,-931.7,1885114,same-group GAL
two_adic_label,X13f,log_omega,b7,58,2415.6,depleted,-931.2,1841734,family S: large isogeny degree forces special j and small models (T9/T10/T8)
torsion_structure,[2],n_kod_II,2,0,2142.7,forbidden,-930.6,1889364,family L: torsion/isogeny constrains local data (T4/T13/T17 type)
n_intpts_x,8,mur_lo,b7,16,2226.4,depleted,-926.7,1889364,"C7 (trace summaries are rank proxies; Sha and integral points follow rank by C4, T15)"
v3_tamagawa,3,log_area,b7,216,2889.8,depleted,-919.5,1889364,"T11 (area is the covolume, a function of c4, c6)"
two_adic_level,4,two_adic_label,X11,1404,126.4,enriched,-915.3,1837484,same-group GAL
max_isogeny_degree,8,n_kod_IVs,1,0,2100.5,forbidden,-912.2,1889364,family L: torsion/isogeny constrains local data (T4/T13/T17 type)
two_adic_label,X10a,v2_torsion,0,0,2098.3,forbidden,-911.3,1841734,same-group GAL
two_adic_label,X9c,v2_torsion,0,0,2098.3,forbidden,-911.3,1841734,same-group GAL
two_adic_label,X10a,has_2_isog,0,0,2098.3,forbidden,-911.3,1841734,same-group GAL
two_adic_label,X9c,has_2_isog,0,0,2098.3,forbidden,-911.3,1841734,same-group GAL
max_isogeny_degree,8,v2_moddeg,7,109,2538.2,depleted,-907.4,1889364,"family E: Eisenstein congruence, rational torsion/isogeny divides the congruence number"
two_adic_level,32,class_size,8,654,10.2,enriched,-903.6,1885114,same-group GAL
two_adic_level,8,two_adic_label,X44,1369,121.0,enriched,-902.4,1837484,same-group GAL
two_adic_level,8,two_adic_label,X38,1369,121.0,enriched,-902.4,1837484,same-group GAL
two_adic_label,X6,max_isogeny_degree,8,0,2073.1,forbidden,-900.3,1841734,same-group GAL
two_adic_label,X4,max_isogeny_degree,2,0,2070.8,forbidden,-899.3,1841734,same-group GAL
two_adic_label,X13d,frac_even,b2,0,2067.6,forbidden,-898.0,1841734,T18/T5 (mod-l image fixes a_p mod l; c4=0 or c6=0 is CM)
two_adic_label,X8d,frac_even,b2,0,2067.6,forbidden,-898.0,1841734,T18/T5 (mod-l image fixes a_p mod l; c4=0 or c6=0 is CM)
two_adic_label,X13f,frac_even,b2,0,2067.6,forbidden,-898.0,1841734,T18/T5 (mod-l image fixes a_p mod l; c4=0 or c6=0 is CM)
two_adic_label,X13h,frac_even,b2,0,2067.6,forbidden,-898.0,1841734,T18/T5 (mod-l image fixes a_p mod l; c4=0 or c6=0 is CM)
two_adic_label,X9c,disc_sign,-1,0,2063.4,forbidden,-896.1,1841734,family L: torsion/isogeny constrains local data (T4/T13/T17 type)
v2_sha,2,n_intpts_x,10+,0,2059.3,forbidden,-894.3,1889364,"U3 (likely via rank and period: T15, I1)"
two_adic_label,X10a,two_adic_log_index,0,0,2056.0,forbidden,-892.9,1837484,same-group GAL
two_adic_level,1,two_adic_label,X9c,0,2056.0,forbidden,-892.9,1837484,same-group GAL
two_adic_level,1,two_adic_label,X10a,0,2056.0,forbidden,-892.9,1837484,same-group GAL
two_adic_label,X9c,two_adic_log_index,0,0,2056.0,forbidden,-892.9,1837484,same-group GAL
two_adic_label,X2,n_kod_In,0,961,43.8,enriched,-892.1,1841734,family L: torsion/isogeny constrains local data (T4/T13/T17 type)
torsion_structure,[6],n_bad_primes,6+,1147,76.0,enriched,-888.9,1889364,family L: torsion/isogeny constrains local data (T4/T13/T17 type)
torsion_structure,[3],n_kod_Ins,2,0,2044.5,forbidden,-887.9,1889364,family L: torsion/isogeny constrains local data (T4/T13/T17 type)
max_isogeny_degree,9,v3_moddeg,0,58,2313.1,depleted,-887.8,1889364,"family E: Eisenstein congruence, rational torsion/isogeny divides the congruence number"
max_isogeny_degree,3,two_adic_log_index,4,8,2093.7,depleted,-887.3,1885114,same-group GAL
v2_torsion,3,two_adic_log_index,4,862,30.9,enriched,-887.0,1885114,same-group GAL
two_adic_label,X10a,is_opt,1,146,2605.8,depleted,-887.0,1841734,I5/T8 (optimal vs non-optimal curves differ by the isogeny)
class_size,6,v2_moddeg,7,178,2694.5,depleted,-884.4,1889364,"family E: Eisenstein congruence, rational torsion/isogeny divides the congruence number"
n_kod_In,0,log_odd_tamagawa,b3,81,2383.5,depleted,-882.4,1889364,same-group LOC
max_isogeny_degree,2,n_kod_IVs,2,0,2031.2,forbidden,-882.2,1889364,family L: torsion/isogeny constrains local data (T4/T13/T17 type)
two_adic_label,X15,frac_even,b0,0,2030.6,forbidden,-881.9,1841734,T18/T5 (mod-l image fixes a_p mod l; c4=0 or c6=0 is CM)
two_adic_label,X19,frac_even,b0,0,2030.6,forbidden,-881.9,1841734,T18/T5 (mod-l image fixes a_p mod l; c4=0 or c6=0 is CM)
two_adic_label,X3,frac_even,b4,86,2397.1,depleted,-880.8,1841734,T18/T5 (mod-l image fixes a_p mod l; c4=0 or c6=0 is CM)
two_adic_label,X8,n_kod_II,1,0,2027.9,forbidden,-880.7,1841734,family L: torsion/isogeny constrains local data (T4/T13/T17 type)
two_adic_label,X13f,log_area,b7,105,2447.7,depleted,-875.2,1841734,family S: large isogeny degree forces special j and small models (T9/T10/T8)
torsion_structure,[],two_adic_label,X10a,0,2014.9,forbidden,-875.1,1841734,same-group GAL
two_adic_label,X10a,n_torsion_gens,0,0,2014.9,forbidden,-875.1,1841734,same-group GAL
torsion_structure,[],two_adic_label,X9c,0,2014.9,forbidden,-875.1,1841734,same-group GAL
two_adic_label,X9c,n_torsion_gens,0,0,2014.9,forbidden,-875.1,1841734,same-group GAL
two_adic_label,X48,two_adic_log_index,3,1200,89.1,enriched,-874.8,1837484,same-group GAL
two_adic_label,X46,two_adic_log_index,3,1200,89.1,enriched,-874.8,1837484,same-group GAL
n_bad_primes,6+,petersson_resid,b0,26,2128.5,depleted,-864.5,1311066,T12 (index of Gamma_0(N) carries prod(1+1/p))
two_adic_label,X19,frac_even,b1,0,1985.8,forbidden,-862.4,1841734,T18/T5 (mod-l image fixes a_p mod l; c4=0 or c6=0 is CM)
two_adic_label,X15,frac_even,b1,0,1985.8,forbidden,-862.4,1841734,T18/T5 (mod-l image fixes a_p mod l; c4=0 or c6=0 is CM)
max_isogeny_degree,12,v2_torsion,0,0,1980.3,forbidden,-860.0,1889364,same-group GAL
two_adic_level,2,two_adic_label,X13c,0,1979.4,forbidden,-859.6,1837484,same-group GAL
two_adic_level,2,two_adic_label,X13e,0,1979.4,forbidden,-859.6,1837484,same-group GAL
two_adic_level,2,two_adic_label,X8c,0,1979.4,forbidden,-859.6,1837484,same-group GAL
two_adic_level,2,two_adic_label,X13g,0,1979.4,forbidden,-859.6,1837484,same-group GAL
rank_c,3,root_number,1,1,1976.9,depleted,-855.3,1311066,T1
two_adic_label,X1,class_size,8,0,1959.8,forbidden,-851.1,1841734,same-group GAL
two_adic_label,X1,max_isogeny_degree,12,0,1959.8,forbidden,-851.1,1841734,same-group GAL
n_nonsurj_primes,1,max_isogeny_degree,12,0,1959.2,forbidden,-850.9,1889364,same-group GAL
two_adic_label,CM,max_isogeny_degree,1,0,1957.1,forbidden,-850.0,1841734,same-group GAL
two_adic_label,CM,class_size,1,0,1957.1,forbidden,-850.0,1841734,same-group GAL
torsion_structure,[4],n_kod_IVs,1,0,1947.0,forbidden,-845.6,1889364,family L: torsion/isogeny constrains local data (T4/T13/T17 type)
two_adic_label,X3,v2_torsion,1,0,1944.8,forbidden,-844.6,1841734,same-group GAL
two_adic_label,X13g,two_adic_log_index,1,0,1936.9,forbidden,-841.2,1837484,same-group GAL
two_adic_label,X13e,two_adic_log_index,1,0,1936.9,forbidden,-841.2,1837484,same-group GAL
two_adic_label,X8c,two_adic_log_index,1,0,1936.9,forbidden,-841.2,1837484,same-group GAL
two_adic_label,X13c,two_adic_log_index,1,0,1936.9,forbidden,-841.2,1837484,same-group GAL
class_size,6,v2_moddeg,6,98,2339.1,depleted,-839.7,1889364,"family E: Eisenstein congruence, rational torsion/isogeny divides the congruence number"
max_isogeny_degree,12,two_adic_log_index,0,0,1931.5,forbidden,-838.8,1885114,same-group GAL
two_adic_level,1,max_isogeny_degree,12,0,1931.5,forbidden,-838.8,1885114,same-group GAL
torsion_structure,[2],two_adic_label,X3,0,1929.5,forbidden,-838.0,1841734,same-group GAL
two_adic_label,X2,n_kod_In,3+,0,1923.8,forbidden,-835.5,1841734,family L: torsion/isogeny constrains local data (T4/T13/T17 type)
max_isogeny_degree,8,v2_moddeg,6,62,2200.3,depleted,-833.8,1889364,"family E: Eisenstein congruence, rational torsion/isogeny divides the congruence number"
two_adic_label,X13f,log_abs_disc,b0,137,2446.3,depleted,-832.9,1841734,family L: torsion/isogeny constrains local data (T4/T13/T17 type)
has_5_isog,1,v5_tamagawa,3,525,5.1,enriched,-831.9,1889364,family L: torsion/isogeny constrains local data (T4/T13/T17 type)
n_additive,0,n_kod_Ins,3+,0,1912.8,forbidden,-830.7,1889364,same-group LOC
two_adic_label,X13f,v2_tamagawa,0,0,1910.7,forbidden,-829.8,1841734,family L: torsion/isogeny constrains local data (T4/T13/T17 type)
two_adic_label,X13h,v2_tamagawa,0,0,1910.7,forbidden,-829.8,1841734,family L: torsion/isogeny constrains local data (T4/T13/T17 type)
two_adic_label,X8d,v2_tamagawa,0,0,1910.7,forbidden,-829.8,1841734,family L: torsion/isogeny constrains local data (T4/T13/T17 type)
has_5_isog,1,v5_tamagawa,2,980,54.7,enriched,-828.0,1889364,family L: torsion/isogeny constrains local data (T4/T13/T17 type)
two_adic_label,X4,n_additive,0,0,1901.9,forbidden,-826.0,1841734,family L: torsion/isogeny constrains local data (T4/T13/T17 type)
n_torsion_gens,0,max_isogeny_degree,12,0,1894.9,forbidden,-823.0,1889364,same-group GAL
torsion_structure,[],max_isogeny_degree,12,0,1894.9,forbidden,-823.0,1889364,same-group GAL
v3_moddeg,1,n_kod_IVs,2,1,1899.0,depleted,-821.4,1889364,family M: valuations track the size of moddeg (T12)
two_adic_label,X13d,two_adic_log_index,2,0,1890.6,forbidden,-821.1,1837484,same-group GAL
two_adic_label,X8d,two_adic_log_index,2,0,1890.6,forbidden,-821.1,1837484,same-group GAL
two_adic_label,X13f,two_adic_log_index,2,0,1890.6,forbidden,-821.1,1837484,same-group GAL
two_adic_label,X13h,two_adic_log_index,2,0,1890.6,forbidden,-821.1,1837484,same-group GAL
two_adic_label,X1,two_adic_log_index,4,0,1888.3,forbidden,-820.1,1837484,same-group GAL
torsion_structure,[3],n_kod_IIs,1,0,1887.3,forbidden,-819.6,1889364,family L: torsion/isogeny constrains local data (T4/T13/T17 type)
max_isogeny_degree,4,v3_tamagawa,3,272,2787.1,depleted,-819.0,1889364,family L: torsion/isogeny constrains local data (T4/T13/T17 type)
two_adic_label,X15,frac_even,b3,0,1881.3,forbidden,-817.1,1841734,T18/T5 (mod-l image fixes a_p mod l; c4=0 or c6=0 is CM)
two_adic_label,X19,frac_even,b3,0,1881.3,forbidden,-817.1,1841734,T18/T5 (mod-l image fixes a_p mod l; c4=0 or c6=0 is CM)
torsion_structure,[6],class_size,2,0,1881.2,forbidden,-817.0,1889364,same-group GAL
two_adic_level,2,two_adic_label,X4,0,1880.1,forbidden,-816.5,1837484,same-group GAL
n_intpts_x,8,mur_lo,b6,80,2220.5,depleted,-815.5,1889364,"C7 (trace summaries are rank proxies; Sha and integral points follow rank by C4, T15)"
v2_sha,2,n_intpts_x,5,149,2438.9,depleted,-815.1,1889364,"U3 (likely via rank and period: T15, I1)"
class_size,2,max_isogeny_degree,6,0,1874.3,forbidden,-814.0,1311066,same-group GAL
has_3_isog,1,is_cm,1,1307,127.1,enriched,-812.3,1311066,same-group GAL
max_isogeny_degree,3,is_cm,1,1199,101.4,enriched,-811.3,1311066,same-group GAL
two_adic_label,X8d,log_abs_c4,b0,150,2419.6,depleted,-806.0,1841734,family L: torsion/isogeny constrains local data (T4/T13/T17 type)
two_adic_label,X8d,log_j_height,b0,114,2302.3,depleted,-803.0,1841734,family L: torsion/isogeny constrains local data (T4/T13/T17 type)
torsion_structure,[2],v3_tamagawa,4+,139,2364.6,depleted,-797.0,1889364,T13
n_intpts_x,8,st_mean,b6,95,2219.1,depleted,-793.9,1889364,"C7 (trace summaries are rank proxies; Sha and integral points follow rank by C4, T15)"
n_additive,0,n_kod_IVs,2,0,1824.8,forbidden,-792.5,1889364,same-group LOC
max_isogeny_degree,16,v2_torsion,0,0,1824.8,forbidden,-792.5,1889364,same-group GAL
torsion_structure,[4],has_3_isog,1,133,2332.9,depleted,-791.4,1889364,same-group GAL
n_split_mult,5+,n_kod_In,2,0,1819.8,forbidden,-790.3,1889364,same-group LOC
n_additive,4+,n_kod_In,3+,0,1813.3,forbidden,-787.5,1889364,same-group LOC
n_additive,2,n_kod_Ins,3+,0,1811.3,forbidden,-786.6,1889364,same-group LOC
max_isogeny_degree,5,v5_tamagawa,2,880,43.6,enriched,-786.6,1889364,family L: torsion/isogeny constrains local data (T4/T13/T17 type)
two_adic_level,8,two_adic_label,X46,1200,107.2,enriched,-786.1,1837484,same-group GAL
two_adic_level,8,two_adic_label,X48,1200,107.2,enriched,-786.1,1837484,same-group GAL
two_adic_label,X36,v2_torsion,0,0,1805.4,forbidden,-784.1,1841734,same-group GAL
two_adic_label,X36,has_2_isog,0,0,1805.4,forbidden,-784.1,1841734,same-group GAL
two_adic_level,4,two_adic_label,X16,0,1802.7,forbidden,-782.9,1837484,same-group GAL
two_adic_level,4,two_adic_label,X17,0,1802.7,forbidden,-782.9,1837484,same-group GAL
two_adic_label,X15,frac_even,b2,0,1796.2,forbidden,-780.1,1841734,T18/T5 (mod-l image fixes a_p mod l; c4=0 or c6=0 is CM)
two_adic_label,X19,frac_even,b2,0,1796.2,forbidden,-780.1,1841734,T18/T5 (mod-l image fixes a_p mod l; c4=0 or c6=0 is CM)
two_adic_log_index,4,n_kod_IVs,1,193,2471.7,depleted,-777.4,1885114,family L: torsion/isogeny constrains local data (T4/T13/T17 type)
torsion_structure,[4],n_kod_II,1,0,1789.1,forbidden,-777.0,1889364,family L: torsion/isogeny constrains local data (T4/T13/T17 type)
two_adic_label,X8,max_isogeny_degree,3,0,1786.7,forbidden,-775.9,1841734,same-group GAL
class_size,8,two_adic_log_index,6,744,25.9,enriched,-774.8,1885114,same-group GAL
two_adic_level,4,two_adic_label,X7,1204,110.8,enriched,-774.5,1837484,same-group GAL
two_adic_level,1,max_isogeny_degree,16,0,1779.2,forbidden,-772.7,1885114,same-group GAL
max_isogeny_degree,16,two_adic_log_index,0,0,1779.2,forbidden,-772.7,1885114,same-group GAL
class_size,8,two_adic_log_index,1,0,1778.9,forbidden,-772.6,1885114,same-group GAL
two_adic_label,X36,two_adic_log_index,0,0,1772.9,forbidden,-769.9,1837484,same-group GAL
two_adic_level,1,two_adic_label,X36,0,1772.9,forbidden,-769.9,1837484,same-group GAL
two_adic_label,X8,two_adic_log_index,3,0,1771.9,forbidden,-769.5,1837484,same-group GAL
two_adic_label,X13f,log_abs_c4,b0,182,2419.6,depleted,-768.8,1841734,family L: torsion/isogeny constrains local data (T4/T13/T17 type)
n_kod_IIs,1,n_intpts_x,6,9,1823.2,depleted,-768.0,1889364,U3 (likely via model size: T15)
class_size,3,v3_moddeg,0,187,2425.8,depleted,-765.7,1889364,"family E: Eisenstein congruence, rational torsion/isogeny divides the congruence number"
two_adic_level,1,two_adic_label,X2,0,1761.1,forbidden,-764.8,1837484,same-group GAL
two_adic_label,X2,two_adic_log_index,0,0,1761.1,forbidden,-764.8,1837484,same-group GAL
two_adic_label,X13d,v2_sha,3+,1088,86.2,enriched,-764.6,1841734,U4 (partly C4: Selmer heuristics with torsion; Fisher for isogenies)
two_adic_label,X3,n_torsion_gens,1,81,2099.4,depleted,-763.4,1841734,same-group GAL
two_adic_label,X9c,max_isogeny_degree,1,0,1752.3,forbidden,-761.0,1841734,same-group GAL
two_adic_label,X10a,max_isogeny_degree,1,0,1752.3,forbidden,-761.0,1841734,same-group GAL
two_adic_label,X10a,class_size,1,0,1752.3,forbidden,-761.0,1841734,same-group GAL
two_adic_label,X9c,class_size,1,0,1752.3,forbidden,-761.0,1841734,same-group GAL
torsion_structure,[3],v2_torsion,2,0,1750.0,forbidden,-760.0,1889364,I
torsion_structure,[],two_adic_label,X36,0,1744.8,forbidden,-757.8,1841734,same-group GAL
two_adic_label,X36,n_torsion_gens,0,0,1744.8,forbidden,-757.8,1841734,same-group GAL
two_adic_label,X2,disc_sign,-1,0,1745.0,forbidden,-757.8,1841734,family L: torsion/isogeny constrains local data (T4/T13/T17 type)
two_adic_label,X9c,n_nonsurj_primes,0,0,1744.6,forbidden,-757.7,1841734,same-group GAL
two_adic_label,X10a,n_nonsurj_primes,0,0,1744.6,forbidden,-757.7,1841734,same-group GAL
two_adic_label,X6,n_kod_IVs,2,0,1743.9,forbidden,-757.4,1841734,family L: torsion/isogeny constrains local data (T4/T13/T17 type)
two_adic_level,16,two_adic_log_index,6,738,26.7,enriched,-757.2,1885114,same-group GAL
n_torsion_gens,0,max_isogeny_degree,16,0,1742.6,forbidden,-756.8,1889364,same-group GAL
torsion_structure,[],max_isogeny_degree,16,0,1742.6,forbidden,-756.8,1889364,same-group GAL
two_adic_label,CM,n_additive,1,38,1926.7,depleted,-756.7,1841734,family L: torsion/isogeny constrains local data (T4/T13/T17 type)
two_adic_label,X19,max_isogeny_degree,4,0,1738.7,forbidden,-755.1,1841734,same-group GAL
two_adic_label,X15,max_isogeny_degree,4,0,1738.7,forbidden,-755.1,1841734,same-group GAL
n_nonsplit_mult,5+,n_kod_In,2,0,1737.2,forbidden,-754.4,1889364,same-group LOC
v2_moddeg,1,n_bad_primes,4,0,1735.4,forbidden,-753.7,1889364,"family P: Dummigan, Caro-Pasten bounds on v2(moddeg) from multiplicative primes"
torsion_structure,[6],n_intpts_x,0,0,1734.6,forbidden,-753.3,1889364,T15
exceptional_image,1,n_bad_primes,5,68,2027.0,depleted,-751.8,1889364,family L: torsion/isogeny constrains local data (T4/T13/T17 type)
two_adic_label,X17,frac_zero,b1,255,2565.7,depleted,-749.4,1841734,T18/T5 (mod-l image fixes a_p mod l; c4=0 or c6=0 is CM)
two_adic_label,X16,frac_zero,b1,255,2565.7,depleted,-749.4,1841734,T18/T5 (mod-l image fixes a_p mod l; c4=0 or c6=0 is CM)
odd_torsion,5,log_odd_tamagawa,b3,1110,94.8,enriched,-747.1,1889364,family L: torsion/isogeny constrains local data (T4/T13/T17 type)
max_isogeny_degree,9,v3_tamagawa,4+,847,43.3,enriched,-746.8,1889364,family L: torsion/isogeny constrains local data (T4/T13/T17 type)
two_adic_label,X13h,log_area,b7,213,2447.7,depleted,-746.2,1841734,family S: large isogeny degree forces special j and small models (T9/T10/T8)
two_adic_label,X8d,log_abs_disc,b0,213,2446.3,depleted,-745.7,1841734,family L: torsion/isogeny constrains local data (T4/T13/T17 type)
two_adic_level,16,v2_tamagawa,1,110,2134.2,depleted,-738.9,1885114,family L: torsion/isogeny constrains local data (T4/T13/T17 type)
n_intpts_x,9,nagao_1000,b7,0,1699.5,forbidden,-738.1,1889364,"C7 (trace summaries are rank proxies; Sha and integral points follow rank by C4, T15)"
n_bad_primes,4,n_nonsplit_mult,5+,0,1691.6,forbidden,-734.7,1311066,I2
two_adic_label,X8c,v2_tamagawa,2,0,1691.0,forbidden,-734.4,1841734,family L: torsion/isogeny constrains local data (T4/T13/T17 type)
v2_moddeg,2,n_bad_primes,1,940,61.4,enriched,-734.2,1889364,"family P: Dummigan, Caro-Pasten bounds on v2(moddeg) from multiplicative primes"
two_adic_label,X13f,log_j_height,b0,171,2302.3,depleted,-734.0,1841734,family L: torsion/isogeny constrains local data (T4/T13/T17 type)
two_adic_label,X17,n_kod_IVs,1,0,1689.4,forbidden,-733.7,1841734,family L: torsion/isogeny constrains local data (T4/T13/T17 type)
two_adic_label,X16,n_kod_IVs,1,0,1689.4,forbidden,-733.7,1841734,family L: torsion/isogeny constrains local data (T4/T13/T17 type)
two_adic_label,X10a,disc_sign,1,0,1687.6,forbidden,-732.9,1841734,family L: torsion/isogeny constrains local data (T4/T13/T17 type)
class_size,3,v3_tamagawa,4+,847,45.1,enriched,-732.2,1889364,family L: torsion/isogeny constrains local data (T4/T13/T17 type)
class_size,3,log_odd_moddeg,b0,249,2502.2,depleted,-730.6,1889364,"family E: Eisenstein congruence, rational torsion/isogeny divides the congruence number"
n_intpts_x,9,nagao_1000,b6,3,1700.9,depleted,-729.8,1889364,"C7 (trace summaries are rank proxies; Sha and integral points follow rank by C4, T15)"
v2_moddeg,2,n_nonsplit_mult,3,0,1679.6,forbidden,-729.4,1889364,"family P: Dummigan, Caro-Pasten bounds on v2(moddeg) from multiplicative primes"
two_adic_label,X8d,log_area,b7,230,2447.7,depleted,-728.5,1841734,family S: large isogeny degree forces special j and small models (T9/T10/T8)
max_isogeny_degree,9,log_odd_moddeg,b0,203,2366.4,depleted,-724.6,1889364,"family E: Eisenstein congruence, rational torsion/isogeny divides the congruence number"
n_intpts_x,9,st_mean,b7,7,1703.2,depleted,-720.8,1889364,"C7 (trace summaries are rank proxies; Sha and integral points follow rank by C4, T15)"
torsion_structure,[5],log_odd_tamagawa,b3,1074,92.2,enriched,-720.7,1889364,family L: torsion/isogeny constrains local data (T4/T13/T17 type)
n_kod_Ins,3+,v2_tamagawa,2,0,1656.5,forbidden,-719.4,1889364,same-group LOC
n_intpts_x,9,mur_lo,b7,6,1693.8,depleted,-719.1,1889364,"C7 (trace summaries are rank proxies; Sha and integral points follow rank by C4, T15)"
two_adic_label,X13d,log_j_height,b0,185,2302.3,depleted,-718.5,1841734,family L: torsion/isogeny constrains local data (T4/T13/T17 type)
two_adic_label,X19,v2_tamagawa,0,0,1653.3,forbidden,-718.0,1841734,family L: torsion/isogeny constrains local data (T4/T13/T17 type)
two_adic_label,X15,v2_tamagawa,0,0,1653.3,forbidden,-718.0,1841734,family L: torsion/isogeny constrains local data (T4/T13/T17 type)
torsion_structure,[4],max_isogeny_degree,3,0,1643.3,forbidden,-713.7,1889364,same-group GAL
v3_moddeg,1,v3_tamagawa,4+,0,1634.6,forbidden,-709.9,1889364,"U1 (check Agashe-Ribet-Stein, Emerton: component groups and the congruence number)"
v2_torsion,2,odd_torsion,3,101,2035.2,depleted,-709.7,1889364,same-group GAL
max_isogeny_degree,8,log_odd_tamagawa,b3,126,2112.1,depleted,-709.7,1889364,family L: torsion/isogeny constrains local data (T4/T13/T17 type)
two_adic_label,X8c,v2_tamagawa,1,0,1633.4,forbidden,-709.4,1841734,family L: torsion/isogeny constrains local data (T4/T13/T17 type)
two_adic_label,CM,n_nonsplit_mult,1,0,1632.0,forbidden,-708.8,1841734,family L: torsion/isogeny constrains local data (T4/T13/T17 type)
class_size,3,two_adic_log_index,2,0,1630.9,forbidden,-708.3,1885114,same-group GAL
n_nonsurj_primes,0,max_isogeny_degree,12,0,1628.2,forbidden,-707.1,1889364,same-group GAL
n_intpts_x,8,nagao_1000,b5,163,2210.6,depleted,-706.2,1889364,"C7 (trace summaries are rank proxies; Sha and integral points follow rank by C4, T15)"
two_adic_label,X13h,log_j_height,b0,198,2302.3,depleted,-704.5,1841734,family L: torsion/isogeny constrains local data (T4/T13/T17 type)
n_bad_primes,2,n_split_mult,4,0,1618.8,forbidden,-703.0,1311066,I2
two_adic_level,8,class_size,3,0,1617.8,forbidden,-702.6,1885114,same-group GAL
two_adic_label,X9,frac_even,b0,0,1600.0,forbidden,-694.9,1841734,T18/T5 (mod-l image fixes a_p mod l; c4=0 or c6=0 is CM)
two_adic_label,X10,frac_even,b0,0,1600.0,forbidden,-694.9,1841734,T18/T5 (mod-l image fixes a_p mod l; c4=0 or c6=0 is CM)
max_isogeny_degree,2,n_kod_II,2,0,1592.4,forbidden,-691.6,1889364,family L: torsion/isogeny constrains local data (T4/T13/T17 type)
n_intpts_x,8,mur_mid,b7,182,2224.2,depleted,-690.6,1889364,"C7 (trace summaries are rank proxies; Sha and integral points follow rank by C4, T15)"
two_adic_label,CM,n_split_mult,1,0,1584.6,forbidden,-688.2,1841734,family L: torsion/isogeny constrains local data (T4/T13/T17 type)
n_nonsplit_mult,2,n_kod_Ins,3+,153,2127.9,depleted,-684.3,1889364,same-group LOC
two_adic_level,4,two_adic_label,X13d,0,1571.3,forbidden,-682.4,1837484,same-group GAL
class_size,6,n_kod_IV,1,0,1561.5,forbidden,-678.2,1889364,family L: torsion/isogeny constrains local data (T4/T13/T17 type)
max_isogeny_degree,9,two_adic_log_index,2,0,1560.2,forbidden,-677.6,1885114,same-group GAL
n_kod_Ins,3+,v2_tamagawa,1,0,1559.7,forbidden,-677.4,1889364,same-group LOC
n_split_mult,2,n_kod_Ins,3+,168,2150.5,depleted,-676.5,1889364,same-group LOC
two_adic_label,X10,frac_even,b1,0,1557.0,forbidden,-676.2,1841734,T18/T5 (mod-l image fixes a_p mod l; c4=0 or c6=0 is CM)
two_adic_label,X9,frac_even,b1,0,1557.0,forbidden,-676.2,1841734,T18/T5 (mod-l image fixes a_p mod l; c4=0 or c6=0 is CM)
v3_moddeg,7,log_odd_moddeg,b4,0,1555.3,forbidden,-675.5,1889364,same-group AN
n_intpts_x,8,st_mean,b5,193,2213.9,depleted,-674.7,1889364,"C7 (trace summaries are rank proxies; Sha and integral points follow rank by C4, T15)"
two_adic_label,X16,n_kod_II,1,0,1547.0,forbidden,-671.8,1841734,family L: torsion/isogeny constrains local data (T4/T13/T17 type)
two_adic_label,X2,frac_even,b4,0,1542.4,forbidden,-669.8,1841734,T18/T5 (mod-l image fixes a_p mod l; c4=0 or c6=0 is CM)
v2_torsion,2,v2_moddeg,3,162,2117.0,depleted,-669.7,1889364,"family E: Eisenstein congruence, rational torsion/isogeny divides the congruence number"
two_adic_level,8,max_isogeny_degree,9,0,1541.3,forbidden,-669.4,1885114,same-group GAL
two_adic_log_index,5,v2_tamagawa,1,164,2121.2,depleted,-669.2,1885114,family L: torsion/isogeny constrains local data (T4/T13/T17 type)
two_adic_label,X8,n_kod_IV,1,0,1540.6,forbidden,-669.1,1841734,family L: torsion/isogeny constrains local data (T4/T13/T17 type)
two_adic_label,X34,has_2_isog,0,0,1540.4,forbidden,-669.0,1841734,same-group GAL
two_adic_label,X34,v2_torsion,0,0,1540.4,forbidden,-669.0,1841734,same-group GAL
class_size,6,v2_moddeg,5,64,1815.3,depleted,-668.9,1889364,"family E: Eisenstein congruence, rational torsion/isogeny divides the congruence number"
c4_sign,0,n_kod_In,3+,0,1539.8,forbidden,-668.7,1889364,T4 (local data and equation)
max_isogeny_degree,8,v2_moddeg,5,34,1703.8,depleted,-668.6,1889364,"family E: Eisenstein congruence, rational torsion/isogeny divides the congruence number"
two_adic_label,X36,max_isogeny_degree,1,0,1539.0,forbidden,-668.4,1841734,same-group GAL
two_adic_label,X36,class_size,1,0,1539.0,forbidden,-668.4,1841734,same-group GAL
n_intpts_x,9,st_mean,b6,30,1686.6,depleted,-668.1,1889364,"C7 (trace summaries are rank proxies; Sha and integral points follow rank by C4, T15)"
n_intpts_x,9,mur_lo,b6,31,1689.4,depleted,-667.6,1889364,"C7 (trace summaries are rank proxies; Sha and integral points follow rank by C4, T15)"
n_kod_IVs,2,v2_tamagawa,4+,79,1861.8,depleted,-667.2,1889364,same-group LOC
two_adic_label,X36,n_nonsurj_primes,0,0,1532.2,forbidden,-665.4,1841734,same-group GAL
rank_c,3,n_intpts_x,0,0,1526.8,forbidden,-663.1,1889364,T15
two_adic_level,8,two_adic_label,X13h,0,1526.6,forbidden,-663.0,1837484,same-group GAL
two_adic_level,8,two_adic_label,X8d,0,1526.6,forbidden,-663.0,1837484,same-group GAL
two_adic_level,8,two_adic_label,X13f,0,1526.6,forbidden,-663.0,1837484,same-group GAL
v5_tamagawa,2,log_odd_tamagawa,b1,0,1524.2,forbidden,-662.0,1889364,same-group LOC
v3_moddeg,2,v3_tamagawa,4+,0,1523.9,forbidden,-661.8,1889364,"U1 (check Agashe-Ribet-Stein, Emerton: component groups and the congruence number)"
two_adic_label,X8c,c4_sign,-1,0,1519.7,forbidden,-660.0,1841734,family L: torsion/isogeny constrains local data (T4/T13/T17 type)
n_kod_In,0,n_kod_II,2,957,78.4,enriched,-659.9,1889364,same-group LOC
two_adic_label,X13,v2_moddeg,3,27,1654.3,depleted,-659.6,1841734,"family E: Eisenstein congruence, rational torsion/isogeny divides the congruence number"
n_split_mult,0,v5_tamagawa,2,0,1512.8,forbidden,-657.0,1889364,same-group LOC
two_adic_label,X2,n_nonsurj_primes,0,0,1511.5,forbidden,-656.4,1841734,same-group GAL
two_adic_level,1,two_adic_label,X34,0,1510.6,forbidden,-656.0,1837484,same-group GAL
two_adic_label,X34,two_adic_log_index,0,0,1510.6,forbidden,-656.0,1837484,same-group GAL
two_adic_log_index,4,v2_moddeg,5,157,2062.2,depleted,-653.3,1885114,"family E: Eisenstein congruence, rational torsion/isogeny divides the congruence number"
max_isogeny_degree,4,v2_moddeg,2,155,2054.7,depleted,-652.5,1889364,"family E: Eisenstein congruence, rational torsion/isogeny divides the congruence number"
n_intpts_x,8,mur_lo,b5,219,2222.4,depleted,-651.2,1889364,"C7 (trace summaries are rank proxies; Sha and integral points follow rank by C4, T15)"
n_split_mult,1,v3_tamagawa,4+,207,2191.2,depleted,-651.1,1889364,same-group LOC
v3_tamagawa,4+,n_intpts_x,0,185,2128.5,depleted,-649.3,1889364,"U3 (likely via torsion: T13, T15)"
n_nonsurj_primes,0,max_isogeny_degree,16,0,1491.7,forbidden,-647.8,1889364,same-group GAL
n_split_mult,4,n_additive,3,0,1484.9,forbidden,-644.9,1311066,same-group LOC
two_adic_label,X34,n_torsion_gens,0,0,1483.0,forbidden,-644.0,1841734,same-group GAL
torsion_structure,[],two_adic_label,X34,0,1483.0,forbidden,-644.0,1841734,same-group GAL
v3_moddeg,7,log_odd_moddeg,b1,0,1482.5,forbidden,-643.8,1889364,same-group AN
torsion_structure,[6],n_intpts_x,1,0,1481.6,forbidden,-643.5,1889364,T15
max_isogeny_degree,6,n_kod_IIs,1,0,1478.8,forbidden,-642.2,1889364,family L: torsion/isogeny constrains local data (T4/T13/T17 type)
v3_moddeg,7,log_odd_moddeg,b3,0,1477.9,forbidden,-641.8,1889364,same-group AN
torsion_structure,"[2,2]",odd_torsion,3,0,1476.1,forbidden,-641.1,1889364,I
max_isogeny_degree,8,n_kod_IV,1,0,1472.2,forbidden,-639.4,1889364,family L: torsion/isogeny constrains local data (T4/T13/T17 type)
two_adic_label,X9d,has_2_isog,0,0,1472.1,forbidden,-639.3,1841734,same-group GAL
two_adic_label,X10d,v2_torsion,0,0,1472.1,forbidden,-639.3,1841734,same-group GAL
two_adic_label,X10d,has_2_isog,0,0,1472.1,forbidden,-639.3,1841734,same-group GAL
two_adic_label,X9d,v2_torsion,0,0,1472.1,forbidden,-639.3,1841734,same-group GAL
two_adic_level,2,n_kod_IVs,2,67,1754.1,depleted,-639.0,1885114,family L: torsion/isogeny constrains local data (T4/T13/T17 type)
two_adic_label,X4,n_kod_In,0,1040,103.3,enriched,-638.1,1841734,family L: torsion/isogeny constrains local data (T4/T13/T17 type)
two_adic_label,X10,frac_even,b3,0,1467.6,forbidden,-637.4,1841734,T18/T5 (mod-l image fixes a_p mod l; c4=0 or c6=0 is CM)
two_adic_label,X9,frac_even,b3,0,1467.6,forbidden,-637.4,1841734,T18/T5 (mod-l image fixes a_p mod l; c4=0 or c6=0 is CM)
torsion_structure,[6],max_isogeny_degree,2,0,1465.9,forbidden,-636.6,1889364,same-group GAL
two_adic_label,X13d,n_kod_IVs,1,0,1463.4,forbidden,-635.6,1841734,family L: torsion/isogeny constrains local data (T4/T13/T17 type)
two_adic_label,X8d,n_kod_IVs,1,0,1463.4,forbidden,-635.6,1841734,family L: torsion/isogeny constrains local data (T4/T13/T17 type)
two_adic_label,X13h,n_kod_IVs,1,0,1463.4,forbidden,-635.6,1841734,family L: torsion/isogeny constrains local data (T4/T13/T17 type)
two_adic_label,X13f,n_kod_IVs,1,0,1463.4,forbidden,-635.6,1841734,family L: torsion/isogeny constrains local data (T4/T13/T17 type)
n_bad_primes,4,n_split_mult,5+,0,1455.2,forbidden,-632.0,1311066,I2
torsion_structure,[3],two_adic_label,X13,0,1455.3,forbidden,-632.0,1841734,same-group GAL
two_adic_label,X3,max_isogeny_degree,2,0,1454.2,forbidden,-631.5,1841734,same-group GAL
max_isogeny_degree,8,bad_at_3,0,0,1448.2,forbidden,-629.0,1311066,family L: torsion/isogeny constrains local data (T4/T13/T17 type)
two_adic_label,X16,two_adic_log_index,3,0,1445.4,forbidden,-627.7,1837484,same-group GAL
two_adic_label,X17,two_adic_log_index,3,0,1445.4,forbidden,-627.7,1837484,same-group GAL
two_adic_label,X9d,disc_sign,-1,0,1444.8,forbidden,-627.5,1841734,family L: torsion/isogeny constrains local data (T4/T13/T17 type)
two_adic_label,X10d,two_adic_log_index,0,0,1442.9,forbidden,-626.6,1837484,same-group GAL
two_adic_level,1,two_adic_label,X9d,0,1442.9,forbidden,-626.6,1837484,same-group GAL
two_adic_level,1,two_adic_label,X10d,0,1442.9,forbidden,-626.6,1837484,same-group GAL
two_adic_label,X9d,two_adic_log_index,0,0,1442.9,forbidden,-626.6,1837484,same-group GAL
v2_sha,2,n_intpts_x,6,51,1661.4,depleted,-623.5,1889364,"U3 (likely via rank and period: T15, I1)"
n_intpts_x,9,nagao_1000,b5,55,1674.6,depleted,-623.1,1889364,"C7 (trace summaries are rank proxies; Sha and integral points follow rank by C4, T15)"
max_isogeny_degree,6,bad_at_2,0,0,1432.3,forbidden,-622.0,1311066,family L: torsion/isogeny constrains local data (T4/T13/T17 type)
n_intpts_x,4,log_odd_sha,b1,20,1533.8,depleted,-620.8,1889364,"U3 (likely via rank and period: T15, I1)"
two_adic_label,X1,c4_sign,0,0,1428.8,forbidden,-620.5,1841734,family L: torsion/isogeny constrains local data (T4/T13/T17 type)
two_adic_label,X13e,bad_at_2,0,0,1426.2,forbidden,-619.4,1841734,family L: torsion/isogeny constrains local data (T4/T13/T17 type)
max_isogeny_degree,9,log_abs_c4,b0,198,2087.1,depleted,-619.4,1889364,family L: torsion/isogeny constrains local data (T4/T13/T17 type)
two_adic_label,X8c,bad_at_2,0,0,1426.2,forbidden,-619.4,1841734,family L: torsion/isogeny constrains local data (T4/T13/T17 type)
two_adic_label,X13c,bad_at_2,0,0,1426.2,forbidden,-619.4,1841734,family L: torsion/isogeny constrains local data (T4/T13/T17 type)
two_adic_label,X13g,bad_at_2,0,0,1426.2,forbidden,-619.4,1841734,family L: torsion/isogeny constrains local data (T4/T13/T17 type)
n_additive,0,n_kod_II,2,0,1423.8,forbidden,-618.4,1889364,same-group LOC
two_adic_label,X3,n_kod_In,0,876,69.5,enriched,-615.8,1841734,family L: torsion/isogeny constrains local data (T4/T13/T17 type)
max_isogeny_degree,5,has_2_isog,1,0,1416.9,forbidden,-615.4,1311066,same-group GAL
torsion_structure,[],two_adic_label,X10d,0,1414.7,forbidden,-614.4,1841734,same-group GAL
torsion_structure,[],two_adic_label,X9d,0,1414.7,forbidden,-614.4,1841734,same-group GAL
two_adic_label,X10d,n_torsion_gens,0,0,1414.7,forbidden,-614.4,1841734,same-group GAL
two_adic_label,X9d,n_torsion_gens,0,0,1414.7,forbidden,-614.4,1841734,same-group GAL
two_adic_label,X8,n_kod_IIs,1,0,1414.0,forbidden,-614.1,1841734,family L: torsion/isogeny constrains local data (T4/T13/T17 type)
two_adic_label,X16,max_isogeny_degree,3,0,1413.2,forbidden,-613.7,1841734,same-group GAL
two_adic_label,X17,max_isogeny_degree,3,0,1413.2,forbidden,-613.7,1841734,same-group GAL
max_isogeny_degree,6,v2_torsion,2,0,1410.0,forbidden,-612.4,1889364,same-group GAL
two_adic_level,4,class_size,3,0,1402.2,forbidden,-609.0,1885114,same-group GAL
two_adic_label,X13f,n_kod_III,1,0,1399.5,forbidden,-607.8,1841734,family L: torsion/isogeny constrains local data (T4/T13/T17 type)
n_bad_primes,2,n_nonsplit_mult,4,0,1399.0,forbidden,-607.6,1311066,I2
two_adic_label,X9,frac_even,b2,0,1393.9,forbidden,-605.4,1841734,T18/T5 (mod-l image fixes a_p mod l; c4=0 or c6=0 is CM)
two_adic_label,X10,frac_even,b2,0,1393.9,forbidden,-605.4,1841734,T18/T5 (mod-l image fixes a_p mod l; c4=0 or c6=0 is CM)
n_intpts_x,9,st_mean,b5,73,1679.7,depleted,-599.7,1889364,"C7 (trace summaries are rank proxies; Sha and integral points follow rank by C4, T15)"
two_adic_log_index,4,n_kod_IV,1,89,1729.8,depleted,-599.3,1885114,family L: torsion/isogeny constrains local data (T4/T13/T17 type)
two_adic_label,X2,has_2_isog,1,0,1379.0,forbidden,-598.9,1841734,same-group GAL
two_adic_label,X6,n_kod_II,2,0,1377.3,forbidden,-598.2,1841734,family L: torsion/isogeny constrains local data (T4/T13/T17 type)
n_intpts_x,9,mur_mid,b7,79,1693.5,depleted,-597.3,1889364,"C7 (trace summaries are rank proxies; Sha and integral points follow rank by C4, T15)"
class_size,4,exceptional_image,1,0,1374.1,forbidden,-596.8,1889364,same-group GAL
n_additive,0,n_kod_III,2,0,1371.7,forbidden,-595.7,1889364,same-group LOC
n_bad_primes,6+,petersson_resid,b1,204,2041.7,depleted,-595.6,1311066,T12 (index of Gamma_0(N) carries prod(1+1/p))
n_nonsurj_primes,0,has_7_isog,1,0,1367.8,forbidden,-594.0,1889364,same-group GAL
max_isogeny_degree,7,v7_moddeg,2,932,87.3,enriched,-593.4,1889364,"family E: Eisenstein congruence, rational torsion/isogeny divides the congruence number"
two_adic_level,1,two_adic_label,X5,0,1365.8,forbidden,-593.2,1837484,same-group GAL
two_adic_label,X5,two_adic_log_index,0,0,1365.8,forbidden,-593.2,1837484,same-group GAL
torsion_structure,[4],n_kod_IV,1,0,1364.1,forbidden,-592.4,1889364,family L: torsion/isogeny constrains local data (T4/T13/T17 type)
two_adic_label,X4,bad_at_2,0,0,1362.7,forbidden,-591.8,1841734,family L: torsion/isogeny constrains local data (T4/T13/T17 type)
two_adic_level,4,two_adic_label,X15,0,1362.1,forbidden,-591.5,1837484,same-group GAL
two_adic_level,4,two_adic_label,X19,0,1362.1,forbidden,-591.5,1837484,same-group GAL
max_isogeny_degree,7,has_7_isog,0,0,1353.6,forbidden,-587.8,1311066,same-group GAL
class_size,3,has_2_isog,1,0,1351.8,forbidden,-587.1,1311066,same-group GAL
two_adic_label,X5,disc_sign,-1,0,1351.0,forbidden,-586.7,1841734,family L: torsion/isogeny constrains local data (T4/T13/T17 type)
max_isogeny_degree,2,v3_tamagawa,4+,108,1755.7,depleted,-586.2,1889364,family L: torsion/isogeny constrains local data (T4/T13/T17 type)
two_adic_label,X33,v2_torsion,0,0,1348.6,forbidden,-585.7,1841734,same-group GAL
two_adic_label,X33,has_2_isog,0,0,1348.6,forbidden,-585.7,1841734,same-group GAL
two_adic_label,X9,max_isogeny_degree,4,0,1344.5,forbidden,-583.9,1841734,same-group GAL
two_adic_label,X10,max_isogeny_degree,4,0,1344.5,forbidden,-583.9,1841734,same-group GAL
two_adic_level,4,max_isogeny_degree,9,0,1340.9,forbidden,-582.3,1885114,same-group GAL
two_adic_label,X8d,n_kod_II,1,0,1339.2,forbidden,-581.6,1841734,family L: torsion/isogeny constrains local data (T4/T13/T17 type)
two_adic_label,X13h,n_kod_II,1,0,1339.2,forbidden,-581.6,1841734,family L: torsion/isogeny constrains local data (T4/T13/T17 type)
v2_sha,3+,log_regulator,b3,10,1395.3,depleted,-581.1,1889364,same-group AN
v5_moddeg,4,v5_tamagawa,2,633,29.7,enriched,-580.9,1889364,"U1 (check Agashe-Ribet-Stein, Emerton: component groups and the congruence number)"
two_adic_label,X8,v2_moddeg,5,67,1612.9,depleted,-580.1,1841734,"family E: Eisenstein congruence, rational torsion/isogeny divides the congruence number"
n_bad_primes,1,n_additive,1,102,1721.2,depleted,-579.4,1311066,I2
two_adic_label,X3,n_additive,0,0,1325.2,forbidden,-575.5,1841734,family L: torsion/isogeny constrains local data (T4/T13/T17 type)
n_kod_IIs,1,n_intpts_x,7,1,1332.1,depleted,-575.4,1889364,U3 (likely via model size: T15)
torsion_structure,[6],n_split_mult,1,167,1892.1,depleted,-574.6,1889364,family L: torsion/isogeny constrains local data (T4/T13/T17 type)
two_adic_level,2,two_adic_label,X3,0,1322.9,forbidden,-574.5,1837484,same-group GAL
two_adic_label,X33,two_adic_log_index,0,0,1322.1,forbidden,-574.2,1837484,same-group GAL
two_adic_level,1,two_adic_label,X33,0,1322.1,forbidden,-574.2,1837484,same-group GAL
n_additive,0,n_kod_IIIs,2,0,1321.3,forbidden,-573.8,1889364,same-group LOC
two_adic_label,X33,disc_sign,-1,0,1319.7,forbidden,-573.2,1841734,family L: torsion/isogeny constrains local data (T4/T13/T17 type)
n_intpts_x,9,mur_lo,b5,97,1690.2,depleted,-572.9,1889364,"C7 (trace summaries are rank proxies; Sha and integral points follow rank by C4, T15)"
two_adic_label,X9c,n_intpts_x,0,0,1318.0,forbidden,-572.4,1841734,T15 (torsion points are integral)
v2_sha,3+,log_regulator,b0,2,1330.0,depleted,-571.7,1889364,same-group AN
two_adic_label,X9,frac_zero,b7,14,1388.7,depleted,-570.1,1841734,T18/T5 (mod-l image fixes a_p mod l; c4=0 or c6=0 is CM)
two_adic_label,X10,frac_zero,b7,14,1388.7,depleted,-570.1,1841734,T18/T5 (mod-l image fixes a_p mod l; c4=0 or c6=0 is CM)
v2_moddeg,4,n_bad_primes,6+,0,1310.4,forbidden,-569.1,1889364,"family P: Dummigan, Caro-Pasten bounds on v2(moddeg) from multiplicative primes"
torsion_structure,[3],n_torsion_gens,2,0,1305.7,forbidden,-567.0,1889364,I
two_adic_label,X33,n_torsion_gens,0,0,1297.5,forbidden,-563.5,1841734,same-group GAL
torsion_structure,[],two_adic_label,X33,0,1297.5,forbidden,-563.5,1841734,same-group GAL
two_adic_label,X34,class_size,1,0,1295.8,forbidden,-562.8,1841734,same-group GAL
two_adic_label,X34,max_isogeny_degree,1,0,1295.8,forbidden,-562.8,1841734,same-group GAL
max_isogeny_degree,9,has_2_isog,1,0,1292.5,forbidden,-561.3,1311066,same-group GAL
v2_sha,3+,log_regulator,b4,24,1411.5,depleted,-561.2,1889364,same-group AN
class_size,2,max_isogeny_degree,9,0,1291.3,forbidden,-560.8,1311066,same-group GAL
v3_moddeg,7,log_odd_moddeg,b2,0,1290.5,forbidden,-560.4,1889364,same-group AN
two_adic_label,X34,n_nonsurj_primes,0,0,1290.0,forbidden,-560.2,1841734,same-group GAL
n_nonsplit_mult,4,n_additive,3,0,1289.8,forbidden,-560.1,1311066,same-group LOC
v2_torsion,3,two_adic_log_index,5,483,12.8,enriched,-558.4,1885114,same-group GAL
class_size,8,v2_tamagawa,1,71,1571.6,depleted,-557.5,1889364,family L: torsion/isogeny constrains local data (T4/T13/T17 type)
two_adic_label,X15,n_kod_IVs,1,0,1277.8,forbidden,-554.9,1841734,family L: torsion/isogeny constrains local data (T4/T13/T17 type)
two_adic_label,X19,n_kod_IVs,1,0,1277.8,forbidden,-554.9,1841734,family L: torsion/isogeny constrains local data (T4/T13/T17 type)
two_adic_label,X9,v2_tamagawa,0,0,1271.8,forbidden,-552.3,1841734,family L: torsion/isogeny constrains local data (T4/T13/T17 type)
two_adic_label,X10,v2_tamagawa,0,0,1271.8,forbidden,-552.3,1841734,family L: torsion/isogeny constrains local data (T4/T13/T17 type)
max_isogeny_degree,2,has_5_isog,1,0,1266.7,forbidden,-550.1,1311066,same-group GAL
max_isogeny_degree,8,n_kod_Ins,3+,896,89.4,enriched,-548.4,1889364,family L: torsion/isogeny constrains local data (T4/T13/T17 type)
max_isogeny_degree,1,is_cm,1,0,1256.4,forbidden,-545.6,1311066,same-group GAL
n_additive,1,n_kod_IV,2,0,1256.3,forbidden,-545.6,1889364,same-group LOC
class_size,1,is_cm,1,0,1256.4,forbidden,-545.6,1311066,same-group GAL
torsion_structure,[4],n_kod_IIs,1,0,1254.7,forbidden,-544.9,1889364,family L: torsion/isogeny constrains local data (T4/T13/T17 type)
v2_moddeg,1,n_kod_Ins,1,5,1284.9,depleted,-544.6,1889364,"family P: Dummigan, Caro-Pasten bounds on v2(moddeg) from multiplicative primes"
two_adic_label,X2,v2_torsion,1,0,1250.4,forbidden,-543.0,1841734,same-group GAL
has_2_isog,1,n_kod_IV,2,0,1246.4,forbidden,-541.3,1889364,family L: torsion/isogeny constrains local data (T4/T13/T17 type)
rank_c,3,n_intpts_x,1,0,1246.3,forbidden,-541.3,1889364,T15
two_adic_label,X2,n_nonsurj_primes,2,794,66.7,enriched,-540.1,1841734,same-group GAL
torsion_structure,[2],two_adic_label,X2,0,1240.9,forbidden,-538.9,1841734,same-group GAL
two_adic_label,X13f,max_isogeny_degree,3,0,1232.6,forbidden,-535.3,1841734,same-group GAL
two_adic_label,X8d,max_isogeny_degree,3,0,1232.6,forbidden,-535.3,1841734,same-group GAL
two_adic_label,X13d,max_isogeny_degree,3,0,1232.6,forbidden,-535.3,1841734,same-group GAL
two_adic_label,X13h,max_isogeny_degree,3,0,1232.6,forbidden,-535.3,1841734,same-group GAL
two_adic_label,X9d,max_isogeny_degree,1,0,1231.6,forbidden,-534.9,1841734,same-group GAL
two_adic_label,X10d,max_isogeny_degree,1,0,1231.6,forbidden,-534.9,1841734,same-group GAL
two_adic_label,X10d,class_size,1,0,1231.6,forbidden,-534.9,1841734,same-group GAL
two_adic_label,X9d,class_size,1,0,1231.6,forbidden,-534.9,1841734,same-group GAL
two_adic_label,X10d,n_nonsurj_primes,0,0,1226.1,forbidden,-532.5,1841734,same-group GAL
two_adic_label,X9d,n_nonsurj_primes,0,0,1226.1,forbidden,-532.5,1841734,same-group GAL
v3_moddeg,7,v3_tamagawa,4+,649,38.7,enriched,-531.5,1889364,"U1 (check Agashe-Ribet-Stein, Emerton: component groups and the congruence number)"
two_adic_label,X13h,has_3_isog,1,148,1730.3,depleted,-530.6,1841734,same-group GAL
two_adic_label,X8d,has_3_isog,1,148,1730.3,depleted,-530.6,1841734,same-group GAL
two_adic_label,X13f,has_3_isog,1,148,1730.3,depleted,-530.6,1841734,same-group GAL
two_adic_label,X13d,has_3_isog,1,148,1730.3,depleted,-530.6,1841734,same-group GAL
v2_sha,3+,log_omega,b7,15,1299.1,depleted,-529.6,1889364,same-group AN
n_kod_II,2,v2_tamagawa,4+,60,1467.7,depleted,-529.3,1889364,same-group LOC
n_split_mult,5+,v3_tamagawa,4+,544,22.5,enriched,-528.0,1889364,same-group LOC
v7_sha,2,log_odd_sha,b0,0,1215.8,forbidden,-528.0,1889364,same-group AN
two_adic_level,16,frac_even,b0,0,1213.8,forbidden,-527.2,1885114,T18/T5 (mod-l image fixes a_p mod l; c4=0 or c6=0 is CM)
two_adic_label,CM,n_split_mult,2,0,1212.2,forbidden,-526.5,1841734,family L: torsion/isogeny constrains local data (T4/T13/T17 type)
n_nonsurj_primes,0,max_isogeny_degree,7,0,1211.6,forbidden,-526.2,1889364,same-group GAL
n_kod_I0s,2,log_j_height,b7,78,1515.2,depleted,-525.0,1889364,T4 (local data and equation)
n_torsion_gens,2,v2_moddeg,3,94,1564.0,depleted,-525.0,1889364,"family E: Eisenstein congruence, rational torsion/isogeny divides the congruence number"
exceptional_image,1,v3_moddeg,0,86,1538.7,depleted,-524.5,1889364,"family E: Eisenstein congruence, rational torsion/isogeny divides the congruence number"
rank_c,2,v2_sha,3+,0,1206.0,forbidden,-523.8,1889364,C4
max_isogeny_degree,4,exceptional_image,1,0,1202.4,forbidden,-522.2,1889364,same-group GAL
n_intpts_x,9,mur_lo,b4,143,1693.6,depleted,-521.4,1889364,"C7 (trace summaries are rank proxies; Sha and integral points follow rank by C4, T15)"
max_isogeny_degree,6,frac_even,b0,0,1195.9,forbidden,-519.4,1311066,T18/T5 (mod-l image fixes a_p mod l; c4=0 or c6=0 is CM)
disc_sign,1,c4_sign,0,0,1194.5,forbidden,-518.8,1889364,I4
two_adic_label,CM,n_nonsplit_mult,2,0,1194.1,forbidden,-518.6,1841734,family L: torsion/isogeny constrains local data (T4/T13/T17 type)
two_adic_label,CM,n_kod_In,2,0,1192.2,forbidden,-517.8,1841734,family L: torsion/isogeny constrains local data (T4/T13/T17 type)
two_adic_log_index,5,frac_even,b0,0,1191.0,forbidden,-517.2,1885114,T18/T5 (mod-l image fixes a_p mod l; c4=0 or c6=0 is CM)
two_adic_level,16,frac_even,b1,4,1213.1,depleted,-515.9,1885114,T18/T5 (mod-l image fixes a_p mod l; c4=0 or c6=0 is CM)
class_size,1,c4_sign,0,0,1187.4,forbidden,-515.7,1889364,family L: torsion/isogeny constrains local data (T4/T13/T17 type)
max_isogeny_degree,1,c4_sign,0,0,1187.4,forbidden,-515.7,1889364,family L: torsion/isogeny constrains local data (T4/T13/T17 type)
two_adic_label,X16,n_kod_IV,1,0,1185.1,forbidden,-514.7,1841734,family L: torsion/isogeny constrains local data (T4/T13/T17 type)
two_adic_label,X17,n_kod_IV,1,0,1185.1,forbidden,-514.7,1841734,family L: torsion/isogeny constrains local data (T4/T13/T17 type)
is_cm,1,n_kod_In,2,0,1185.0,forbidden,-514.7,1889364,T10
n_torsion_gens,2,odd_torsion,3,86,1514.5,depleted,-514.6,1889364,same-group GAL
two_adic_label,X5,n_kod_In,0,604,33.3,enriched,-513.7,1841734,family L: torsion/isogeny constrains local data (T4/T13/T17 type)
two_adic_label,CM,n_additive,0,0,1181.5,forbidden,-513.1,1841734,family L: torsion/isogeny constrains local data (T4/T13/T17 type)
two_adic_label,X10d,disc_sign,1,0,1181.2,forbidden,-513.0,1841734,family L: torsion/isogeny constrains local data (T4/T13/T17 type)
n_intpts_x,9,st_mean,b4,147,1681.5,depleted,-512.3,1889364,"C7 (trace summaries are rank proxies; Sha and integral points follow rank by C4, T15)"
two_adic_label,X36,class_size,2,0,1178.9,forbidden,-512.0,1841734,same-group GAL
v2_sha,3+,nagao_1000,b0,54,1406.0,depleted,-512.0,1889364,"C7 (trace summaries are rank proxies; Sha and integral points follow rank by C4, T15)"
v2_sha,3+,st_mean,b0,51,1395.1,depleted,-511.7,1889364,"C7 (trace summaries are rank proxies; Sha and integral points follow rank by C4, T15)"
max_isogeny_degree,6,frac_even,b1,0,1178.1,forbidden,-511.6,1311066,T18/T5 (mod-l image fixes a_p mod l; c4=0 or c6=0 is CM)
torsion_structure,"[2,2]",v2_moddeg,3,91,1521.9,depleted,-511.5,1889364,"family E: Eisenstein congruence, rational torsion/isogeny divides the congruence number"
v7_moddeg,0,v7_tamagawa,2,0,1177.6,forbidden,-511.4,1889364,"U1 (check Agashe-Ribet-Stein, Emerton: component groups and the congruence number)"
n_intpts_x,9,nagao_1000,b4,146,1671.6,depleted,-509.5,1889364,"C7 (trace summaries are rank proxies; Sha and integral points follow rank by C4, T15)"
v2_moddeg,2,log_abs_c4,b7,171,1736.6,depleted,-509.3,1889364,family M: valuations track the size of moddeg (T12)
two_adic_label,X15,n_kod_II,1,0,1171.6,forbidden,-508.8,1841734,family L: torsion/isogeny constrains local data (T4/T13/T17 type)
two_adic_log_index,5,frac_even,b1,4,1196.3,depleted,-508.6,1885114,T18/T5 (mod-l image fixes a_p mod l; c4=0 or c6=0 is CM)
v3_moddeg,7,log_odd_moddeg,b0,0,1169.9,forbidden,-508.1,1889364,same-group AN
v2_moddeg,3,n_split_mult,4,0,1169.0,forbidden,-507.7,1889364,"family P: Dummigan, Caro-Pasten bounds on v2(moddeg) from multiplicative primes"
v2_moddeg,2,log_abs_disc,b7,168,1722.2,depleted,-506.7,1889364,family M: valuations track the size of moddeg (T12)
max_isogeny_degree,9,n_kod_IIIs,1,0,1164.7,forbidden,-505.8,1889364,family L: torsion/isogeny constrains local data (T4/T13/T17 type)
class_size,3,two_adic_log_index,3,0,1161.6,forbidden,-504.5,1885114,same-group GAL
two_adic_label,X2,n_torsion_gens,1,43,1348.3,depleted,-503.7,1841734,same-group GAL
max_isogeny_degree,9,n_kod_III,1,0,1155.1,forbidden,-501.7,1889364,family L: torsion/isogeny constrains local data (T4/T13/T17 type)
v3_sha,2,n_intpts_x,4,20,1253.6,depleted,-500.8,1889364,"U3 (likely via rank and period: T15, I1)"
has_5_isog,0,odd_torsion,5,0,1151.1,forbidden,-499.9,1889364,same-group GAL
two_adic_level,16,frac_even,b3,4,1173.1,depleted,-498.6,1885114,T18/T5 (mod-l image fixes a_p mod l; c4=0 or c6=0 is CM)
class_size,2,max_isogeny_degree,8,0,1144.7,forbidden,-497.1,1311066,same-group GAL
c4_sign,0,n_additive,1,6,1178.4,depleted,-496.2,1889364,T4 (local data and equation)
torsion_structure,[6],n_bad_primes,3,81,1449.6,depleted,-494.3,1889364,family L: torsion/isogeny constrains local data (T4/T13/T17 type)
v3_tamagawa,4+,log_odd_tamagawa,b1,0,1138.1,forbidden,-494.3,1889364,same-group LOC
two_adic_label,X13,max_isogeny_degree,6,0,1136.8,forbidden,-493.7,1841734,same-group GAL
two_adic_label,X8,max_isogeny_degree,12,670,48.9,enriched,-493.5,1841734,same-group GAL
n_kod_In,0,v7_tamagawa,1,0,1136.3,forbidden,-493.5,1889364,same-group LOC
two_adic_label,X8,class_size,8,670,48.9,enriched,-493.5,1841734,same-group GAL
two_adic_label,X33,class_size,1,0,1132.1,forbidden,-491.7,1841734,same-group GAL
two_adic_label,X33,max_isogeny_degree,1,0,1132.1,forbidden,-491.7,1841734,same-group GAL
two_adic_label,X33,n_nonsurj_primes,0,0,1126.9,forbidden,-489.4,1841734,same-group GAL
two_adic_level,16,frac_even,b2,4,1150.6,depleted,-488.8,1885114,T18/T5 (mod-l image fixes a_p mod l; c4=0 or c6=0 is CM)
torsion_structure,[6],n_kod_In,2,78,1427.1,depleted,-488.8,1889364,family L: torsion/isogeny constrains local data (T4/T13/T17 type)
n_split_mult,0,v3_tamagawa,4+,0,1125.1,forbidden,-488.6,1889364,same-group LOC
two_adic_label,X9,frac_zero,b6,97,1483.2,depleted,-488.5,1841734,T18/T5 (mod-l image fixes a_p mod l; c4=0 or c6=0 is CM)
two_adic_label,X10,frac_zero,b6,97,1483.2,depleted,-488.5,1841734,T18/T5 (mod-l image fixes a_p mod l; c4=0 or c6=0 is CM)
two_adic_level,4,has_5_isog,1,24,1240.6,depleted,-488.3,1885114,same-group GAL
two_adic_label,X25,is_opt,1,0,1121.4,forbidden,-487.0,1841734,I5/T8 (optimal vs non-optimal curves differ by the isogeny)
two_adic_log_index,5,frac_even,b2,4,1144.6,depleted,-486.2,1885114,T18/T5 (mod-l image fixes a_p mod l; c4=0 or c6=0 is CM)
n_kod_III,2,v2_tamagawa,1,0,1117.6,forbidden,-485.4,1889364,same-group LOC
two_adic_label,X7,n_additive,3,656,47.6,enriched,-485.1,1841734,family L: torsion/isogeny constrains local data (T4/T13/T17 type)
torsion_structure,[5],has_5_isog,0,0,1115.8,forbidden,-484.6,1889364,same-group GAL
class_size,6,bad_at_3,0,121,1538.6,depleted,-483.5,1311066,family L: torsion/isogeny constrains local data (T4/T13/T17 type)
v2_torsion,1,n_kod_IV,2,0,1112.9,forbidden,-483.3,1889364,family L: torsion/isogeny constrains local data (T4/T13/T17 type)
max_isogeny_degree,6,frac_even,b3,0,1110.3,forbidden,-482.2,1311066,T18/T5 (mod-l image fixes a_p mod l; c4=0 or c6=0 is CM)
v3_moddeg,0,n_kod_Ins,3+,0,1109.2,forbidden,-481.7,1889364,family M: valuations track the size of moddeg (T12)
max_isogeny_degree,9,two_adic_log_index,3,0,1107.8,forbidden,-481.1,1885114,same-group GAL
torsion_structure,[2],n_kod_IV,2,0,1105.5,forbidden,-480.1,1889364,family L: torsion/isogeny constrains local data (T4/T13/T17 type)
max_isogeny_degree,7,v2_torsion,1,0,1099.0,forbidden,-477.3,1889364,same-group GAL
v5_moddeg,3,v5_tamagawa,3,433,13.1,enriched,-476.9,1889364,"U1 (check Agashe-Ribet-Stein, Emerton: component groups and the congruence number)"
two_adic_log_index,5,log_area,b7,155,1611.7,depleted,-476.5,1885114,family S: large isogeny degree forces special j and small models (T9/T10/T8)
n_bad_primes,1,n_kod_In,2,0,1096.5,forbidden,-476.2,1889364,same-group LOC
torsion_structure,[5],odd_torsion,1,0,1096.0,forbidden,-476.0,1889364,I
two_adic_log_index,5,frac_even,b3,12,1160.3,depleted,-475.8,1885114,T18/T5 (mod-l image fixes a_p mod l; c4=0 or c6=0 is CM)
v2_sha,2,n_intpts_x,7,26,1216.0,depleted,-474.5,1889364,"U3 (likely via rank and period: T15, I1)"
two_adic_label,X15,two_adic_log_index,3,0,1089.0,forbidden,-472.9,1837484,same-group GAL
two_adic_label,X19,two_adic_log_index,3,0,1089.0,forbidden,-472.9,1837484,same-group GAL
torsion_structure,[2],max_isogeny_degree,7,0,1088.7,forbidden,-472.8,1889364,same-group GAL
two_adic_log_index,5,v2_tamagawa,0,1,1095.2,depleted,-472.6,1885114,family L: torsion/isogeny constrains local data (T4/T13/T17 type)
two_adic_log_index,4,v2_moddeg,4,82,1399.1,depleted,-472.3,1885114,"family E: Eisenstein congruence, rational torsion/isogeny divides the congruence number"
max_isogeny_degree,6,frac_even,b2,0,1087.2,forbidden,-472.2,1311066,T18/T5 (mod-l image fixes a_p mod l; c4=0 or c6=0 is CM)
v2_moddeg,0,n_bad_primes,1,406,10.7,enriched,-471.6,1889364,"family P: Dummigan, Caro-Pasten bounds on v2(moddeg) from multiplicative primes"
two_adic_level,16,v2_tamagawa,0,2,1096.1,depleted,-470.3,1885114,family L: torsion/isogeny constrains local data (T4/T13/T17 type)
two_adic_label,X16,n_kod_IIs,1,0,1082.4,forbidden,-470.1,1841734,family L: torsion/isogeny constrains local data (T4/T13/T17 type)
v5_tamagawa,3,log_odd_tamagawa,b3,696,59.3,enriched,-469.7,1889364,same-group LOC
v2_sha,3+,log_omega,b6,70,1352.0,depleted,-468.1,1889364,same-group AN
n_additive,4+,n_kod_Ins,3+,419,12.3,enriched,-467.8,1889364,same-group LOC
n_kod_IIIs,2,v2_tamagawa,1,0,1076.7,forbidden,-467.6,1889364,same-group LOC
two_adic_label,X10,log_abs_disc,b0,139,1547.0,depleted,-467.5,1841734,family L: torsion/isogeny constrains local data (T4/T13/T17 type)
two_adic_level,16,two_adic_log_index,2,0,1076.3,forbidden,-467.4,1885114,same-group GAL
n_additive,1,n_kod_IIs,2,0,1071.3,forbidden,-465.2,1889364,same-group LOC
two_adic_label,X7,n_kod_In,0,464,17.8,enriched,-464.7,1841734,family L: torsion/isogeny constrains local data (T4/T13/T17 type)
two_adic_label,X4,v3_moddeg,0,6,1105.5,depleted,-464.7,1841734,"family E: Eisenstein congruence, rational torsion/isogeny divides the congruence number"
has_5_isog,1,v5_sha,2,561,32.8,enriched,-464.2,1889364,U4 (partly C4: Selmer heuristics with torsion; Fisher for isogenies)
v3_moddeg,0,n_kod_IVs,2,0,1068.4,forbidden,-464.0,1889364,family M: valuations track the size of moddeg (T12)
max_isogeny_degree,10,v5_moddeg,3,536,28.6,enriched,-463.7,1889364,"family E: Eisenstein congruence, rational torsion/isogeny divides the congruence number"
max_isogeny_degree,4,v3_moddeg,7,80,1371.8,depleted,-463.7,1889364,"family E: Eisenstein congruence, rational torsion/isogeny divides the congruence number"
n_bad_primes,1,n_split_mult,2,0,1066.7,forbidden,-463.3,1311066,I2
two_adic_label,X5,has_2_isog,1,0,1066.1,forbidden,-463.0,1841734,same-group GAL
two_adic_label,X15,max_isogeny_degree,3,0,1066.1,forbidden,-463.0,1841734,same-group GAL
two_adic_label,X19,max_isogeny_degree,3,0,1066.1,forbidden,-463.0,1841734,same-group GAL
max_isogeny_degree,8,v2_moddeg,4,18,1154.1,depleted,-461.9,1889364,"family E: Eisenstein congruence, rational torsion/isogeny divides the congruence number"
has_2_isog,1,n_kod_IIs,2,0,1061.5,forbidden,-461.0,1889364,family L: torsion/isogeny constrains local data (T4/T13/T17 type)
odd_torsion,5,v5_tamagawa,0,1,1065.7,depleted,-459.8,1889364,family L: torsion/isogeny constrains local data (T4/T13/T17 type)
two_adic_label,X6,is_cm,1,0,1055.9,forbidden,-458.6,1841734,same-group GAL
class_size,3,max_isogeny_degree,2,0,1054.5,forbidden,-458.0,1311066,same-group GAL
n_bad_primes,1,n_nonsplit_mult,2,0,1054.5,forbidden,-458.0,1311066,I2
torsion_structure,[6],v3_moddeg,1,117,1463.4,depleted,-457.8,1889364,"family E: Eisenstein congruence, rational torsion/isogeny divides the congruence number"
exceptional_image,1,n_split_mult,3,19,1142.0,depleted,-454.9,1889364,family L: torsion/isogeny constrains local data (T4/T13/T17 type)
n_torsion_gens,2,max_isogeny_degree,6,0,1046.7,forbidden,-454.6,1889364,same-group GAL
class_size,8,n_kod_Ins,3+,496,23.4,enriched,-454.4,1889364,family L: torsion/isogeny constrains local data (T4/T13/T17 type)
two_adic_level,16,log_abs_c4,b0,147,1525.1,depleted,-450.6,1885114,family L: torsion/isogeny constrains local data (T4/T13/T17 type)
n_split_mult,2,n_nonsplit_mult,5+,0,1037.0,forbidden,-450.4,1311066,same-group LOC
v2_moddeg,2,n_kod_IIIs,1,69,1301.1,depleted,-448.4,1889364,"family P: Dummigan, Caro-Pasten bounds on v2(moddeg) from multiplicative primes"
max_isogeny_degree,5,two_adic_log_index,2,24,1142.8,depleted,-446.7,1885114,same-group GAL
two_adic_label,X13f,v2_moddeg,6,145,1509.9,depleted,-446.7,1841734,"family E: Eisenstein congruence, rational torsion/isogeny divides the congruence number"
has_5_isog,1,two_adic_log_index,3,0,1028.4,forbidden,-446.6,1885114,same-group GAL
two_adic_label,X34,class_size,2,0,1027.9,forbidden,-446.4,1841734,same-group GAL
two_adic_label,X13d,n_kod_IV,1,0,1027.1,forbidden,-446.1,1841734,family L: torsion/isogeny constrains local data (T4/T13/T17 type)
two_adic_label,X13h,n_kod_IV,1,0,1027.1,forbidden,-446.1,1841734,family L: torsion/isogeny constrains local data (T4/T13/T17 type)
two_adic_label,X13f,n_kod_IV,1,0,1027.1,forbidden,-446.1,1841734,family L: torsion/isogeny constrains local data (T4/T13/T17 type)
two_adic_label,X8d,n_kod_IV,1,0,1027.1,forbidden,-446.1,1841734,family L: torsion/isogeny constrains local data (T4/T13/T17 type)
torsion_structure,[5],v5_tamagawa,0,1,1032.5,depleted,-445.4,1889364,T13
n_torsion_gens,1,n_kod_IIs,2,0,1022.3,forbidden,-444.0,1889364,family L: torsion/isogeny constrains local data (T4/T13/T17 type)
v2_sha,3+,log_abs_c4,b0,73,1301.4,depleted,-443.5,1889364,"I1+T11 (large Sha needs a small period, hence large c4 and Delta)"
two_adic_label,X8,n_bad_primes,2,0,1020.6,forbidden,-443.2,1841734,family L: torsion/isogeny constrains local data (T4/T13/T17 type)
torsion_structure,"[2,2]",max_isogeny_degree,6,0,1020.4,forbidden,-443.1,1889364,same-group GAL
n_bad_primes,1,n_kod_Ins,1,67,1279.0,depleted,-441.9,1889364,same-group LOC
v2_moddeg,2,n_kod_III,1,70,1287.6,depleted,-441.6,1889364,"family P: Dummigan, Caro-Pasten bounds on v2(moddeg) from multiplicative primes"
has_3_isog,1,two_adic_log_index,5,0,1015.6,forbidden,-441.1,1885114,same-group GAL
class_size,6,v2_moddeg,4,54,1233.3,depleted,-440.1,1889364,"family E: Eisenstein congruence, rational torsion/isogeny divides the congruence number"
max_isogeny_degree,2,v3_moddeg,8+,106,1388.7,depleted,-440.0,1889364,"family E: Eisenstein congruence, rational torsion/isogeny divides the congruence number"
two_adic_level,16,has_3_isog,1,0,1011.8,forbidden,-439.4,1885114,same-group GAL
n_bad_primes,3,v3_tamagawa,4+,132,1448.0,depleted,-435.7,1889364,same-group LOC
n_bad_primes,1,v2_tamagawa,4+,0,1002.3,forbidden,-435.3,1889364,same-group LOC
two_adic_level,2,two_adic_label,X9c,0,1001.2,forbidden,-434.8,1837484,same-group GAL
two_adic_level,2,two_adic_label,X10a,0,1001.2,forbidden,-434.8,1837484,same-group GAL
two_adic_level,8,two_adic_label,X10,0,1000.6,forbidden,-434.6,1837484,same-group GAL
two_adic_level,8,two_adic_label,X9,0,1000.6,forbidden,-434.6,1837484,same-group GAL
two_adic_label,X4,n_bad_primes,5,146,1481.1,depleted,-434.4,1841734,family L: torsion/isogeny constrains local data (T4/T13/T17 type)
class_size,8,log_area,b7,46,1191.5,depleted,-433.7,1889364,family S: large isogeny degree forces special j and small models (T9/T10/T8)
torsion_structure,[6],bad_at_2,0,0,998.6,forbidden,-433.7,1889364,T17
c4_sign,0,n_nonsplit_mult,1,0,998.4,forbidden,-433.6,1889364,T4 (local data and equation)
two_adic_label,X9,n_kod_IVs,1,0,997.8,forbidden,-433.4,1841734,family L: torsion/isogeny constrains local data (T4/T13/T17 type)
two_adic_label,X13e,frac_even,b0,0,996.6,forbidden,-432.8,1841734,T18/T5 (mod-l image fixes a_p mod l; c4=0 or c6=0 is CM)
two_adic_label,X13c,frac_even,b0,0,996.6,forbidden,-432.8,1841734,T18/T5 (mod-l image fixes a_p mod l; c4=0 or c6=0 is CM)
two_adic_label,X13g,frac_even,b0,0,996.6,forbidden,-432.8,1841734,T18/T5 (mod-l image fixes a_p mod l; c4=0 or c6=0 is CM)
two_adic_label,X8c,frac_even,b0,0,996.6,forbidden,-432.8,1841734,T18/T5 (mod-l image fixes a_p mod l; c4=0 or c6=0 is CM)
v2_sha,3+,log_regulator,b2,0,994.2,forbidden,-431.8,1889364,same-group AN
torsion_structure,[6],n_split_mult,0,4,1018.6,depleted,-431.7,1889364,family L: torsion/isogeny constrains local data (T4/T13/T17 type)
c6_sign,0,n_additive,3,558,37.4,enriched,-430.9,1889364,T4 (local data and equation)
v2_sha,3+,log_area,b7,80,1289.2,depleted,-429.9,1889364,same-group AN
n_kod_Ins,2,v3_tamagawa,3,119,1393.0,depleted,-427.6,1889364,same-group LOC
v5_tamagawa,2,log_odd_tamagawa,b2,0,984.0,forbidden,-427.4,1889364,same-group LOC
v2_moddeg,1,v2_tamagawa,4+,1,990.9,depleted,-427.3,1889364,"U1 (check Agashe-Ribet-Stein, Emerton: component groups and the congruence number)"
two_adic_label,X9c,two_adic_log_index,1,0,981.5,forbidden,-426.3,1837484,same-group GAL
two_adic_label,X10a,two_adic_log_index,1,0,981.5,forbidden,-426.3,1837484,same-group GAL
two_adic_label,X13g,frac_even,b1,0,975.9,forbidden,-423.8,1841734,T18/T5 (mod-l image fixes a_p mod l; c4=0 or c6=0 is CM)
two_adic_label,X13e,frac_even,b1,0,975.9,forbidden,-423.8,1841734,T18/T5 (mod-l image fixes a_p mod l; c4=0 or c6=0 is CM)
two_adic_label,X8c,frac_even,b1,0,975.9,forbidden,-423.8,1841734,T18/T5 (mod-l image fixes a_p mod l; c4=0 or c6=0 is CM)
two_adic_label,X13c,frac_even,b1,0,975.9,forbidden,-423.8,1841734,T18/T5 (mod-l image fixes a_p mod l; c4=0 or c6=0 is CM)
two_adic_label,X36,bad_at_3,0,0,974.1,forbidden,-423.0,1841734,family L: torsion/isogeny constrains local data (T4/T13/T17 type)
two_adic_level,2,n_bad_primes,1,5,1003.1,depleted,-422.7,1885114,family L: torsion/isogeny constrains local data (T4/T13/T17 type)
max_isogeny_degree,6,frac_zero,b0,40,1141.9,depleted,-421.5,1311066,T18/T5 (mod-l image fixes a_p mod l; c4=0 or c6=0 is CM)
two_adic_label,X6,n_bad_primes,1,0,969.2,forbidden,-420.9,1841734,family L: torsion/isogeny constrains local data (T4/T13/T17 type)
odd_torsion,5,v5_moddeg,3,446,19.8,enriched,-420.3,1889364,"family E: Eisenstein congruence, rational torsion/isogeny divides the congruence number"
two_adic_label,X5,v2_torsion,1,0,967.2,forbidden,-420.0,1841734,same-group GAL
v3_moddeg,8+,v3_tamagawa,4+,415,15.6,enriched,-419.7,1889364,"U1 (check Agashe-Ribet-Stein, Emerton: component groups and the congruence number)"
c4_sign,0,n_split_mult,1,0,965.7,forbidden,-419.4,1889364,T4 (local data and equation)
v7_tamagawa,2,log_odd_tamagawa,b0,0,964.5,forbidden,-418.9,1889364,same-group LOC
two_adic_label,X36l,v2_torsion,0,0,963.8,forbidden,-418.6,1841734,same-group GAL
two_adic_label,X36l,has_2_isog,0,0,963.8,forbidden,-418.6,1841734,same-group GAL
two_adic_label,X36n,has_2_isog,0,0,963.8,forbidden,-418.6,1841734,same-group GAL
two_adic_label,X36n,v2_torsion,0,0,963.8,forbidden,-418.6,1841734,same-group GAL
n_kod_IIs,1,n_intpts_x,8,0,963.4,forbidden,-418.4,1889364,U3 (likely via model size: T15)
torsion_structure,"[2,4]",two_adic_log_index,5,374,10.9,enriched,-417.5,1885114,same-group GAL
two_adic_label,X9,n_kod_IIIs,1,0,960.9,forbidden,-417.3,1841734,family L: torsion/isogeny constrains local data (T4/T13/T17 type)
torsion_structure,[2],two_adic_label,X5,0,960.2,forbidden,-417.0,1841734,same-group GAL
two_adic_label,X8c,v2_tamagawa,3,132,1400.5,depleted,-417.0,1841734,family L: torsion/isogeny constrains local data (T4/T13/T17 type)
two_adic_label,X44,is_opt,1,0,957.1,forbidden,-415.7,1841734,I5/T8 (optimal vs non-optimal curves differ by the isogeny)
v2_moddeg,3,n_nonsplit_mult,4,0,954.2,forbidden,-414.4,1889364,"family P: Dummigan, Caro-Pasten bounds on v2(moddeg) from multiplicative primes"
n_bad_primes,3,n_nonsplit_mult,5+,0,953.7,forbidden,-414.2,1311066,I2
torsion_structure,[5],v5_moddeg,3,438,19.3,enriched,-414.0,1889364,"family E: Eisenstein congruence, rational torsion/isogeny divides the congruence number"
class_size,6,max_isogeny_degree,2,0,951.2,forbidden,-413.1,1311066,same-group GAL
max_isogeny_degree,1,has_7_isog,1,0,951.0,forbidden,-413.0,1311066,same-group GAL
class_size,1,has_7_isog,1,0,951.0,forbidden,-413.0,1311066,same-group GAL
v2_torsion,1,n_kod_IIs,2,0,948.4,forbidden,-411.9,1889364,family L: torsion/isogeny constrains local data (T4/T13/T17 type)
n_torsion_gens,1,max_isogeny_degree,7,66,1200.1,depleted,-410.7,1889364,same-group GAL
two_adic_label,X36l,two_adic_log_index,0,0,944.2,forbidden,-410.0,1837484,same-group GAL
two_adic_level,1,two_adic_label,X36n,0,944.2,forbidden,-410.0,1837484,same-group GAL
two_adic_level,1,two_adic_label,X36l,0,944.2,forbidden,-410.0,1837484,same-group GAL
two_adic_label,X36n,two_adic_log_index,0,0,944.2,forbidden,-410.0,1837484,same-group GAL
n_intpts_x,5,log_odd_sha,b1,5,972.2,depleted,-409.4,1889364,"U3 (likely via rank and period: T15, I1)"
two_adic_label,X4,frac_even,b0,0,942.4,forbidden,-409.3,1841734,T18/T5 (mod-l image fixes a_p mod l; c4=0 or c6=0 is CM)
torsion_structure,[2],n_kod_IIs,2,0,942.2,forbidden,-409.2,1889364,family L: torsion/isogeny constrains local data (T4/T13/T17 type)
class_size,4,n_kod_IVs,2,0,940.8,forbidden,-408.6,1889364,family L: torsion/isogeny constrains local data (T4/T13/T17 type)
v7_moddeg,3,log_odd_moddeg,b1,0,940.4,forbidden,-408.4,1889364,same-group AN
two_adic_label,X36,max_isogeny_degree,2,0,937.9,forbidden,-407.3,1841734,same-group GAL
two_adic_label,X13h,n_kod_IIs,1,0,937.6,forbidden,-407.2,1841734,family L: torsion/isogeny constrains local data (T4/T13/T17 type)
two_adic_label,X2,max_isogeny_degree,2,0,937.5,forbidden,-407.2,1841734,same-group GAL
two_adic_label,X8d,n_kod_IIs,1,0,937.6,forbidden,-407.2,1841734,family L: torsion/isogeny constrains local data (T4/T13/T17 type)
class_size,8,log_omega,b7,56,1156.3,depleted,-405.5,1889364,family S: large isogeny degree forces special j and small models (T9/T10/T8)
is_cm,0,c6_sign,0,0,928.6,forbidden,-403.3,1889364,"T10 (CM: integral j, no multiplicative reduction)"
max_isogeny_degree,12,two_adic_log_index,1,0,925.8,forbidden,-402.1,1885114,same-group GAL
two_adic_label,X36n,n_torsion_gens,0,0,925.5,forbidden,-401.9,1841734,same-group GAL
torsion_structure,[],two_adic_label,X36l,0,925.5,forbidden,-401.9,1841734,same-group GAL
two_adic_label,X36l,n_torsion_gens,0,0,925.5,forbidden,-401.9,1841734,same-group GAL
torsion_structure,[],two_adic_label,X36n,0,925.5,forbidden,-401.9,1841734,same-group GAL
two_adic_label,X13e,frac_even,b3,0,924.4,forbidden,-401.5,1841734,T18/T5 (mod-l image fixes a_p mod l; c4=0 or c6=0 is CM)
two_adic_label,X13g,frac_even,b3,0,924.4,forbidden,-401.5,1841734,T18/T5 (mod-l image fixes a_p mod l; c4=0 or c6=0 is CM)
two_adic_label,X8c,frac_even,b3,0,924.4,forbidden,-401.5,1841734,T18/T5 (mod-l image fixes a_p mod l; c4=0 or c6=0 is CM)
two_adic_label,X13c,frac_even,b3,0,924.4,forbidden,-401.5,1841734,T18/T5 (mod-l image fixes a_p mod l; c4=0 or c6=0 is CM)
two_adic_label,X9d,n_intpts_x,0,0,924.2,forbidden,-401.4,1841734,T15 (torsion points are integral)
two_adic_label,X8,v2_moddeg,4,27,1047.1,depleted,-401.3,1841734,"family E: Eisenstein congruence, rational torsion/isogeny divides the congruence number"
two_adic_label,X8c,n_kod_I0s,1,0,919.6,forbidden,-399.4,1841734,family L: torsion/isogeny constrains local data (T4/T13/T17 type)
v3_moddeg,0,v3_tamagawa,4+,0,918.2,forbidden,-398.8,1889364,"U1 (check Agashe-Ribet-Stein, Emerton: component groups and the congruence number)"
n_split_mult,3,n_kod_Ins,3+,0,917.3,forbidden,-398.4,1889364,same-group LOC
has_7_isog,1,n_kod_In,0,624,59.4,enriched,-394.0,1889364,family L: torsion/isogeny constrains local data (T4/T13/T17 type)
class_size,8,log_abs_disc,b0,81,1201.9,depleted,-393.3,1889364,family L: torsion/isogeny constrains local data (T4/T13/T17 type)
two_adic_log_index,1,n_bad_primes,1,16,984.1,depleted,-392.8,1885114,family L: torsion/isogeny constrains local data (T4/T13/T17 type)
two_adic_level,8,max_isogeny_degree,5,52,1111.9,depleted,-392.4,1885114,same-group GAL
n_nonsurj_primes,2,max_isogeny_degree,15,368,12.2,enriched,-392.2,1889364,same-group GAL
two_adic_label,X13f,v2_moddeg,5,67,1157.7,depleted,-392.1,1841734,"family E: Eisenstein congruence, rational torsion/isogeny divides the congruence number"
two_adic_label,X25,v2_torsion,0,0,902.7,forbidden,-392.0,1841734,same-group GAL
two_adic_label,X25,has_2_isog,0,0,902.7,forbidden,-392.0,1841734,same-group GAL
two_adic_label,X33,class_size,2,0,902.1,forbidden,-391.8,1841734,same-group GAL
max_isogeny_degree,10,v2_torsion,0,0,901.2,forbidden,-391.4,1889364,same-group GAL
two_adic_label,X6,class_size,8,0,900.3,forbidden,-391.0,1841734,same-group GAL
two_adic_label,X6,max_isogeny_degree,12,0,900.3,forbidden,-391.0,1841734,same-group GAL
n_kod_Ins,3+,log_abs_disc,b2,1,906.1,depleted,-390.6,1889364,T4 (local data and equation)
n_nonsurj_primes,1,max_isogeny_degree,10,0,899.0,forbidden,-390.4,1889364,same-group GAL
two_adic_label,X19,n_kod_IV,1,0,896.2,forbidden,-389.2,1841734,family L: torsion/isogeny constrains local data (T4/T13/T17 type)
two_adic_label,X15,n_kod_IV,1,0,896.2,forbidden,-389.2,1841734,family L: torsion/isogeny constrains local data (T4/T13/T17 type)
v5_tamagawa,2,log_j_height,b0,20,991.7,depleted,-389.1,1889364,T4 (local data and equation)
n_kod_Ins,3+,log_area,b5,2,907.6,depleted,-388.6,1889364,"T11 (area is the covolume, a function of c4, c6)"
class_size,1,max_isogeny_degree,7,0,892.4,forbidden,-387.6,1311066,same-group GAL
v2_moddeg,2,n_kod_Ins,2,0,891.2,forbidden,-387.0,1889364,"family P: Dummigan, Caro-Pasten bounds on v2(moddeg) from multiplicative primes"
v5_moddeg,4,log_odd_moddeg,b1,0,890.9,forbidden,-386.9,1889364,same-group AN
max_isogeny_degree,6,v2_moddeg,4,106,1255.3,depleted,-386.8,1889364,"family E: Eisenstein congruence, rational torsion/isogeny divides the congruence number"
n_kod_Ins,3+,log_area,b6,0,886.9,forbidden,-385.2,1889364,"T11 (area is the covolume, a function of c4, c6)"
two_adic_level,1,two_adic_label,X25,0,886.4,forbidden,-385.0,1837484,same-group GAL
two_adic_label,X25,two_adic_log_index,0,0,886.4,forbidden,-385.0,1837484,same-group GAL
torsion_structure,[4],n_torsion_gens,2,0,885.5,forbidden,-384.6,1889364,I
n_kod_Ins,3+,log_abs_disc,b1,0,885.0,forbidden,-384.3,1889364,T4 (local data and equation)
n_split_mult,5+,n_nonsplit_mult,2,0,884.1,forbidden,-384.0,1311066,same-group LOC
two_adic_label,X13g,frac_even,b2,0,883.4,forbidden,-383.6,1841734,T18/T5 (mod-l image fixes a_p mod l; c4=0 or c6=0 is CM)
two_adic_label,X13e,frac_even,b2,0,883.4,forbidden,-383.6,1841734,T18/T5 (mod-l image fixes a_p mod l; c4=0 or c6=0 is CM)
two_adic_label,X13c,frac_even,b2,0,883.4,forbidden,-383.6,1841734,T18/T5 (mod-l image fixes a_p mod l; c4=0 or c6=0 is CM)
two_adic_label,X8c,frac_even,b2,0,883.4,forbidden,-383.6,1841734,T18/T5 (mod-l image fixes a_p mod l; c4=0 or c6=0 is CM)
two_adic_label,X13g,log_omega,b7,30,1014.5,depleted,-382.8,1841734,family S: large isogeny degree forces special j and small models (T9/T10/T8)
two_adic_level,1,max_isogeny_degree,10,0,878.9,forbidden,-381.7,1885114,same-group GAL
max_isogeny_degree,10,two_adic_log_index,0,0,878.9,forbidden,-381.7,1885114,same-group GAL
v3_sha,3+,log_odd_sha,b1,302,6.3,enriched,-380.9,1889364,same-group AN
n_kod_Ins,3+,log_omega,b6,2,887.8,depleted,-380.0,1889364,"T4+T11 (reduction types fix v_p(Delta), hence the period)"
two_adic_label,X25,n_torsion_gens,0,0,872.4,forbidden,-378.9,1841734,same-group GAL
torsion_structure,[],two_adic_label,X25,0,872.4,forbidden,-378.9,1841734,same-group GAL
two_adic_label,X25,disc_sign,-1,0,871.6,forbidden,-378.5,1841734,family L: torsion/isogeny constrains local data (T4/T13/T17 type)
two_adic_level,4,max_isogeny_degree,5,24,980.6,depleted,-377.9,1885114,same-group GAL
n_bad_primes,1,n_additive,2,0,869.3,forbidden,-377.6,1311066,I2
two_adic_label,X6,two_adic_log_index,4,0,867.4,forbidden,-376.7,1837484,same-group GAL
two_adic_level,2,max_isogeny_degree,16,0,867.2,forbidden,-376.6,1885114,same-group GAL
n_nonsplit_mult,5+,n_additive,2,0,864.8,forbidden,-375.6,1311066,same-group LOC
n_torsion_gens,0,max_isogeny_degree,10,0,861.7,forbidden,-374.2,1889364,same-group GAL
torsion_structure,[],max_isogeny_degree,10,0,861.7,forbidden,-374.2,1889364,same-group GAL
v5_moddeg,4,log_odd_moddeg,b3,0,860.3,forbidden,-373.6,1889364,same-group AN
n_nonsplit_mult,3,n_kod_Ins,3+,0,859.4,forbidden,-373.2,1889364,same-group LOC
torsion_structure,"[2,4]",is_opt,1,3,877.4,depleted,-373.0,1889364,T8
two_adic_level,2,two_adic_label,X36,0,857.3,forbidden,-372.3,1837484,same-group GAL
c4_sign,0,n_kod_Ins,1,0,853.5,forbidden,-370.7,1889364,T4 (local data and equation)
max_isogeny_degree,16,two_adic_log_index,1,0,853.1,forbidden,-370.5,1885114,same-group GAL
class_size,8,log_abs_c4,b0,85,1155.5,depleted,-369.9,1889364,family L: torsion/isogeny constrains local data (T4/T13/T17 type)
two_adic_label,X2,n_additive,0,0,850.7,forbidden,-369.4,1841734,family L: torsion/isogeny constrains local data (T4/T13/T17 type)
class_size,3,n_kod_IIIs,1,108,1215.8,depleted,-369.0,1889364,family L: torsion/isogeny constrains local data (T4/T13/T17 type)
two_adic_label,X3,n_bad_primes,5,54,1060.1,depleted,-368.4,1841734,family L: torsion/isogeny constrains local data (T4/T13/T17 type)
two_adic_label,X1,max_isogeny_degree,10,0,847.5,forbidden,-368.1,1841734,same-group GAL
exceptional_image,1,n_nonsplit_mult,3,55,1061.1,depleted,-367.5,1889364,family L: torsion/isogeny constrains local data (T4/T13/T17 type)
max_isogeny_degree,12,v3_moddeg,1,56,1061.5,depleted,-366.4,1889364,"family E: Eisenstein congruence, rational torsion/isogeny divides the congruence number"
n_kod_IVs,2,log_odd_moddeg,b0,1,848.4,depleted,-365.5,1889364,family M: valuations track the size of moddeg (T12)
class_size,3,n_kod_III,1,108,1205.6,depleted,-364.9,1889364,family L: torsion/isogeny constrains local data (T4/T13/T17 type)
two_adic_label,X36,n_additive,0,0,838.7,forbidden,-364.2,1841734,family L: torsion/isogeny constrains local data (T4/T13/T17 type)
two_adic_label,X48,is_opt,1,0,837.7,forbidden,-363.8,1841734,I5/T8 (optimal vs non-optimal curves differ by the isogeny)
two_adic_label,X36,two_adic_log_index,1,0,837.0,forbidden,-363.5,1837484,same-group GAL
n_kod_Ins,3+,log_omega,b7,0,833.3,forbidden,-361.9,1889364,"T4+T11 (reduction types fix v_p(Delta), hence the period)"
n_split_mult,4,n_kod_In,0,0,832.0,forbidden,-361.3,1889364,same-group LOC
max_isogeny_degree,4,n_kod_IVs,2,0,831.7,forbidden,-361.2,1889364,family L: torsion/isogeny constrains local data (T4/T13/T17 type)
v2_sha,2,n_intpts_x,8,9,879.9,depleted,-361.2,1889364,"U3 (likely via rank and period: T15, I1)"
v3_moddeg,0,n_kod_II,2,0,830.8,forbidden,-360.8,1889364,family M: valuations track the size of moddeg (T12)
two_adic_label,CM,n_bad_primes,5,0,830.3,forbidden,-360.6,1841734,family L: torsion/isogeny constrains local data (T4/T13/T17 type)
v5_tamagawa,2,log_abs_disc,b0,37,984.4,depleted,-359.9,1889364,T4 (local data and equation)
two_adic_label,X9,two_adic_log_index,3,0,828.8,forbidden,-359.9,1837484,same-group GAL
two_adic_label,X10,two_adic_log_index,3,0,828.8,forbidden,-359.9,1837484,same-group GAL
two_adic_label,X1,max_isogeny_degree,18,0,827.0,forbidden,-359.1,1841734,same-group GAL
torsion_structure,[6],n_split_mult,5+,370,15.4,enriched,-358.5,1889364,family L: torsion/isogeny constrains local data (T4/T13/T17 type)
two_adic_label,X9,max_isogeny_degree,3,0,823.6,forbidden,-357.7,1841734,same-group GAL
two_adic_label,X10,max_isogeny_degree,3,0,823.6,forbidden,-357.7,1841734,same-group GAL
n_kod_Ins,3+,log_area,b7,0,823.1,forbidden,-357.5,1889364,"T11 (area is the covolume, a function of c4, c6)"
n_intpts_x,10+,log_odd_sha,b1,0,822.4,forbidden,-357.2,1889364,"U3 (likely via rank and period: T15, I1)"
n_kod_Ins,3+,log_abs_disc,b0,0,821.1,forbidden,-356.6,1889364,T4 (local data and equation)
n_nonsurj_primes,1,max_isogeny_degree,18,0,820.8,forbidden,-356.5,1889364,same-group GAL
class_size,6,v7_tamagawa,1,66,1066.8,depleted,-356.2,1889364,family L: torsion/isogeny constrains local data (T4/T13/T17 type)
max_isogeny_degree,18,v2_torsion,0,0,819.4,forbidden,-355.9,1889364,same-group GAL
max_isogeny_degree,2,n_kod_IV,2,0,819.2,forbidden,-355.8,1889364,family L: torsion/isogeny constrains local data (T4/T13/T17 type)
two_adic_label,X15,n_kod_IIs,1,0,819.3,forbidden,-355.8,1841734,family L: torsion/isogeny constrains local data (T4/T13/T17 type)
two_adic_label,X4,max_isogeny_degree,4,0,818.8,forbidden,-355.6,1841734,same-group GAL
two_adic_level,16,n_kod_Ins,3+,467,32.2,enriched,-355.0,1885114,family L: torsion/isogeny constrains local data (T4/T13/T17 type)
two_adic_level,32,two_adic_log_index,6,294,7.0,enriched,-354.2,1885114,same-group GAL
two_adic_label,X17,v2_torsion,2,0,814.3,forbidden,-353.7,1841734,same-group GAL
two_adic_label,X16,v2_torsion,2,0,814.3,forbidden,-353.7,1841734,same-group GAL
has_2_isog,1,c4_sign,0,114,1192.1,depleted,-353.4,1889364,family L: torsion/isogeny constrains local data (T4/T13/T17 type)
two_adic_label,X8c,v2_tamagawa,0,0,813.7,forbidden,-353.4,1841734,family L: torsion/isogeny constrains local data (T4/T13/T17 type)
two_adic_label,X13c,v2_tamagawa,0,0,813.7,forbidden,-353.4,1841734,family L: torsion/isogeny constrains local data (T4/T13/T17 type)
two_adic_label,X13e,v2_tamagawa,0,0,813.7,forbidden,-353.4,1841734,family L: torsion/isogeny constrains local data (T4/T13/T17 type)
two_adic_label,X13g,v2_tamagawa,0,0,813.7,forbidden,-353.4,1841734,family L: torsion/isogeny constrains local data (T4/T13/T17 type)
two_adic_level,16,log_odd_tamagawa,b2,104,1164.1,depleted,-352.7,1885114,family L: torsion/isogeny constrains local data (T4/T13/T17 type)
n_kod_IVs,2,log_abs_disc,b0,8,853.9,depleted,-352.0,1889364,T4 (local data and equation)
two_adic_label,X34,max_isogeny_degree,2,0,809.2,forbidden,-351.4,1841734,same-group GAL
c4_sign,0,bad_at_3,0,0,809.2,forbidden,-351.4,1889364,T4 (local data and equation)
n_bad_primes,1,v3_tamagawa,1,12,869.9,depleted,-351.2,1889364,same-group LOC
two_adic_label,X8c,two_adic_log_index,2,0,807.5,forbidden,-350.7,1837484,same-group GAL
two_adic_label,X13c,two_adic_log_index,2,0,807.5,forbidden,-350.7,1837484,same-group GAL
two_adic_label,X13e,two_adic_log_index,2,0,807.5,forbidden,-350.7,1837484,same-group GAL
two_adic_label,X13g,two_adic_log_index,2,0,807.5,forbidden,-350.7,1837484,same-group GAL
max_isogeny_degree,12,has_3_isog,1,461,31.9,enriched,-350.2,1311066,same-group GAL
two_adic_label,X36n,max_isogeny_degree,1,0,804.2,forbidden,-349.3,1841734,same-group GAL
two_adic_label,X36n,class_size,1,0,804.2,forbidden,-349.3,1841734,same-group GAL
two_adic_label,X36l,max_isogeny_degree,1,0,804.2,forbidden,-349.3,1841734,same-group GAL
two_adic_label,X36l,class_size,1,0,804.2,forbidden,-349.3,1841734,same-group GAL
v7_moddeg,3,log_odd_moddeg,b2,0,803.6,forbidden,-349.0,1889364,same-group AN
n_bad_primes,3,n_split_mult,5+,0,803.1,forbidden,-348.8,1311066,I2
max_isogeny_degree,5,two_adic_log_index,3,0,802.6,forbidden,-348.6,1885114,same-group GAL
two_adic_label,X5,n_torsion_gens,1,64,1041.7,depleted,-348.4,1841734,same-group GAL
class_size,4,max_isogeny_degree,10,421,24.7,enriched,-348.2,1311066,same-group GAL
two_adic_label,X36l,n_nonsurj_primes,0,0,800.6,forbidden,-347.7,1841734,same-group GAL
two_adic_label,X36n,n_nonsurj_primes,0,0,800.6,forbidden,-347.7,1841734,same-group GAL
class_size,8,v2_tamagawa,0,2,813.0,depleted,-347.6,1889364,family L: torsion/isogeny constrains local data (T4/T13/T17 type)
max_isogeny_degree,18,two_adic_log_index,0,0,799.6,forbidden,-347.2,1885114,same-group GAL
two_adic_level,1,max_isogeny_degree,18,0,799.6,forbidden,-347.2,1885114,same-group GAL
odd_torsion,3,n_nonsplit_mult,4,44,974.6,depleted,-346.2,1889364,family L: torsion/isogeny constrains local data (T4/T13/T17 type)
n_split_mult,4,n_nonsplit_mult,4,0,795.4,forbidden,-345.4,1311066,same-group LOC
two_adic_label,X11,has_2_isog,0,0,795.1,forbidden,-345.3,1841734,same-group GAL
two_adic_label,X11,v2_torsion,0,0,795.1,forbidden,-345.3,1841734,same-group GAL
two_adic_level,16,two_adic_log_index,3,0,792.5,forbidden,-344.2,1885114,same-group GAL
two_adic_level,16,v2_sha,3+,541,51.2,enriched,-342.9,1885114,U4 (partly C4: Selmer heuristics with torsion; Fisher for isogenies)
two_adic_label,X32,v2_torsion,0,0,788.5,forbidden,-342.4,1841734,same-group GAL
two_adic_label,X32,has_2_isog,0,0,788.5,forbidden,-342.4,1841734,same-group GAL
n_kod_Ins,3+,log_abs_c4,b0,9,835.6,depleted,-342.2,1889364,T4 (local data and equation)
is_cm,1,n_additive,1,15,861.0,depleted,-342.0,1311066,T10
n_kod_Ins,3+,log_abs_c4,b2,28,908.8,depleted,-341.3,1889364,T4 (local data and equation)
torsion_structure,[4],two_adic_label,X13,0,785.6,forbidden,-341.2,1841734,same-group GAL
n_kod_Ins,3+,log_abs_disc,b3,32,922.4,depleted,-341.1,1889364,T4 (local data and equation)
n_kod_IVs,2,log_area,b7,14,854.3,depleted,-340.9,1889364,"T11 (area is the covolume, a function of c4, c6)"
torsion_structure,[],max_isogeny_degree,18,0,783.2,forbidden,-340.1,1889364,same-group GAL
n_torsion_gens,0,max_isogeny_degree,18,0,783.2,forbidden,-340.1,1889364,same-group GAL
torsion_structure,[6],v2_tamagawa,1,100,1120.8,depleted,-339.8,1889364,family L: torsion/isogeny constrains local data (T4/T13/T17 type)
two_adic_label,X11,two_adic_log_index,0,0,780.3,forbidden,-338.9,1837484,same-group GAL
two_adic_level,1,two_adic_label,X11,0,780.3,forbidden,-338.9,1837484,same-group GAL
two_adic_label,X13e,log_area,b7,67,1025.8,depleted,-338.3,1841734,family S: large isogeny degree forces special j and small models (T9/T10/T8)
two_adic_label,X13g,log_area,b7,67,1025.8,depleted,-338.3,1841734,family S: large isogeny degree forces special j and small models (T9/T10/T8)
has_2_isog,0,v2_torsion,3,0,777.1,forbidden,-337.5,1889364,same-group GAL
v5_tamagawa,2,log_area,b7,54,984.7,depleted,-337.4,1889364,"T11 (area is the covolume, a function of c4, c6)"
two_adic_label,X9c,c4_sign,-1,0,775.5,forbidden,-336.8,1841734,family L: torsion/isogeny constrains local data (T4/T13/T17 type)
v7_moddeg,3,v7_tamagawa,2,276,6.3,enriched,-336.7,1889364,"U1 (check Agashe-Ribet-Stein, Emerton: component groups and the congruence number)"
two_adic_level,1,two_adic_label,X32,0,774.1,forbidden,-336.2,1837484,same-group GAL
two_adic_label,X32,two_adic_log_index,0,0,774.1,forbidden,-336.2,1837484,same-group GAL
v7_moddeg,3,log_odd_moddeg,b0,0,773.3,forbidden,-335.8,1889364,same-group AN
two_adic_label,X4,two_adic_log_index,2,0,772.4,forbidden,-335.4,1837484,same-group GAL
class_size,3,v2_torsion,2,0,771.8,forbidden,-335.2,1889364,same-group GAL
v2_moddeg,1,v2_tamagawa,2,32,907.7,depleted,-335.0,1889364,"U1 (check Agashe-Ribet-Stein, Emerton: component groups and the congruence number)"
class_size,6,frac_even,b0,0,771.1,forbidden,-334.9,1311066,T18/T5 (mod-l image fixes a_p mod l; c4=0 or c6=0 is CM)
two_adic_label,X38,v2_torsion,0,0,770.2,forbidden,-334.5,1841734,same-group GAL
two_adic_label,X44,v2_torsion,0,0,770.2,forbidden,-334.5,1841734,same-group GAL
two_adic_label,X44,has_2_isog,0,0,770.2,forbidden,-334.5,1841734,same-group GAL
two_adic_label,X38,has_2_isog,0,0,770.2,forbidden,-334.5,1841734,same-group GAL
two_adic_label,X25,max_isogeny_degree,1,0,769.5,forbidden,-334.2,1841734,same-group GAL
two_adic_label,X25,class_size,1,0,769.5,forbidden,-334.2,1841734,same-group GAL
max_isogeny_degree,5,v5_sha,2,418,26.4,enriched,-333.2,1889364,U4 (partly C4: Selmer heuristics with torsion; Fisher for isogenies)
two_adic_label,X11,n_torsion_gens,0,0,767.2,forbidden,-333.2,1841734,same-group GAL
torsion_structure,[],two_adic_label,X11,0,767.2,forbidden,-333.2,1841734,same-group GAL
v3_sha,2,n_intpts_x,5,5,794.6,depleted,-332.7,1889364,"U3 (likely via rank and period: T15, I1)"
two_adic_label,X25,n_nonsurj_primes,0,0,766.1,forbidden,-332.7,1841734,same-group GAL
n_bad_primes,6+,n_additive,3,0,765.3,forbidden,-332.4,1311066,I2
v3_moddeg,1,n_kod_IV,2,0,765.2,forbidden,-332.3,1889364,family M: valuations track the size of moddeg (T12)
max_isogeny_degree,8,v7_tamagawa,1,66,1007.1,depleted,-331.9,1889364,family L: torsion/isogeny constrains local data (T4/T13/T17 type)
two_adic_label,X36,n_bad_primes,3,0,764.1,forbidden,-331.8,1841734,family L: torsion/isogeny constrains local data (T4/T13/T17 type)
two_adic_label,X32,disc_sign,-1,0,762.8,forbidden,-331.3,1841734,family L: torsion/isogeny constrains local data (T4/T13/T17 type)
two_adic_label,X32,n_torsion_gens,0,0,761.6,forbidden,-330.8,1841734,same-group GAL
torsion_structure,[],two_adic_label,X32,0,761.6,forbidden,-330.8,1841734,same-group GAL
class_size,6,frac_even,b1,0,761.5,forbidden,-330.7,1311066,T18/T5 (mod-l image fixes a_p mod l; c4=0 or c6=0 is CM)
v5_moddeg,4,log_odd_moddeg,b2,0,760.1,forbidden,-330.1,1889364,same-group AN
n_kod_Ins,3+,log_abs_c4,b1,29,885.0,depleted,-329.8,1889364,T4 (local data and equation)
max_isogeny_degree,10,v5_moddeg,0,56,971.4,depleted,-329.4,1889364,"family E: Eisenstein congruence, rational torsion/isogeny divides the congruence number"
max_isogeny_degree,2,c4_sign,0,0,757.6,forbidden,-329.0,1889364,family L: torsion/isogeny constrains local data (T4/T13/T17 type)
two_adic_level,1,v2_torsion,3,0,757.4,forbidden,-328.9,1885114,same-group GAL
v2_torsion,3,two_adic_log_index,0,0,757.4,forbidden,-328.9,1885114,same-group GAL
n_kod_Ins,3+,log_omega,b5,37,908.9,depleted,-328.4,1889364,"T4+T11 (reduction types fix v_p(Delta), hence the period)"
v2_moddeg,1,n_bad_primes,5,0,755.4,forbidden,-328.1,1889364,"family P: Dummigan, Caro-Pasten bounds on v2(moddeg) from multiplicative primes"
two_adic_label,X38,two_adic_log_index,0,0,755.3,forbidden,-328.0,1837484,same-group GAL
two_adic_level,1,two_adic_label,X38,0,755.3,forbidden,-328.0,1837484,same-group GAL
two_adic_label,X44,two_adic_log_index,0,0,755.3,forbidden,-328.0,1837484,same-group GAL
two_adic_level,1,two_adic_label,X44,0,755.3,forbidden,-328.0,1837484,same-group GAL
two_adic_label,X3,v3_moddeg,0,2,765.9,depleted,-327.2,1841734,"family E: Eisenstein congruence, rational torsion/isogeny divides the congruence number"
n_kod_Ins,3+,v2_tamagawa,0,0,752.9,forbidden,-327.0,1889364,same-group LOC
two_adic_label,X44,disc_sign,-1,0,752.7,forbidden,-326.9,1841734,family L: torsion/isogeny constrains local data (T4/T13/T17 type)
two_adic_label,X38,disc_sign,-1,0,752.7,forbidden,-326.9,1841734,family L: torsion/isogeny constrains local data (T4/T13/T17 type)
n_additive,4+,n_kod_In,2,0,751.8,forbidden,-326.5,1889364,same-group LOC
two_adic_label,X33,bad_at_3,0,0,746.3,forbidden,-324.1,1841734,family L: torsion/isogeny constrains local data (T4/T13/T17 type)
c4_sign,0,n_split_mult,2,0,745.8,forbidden,-323.9,1889364,T4 (local data and equation)
n_bad_primes,2,v3_tamagawa,3,47,930.2,depleted,-323.9,1889364,same-group LOC
n_split_mult,5+,n_additive,2,0,745.7,forbidden,-323.9,1311066,same-group LOC
is_cm,1,n_nonsplit_mult,1,0,743.3,forbidden,-322.8,1311066,T10
n_bad_primes,1,v2_tamagawa,2,36,891.4,depleted,-322.5,1889364,same-group LOC
torsion_structure,[],v2_torsion,3,0,742.1,forbidden,-322.3,1889364,I
n_torsion_gens,0,v2_torsion,3,0,742.1,forbidden,-322.3,1889364,same-group GAL
two_adic_label,X44,n_torsion_gens,0,0,741.5,forbidden,-322.0,1841734,same-group GAL
torsion_structure,[],two_adic_label,X44,0,741.5,forbidden,-322.0,1841734,same-group GAL
two_adic_label,X38,n_torsion_gens,0,0,741.5,forbidden,-322.0,1841734,same-group GAL
torsion_structure,[],two_adic_label,X38,0,741.5,forbidden,-322.0,1841734,same-group GAL
two_adic_label,X34,n_additive,0,0,740.0,forbidden,-321.4,1841734,family L: torsion/isogeny constrains local data (T4/T13/T17 type)
n_bad_primes,1,v2_tamagawa,3,0,738.6,forbidden,-320.8,1889364,same-group LOC
v2_moddeg,1,v2_tamagawa,3,1,744.8,depleted,-320.6,1889364,"U1 (check Agashe-Ribet-Stein, Emerton: component groups and the congruence number)"
n_kod_In,1,v5_tamagawa,2,29,862.9,depleted,-320.6,1889364,same-group LOC
n_nonsurj_primes,0,max_isogeny_degree,10,0,738.1,forbidden,-320.5,1889364,same-group GAL
max_isogeny_degree,12,v2_tamagawa,1,16,813.8,depleted,-320.2,1889364,family L: torsion/isogeny constrains local data (T4/T13/T17 type)
n_split_mult,5+,n_kod_I0s,1,41,902.1,depleted,-320.1,1889364,same-group LOC
v5_tamagawa,2,log_j_height,b1,74,1000.4,depleted,-320.0,1889364,T4 (local data and equation)
max_isogeny_degree,9,v2_torsion,2,0,736.0,forbidden,-319.7,1889364,same-group GAL
n_additive,0,n_kod_IV,2,0,735.9,forbidden,-319.6,1889364,same-group LOC
torsion_structure,[6],v3_moddeg,0,29,860.3,depleted,-319.5,1889364,"family E: Eisenstein congruence, rational torsion/isogeny divides the congruence number"
torsion_structure,[3],n_nonsplit_mult,4,28,857.0,depleted,-319.5,1889364,family L: torsion/isogeny constrains local data (T4/T13/T17 type)
two_adic_label,X4,frac_zero,b7,22,835.0,depleted,-319.4,1841734,T18/T5 (mod-l image fixes a_p mod l; c4=0 or c6=0 is CM)
two_adic_level,2,two_adic_label,X34,0,735.3,forbidden,-319.4,1837484,same-group GAL
two_adic_label,X6,has_7_isog,1,0,735.2,forbidden,-319.3,1841734,same-group GAL
v3_tamagawa,4+,log_odd_tamagawa,b2,0,734.7,forbidden,-319.1,1889364,same-group LOC
has_2_isog,1,n_bad_primes,1,92,1047.2,depleted,-319.0,1311066,family L: torsion/isogeny constrains local data (T4/T13/T17 type)
c4_sign,0,n_nonsplit_mult,2,0,734.1,forbidden,-318.8,1889364,T4 (local data and equation)
class_size,8,log_area,b6,60,957.2,depleted,-318.8,1889364,family S: large isogeny degree forces special j and small models (T9/T10/T8)
two_adic_level,16,log_odd_tamagawa,b3,13,797.9,depleted,-318.6,1885114,family L: torsion/isogeny constrains local data (T4/T13/T17 type)
v5_moddeg,4,log_odd_moddeg,b0,0,733.0,forbidden,-318.4,1889364,same-group AN
n_kod_IIs,1,n_intpts_x,9,0,732.7,forbidden,-318.2,1889364,U3 (likely via model size: T15)
is_cm,1,n_split_mult,1,0,731.6,forbidden,-317.7,1311066,T10
max_isogeny_degree,8,frac_even,b0,0,728.5,forbidden,-316.4,1311066,T18/T5 (mod-l image fixes a_p mod l; c4=0 or c6=0 is CM)
two_adic_label,X5,max_isogeny_degree,2,0,726.6,forbidden,-315.5,1841734,same-group GAL
v2_torsion,3,is_opt,1,69,974.2,depleted,-315.1,1889364,I5/T8 (optimal vs non-optimal curves differ by the isogeny)
class_size,8,log_regulator,b0,85,1016.8,depleted,-314.4,1889364,family S: large isogeny degree forces special j and small models (T9/T10/T8)
two_adic_label,X8c,log_abs_c4,b0,85,1016.2,depleted,-314.2,1841734,family L: torsion/isogeny constrains local data (T4/T13/T17 type)
c4_sign,0,n_kod_In,2,0,722.9,forbidden,-314.0,1889364,T4 (local data and equation)
v3_tamagawa,4+,log_abs_disc,b0,0,721.7,forbidden,-313.4,1889364,T4 (local data and equation)
odd_torsion,3,two_adic_log_index,4,1,726.7,depleted,-312.7,1885114,same-group GAL
two_adic_label,X7,n_kod_In,3+,0,719.5,forbidden,-312.5,1841734,family L: torsion/isogeny constrains local data (T4/T13/T17 type)
two_adic_label,X34,two_adic_log_index,1,0,719.6,forbidden,-312.5,1837484,same-group GAL
class_size,6,frac_even,b3,0,718.8,forbidden,-312.2,1311066,T18/T5 (mod-l image fixes a_p mod l; c4=0 or c6=0 is CM)
max_isogeny_degree,8,frac_even,b1,0,718.6,forbidden,-312.1,1311066,T18/T5 (mod-l image fixes a_p mod l; c4=0 or c6=0 is CM)
v3_tamagawa,4+,log_area,b7,1,722.4,depleted,-310.9,1889364,"T11 (area is the covolume, a function of c4, c6)"
two_adic_label,X13g,log_abs_disc,b0,92,1024.9,depleted,-310.2,1841734,family L: torsion/isogeny constrains local data (T4/T13/T17 type)
c4_sign,0,n_kod_IVs,2,289,9.4,enriched,-309.6,1889364,T4 (local data and equation)
two_adic_label,X13d,v2_torsion,2,0,712.1,forbidden,-309.3,1841734,same-group GAL
two_adic_label,X13f,v2_torsion,2,0,712.1,forbidden,-309.3,1841734,same-group GAL
n_nonsplit_mult,1,n_additive,4+,0,711.2,forbidden,-308.9,1311066,same-group LOC
two_adic_label,X13e,log_abs_disc,b0,94,1024.9,depleted,-308.2,1841734,family L: torsion/isogeny constrains local data (T4/T13/T17 type)
class_size,2,n_bad_primes,1,100,1040.5,depleted,-308.1,1311066,family L: torsion/isogeny constrains local data (T4/T13/T17 type)
two_adic_label,X33,max_isogeny_degree,2,0,708.7,forbidden,-307.8,1841734,same-group GAL
n_kod_I0s,1,n_kod_Ins,3+,71,961.4,depleted,-307.7,1889364,same-group LOC
v3_tamagawa,4+,log_odd_moddeg,b0,0,707.7,forbidden,-307.4,1889364,"U1 (check Agashe-Ribet-Stein, Emerton: component groups and the congruence number)"
odd_torsion,5,log_odd_tamagawa,b0,1,713.7,depleted,-307.1,1889364,family L: torsion/isogeny constrains local data (T4/T13/T17 type)
torsion_structure,"[2,4]",disc_sign,-1,0,706.9,forbidden,-307.0,1889364,T7
two_adic_label,X13e,log_abs_c4,b0,92,1016.2,depleted,-306.8,1841734,family L: torsion/isogeny constrains local data (T4/T13/T17 type)
c4_sign,0,n_additive,0,0,705.8,forbidden,-306.5,1889364,T4 (local data and equation)
class_size,6,frac_even,b2,0,705.4,forbidden,-306.3,1311066,T18/T5 (mod-l image fixes a_p mod l; c4=0 or c6=0 is CM)
n_split_mult,5+,n_kod_In,1,0,705.4,forbidden,-306.3,1889364,same-group LOC
two_adic_log_index,5,n_kod_IVs,1,18,788.9,depleted,-306.3,1885114,family L: torsion/isogeny constrains local data (T4/T13/T17 type)
two_adic_label,X6,n_kod_IV,2,0,705.1,forbidden,-306.2,1841734,family L: torsion/isogeny constrains local data (T4/T13/T17 type)
v5_tamagawa,2,log_odd_moddeg,b0,78,974.3,depleted,-305.1,1889364,"U1 (check Agashe-Ribet-Stein, Emerton: component groups and the congruence number)"
two_adic_label,X8c,log_abs_disc,b0,97,1024.9,depleted,-305.1,1841734,family L: torsion/isogeny constrains local data (T4/T13/T17 type)
v3_tamagawa,4+,log_omega,b7,4,725.5,depleted,-305.0,1889364,"T4+T11 (Tamagawa tracks v_p(Delta), hence the period)"
n_kod_Ins,3+,log_area,b4,60,922.5,depleted,-304.7,1889364,"T11 (area is the covolume, a function of c4, c6)"
two_adic_level,2,two_adic_label,X10d,0,701.4,forbidden,-304.6,1837484,same-group GAL
two_adic_level,2,two_adic_label,X9d,0,701.4,forbidden,-304.6,1837484,same-group GAL
n_split_mult,1,n_additive,4+,0,699.8,forbidden,-303.9,1311066,same-group LOC
torsion_structure,"[2,4]",has_2_isog,0,0,699.5,forbidden,-303.8,1889364,same-group GAL
torsion_structure,"[2,4]",v2_torsion,0,0,699.5,forbidden,-303.8,1889364,I
two_adic_label,X10,n_kod_IV,1,0,699.5,forbidden,-303.8,1841734,family L: torsion/isogeny constrains local data (T4/T13/T17 type)
max_isogeny_degree,2,n_kod_IIs,2,0,699.4,forbidden,-303.7,1889364,family L: torsion/isogeny constrains local data (T4/T13/T17 type)
two_adic_label,X13g,log_abs_c4,b0,95,1016.2,depleted,-303.7,1841734,family L: torsion/isogeny constrains local data (T4/T13/T17 type)
n_kod_Ins,3+,log_odd_moddeg,b7,98,1023.9,depleted,-303.6,1889364,family M: valuations track the size of moddeg (T12)
two_adic_label,X2,n_bad_primes,5,0,698.3,forbidden,-303.3,1841734,family L: torsion/isogeny constrains local data (T4/T13/T17 type)
two_adic_label,X16,max_isogeny_degree,18,366,21.4,enriched,-303.2,1841734,same-group GAL
two_adic_label,X17,max_isogeny_degree,18,366,21.4,enriched,-303.2,1841734,same-group GAL
v2_moddeg,7,n_kod_Ins,3+,0,696.1,forbidden,-302.3,1889364,"family P: Dummigan, Caro-Pasten bounds on v2(moddeg) from multiplicative primes"
n_split_mult,5+,log_j_height,b0,22,790.4,depleted,-300.6,1889364,T4 (local data and equation)
two_adic_label,X36,v2_tamagawa,1,0,691.3,forbidden,-300.2,1841734,family L: torsion/isogeny constrains local data (T4/T13/T17 type)
two_adic_label,X10d,two_adic_log_index,1,0,687.2,forbidden,-298.5,1837484,same-group GAL
two_adic_label,X9d,two_adic_log_index,1,0,687.2,forbidden,-298.5,1837484,same-group GAL
max_isogeny_degree,3,two_adic_log_index,5,0,687.2,forbidden,-298.4,1885114,same-group GAL
two_adic_label,X36n,v2_torsion,1,0,687.0,forbidden,-298.4,1841734,same-group GAL
two_adic_level,16,max_isogeny_degree,3,0,686.5,forbidden,-298.1,1885114,same-group GAL
two_adic_label,X13,n_kod_In,0,99,1011.8,depleted,-297.9,1841734,family L: torsion/isogeny constrains local data (T4/T13/T17 type)
two_adic_label,X2,n_kod_II,2,279,9.2,enriched,-297.3,1841734,family L: torsion/isogeny constrains local data (T4/T13/T17 type)
torsion_structure,[5],log_odd_tamagawa,b0,1,690.8,depleted,-297.2,1889364,family L: torsion/isogeny constrains local data (T4/T13/T17 type)
has_5_isog,1,v2_torsion,2,0,684.1,forbidden,-297.1,1889364,same-group GAL
n_nonsplit_mult,5+,log_j_height,b0,17,762.4,depleted,-296.7,1889364,T4 (local data and equation)
torsion_structure,"[2,4]",two_adic_log_index,0,0,682.2,forbidden,-296.3,1885114,same-group GAL
torsion_structure,"[2,4]",two_adic_level,1,0,682.2,forbidden,-296.3,1885114,same-group GAL
torsion_structure,[2],two_adic_label,X36n,0,680.7,forbidden,-295.6,1841734,same-group GAL
max_isogeny_degree,10,v5_moddeg,4,238,5.2,enriched,-295.5,1889364,"family E: Eisenstein congruence, rational torsion/isogeny divides the congruence number"
n_bad_primes,1,log_odd_tamagawa,b1,12,738.1,depleted,-294.8,1889364,same-group LOC
exceptional_image,1,n_kod_II,2,389,27.1,enriched,-294.7,1889364,family L: torsion/isogeny constrains local data (T4/T13/T17 type)
class_size,4,n_kod_II,2,10,729.2,depleted,-294.6,1889364,family L: torsion/isogeny constrains local data (T4/T13/T17 type)
n_nonsplit_mult,5+,n_kod_In,1,0,678.1,forbidden,-294.5,1889364,same-group LOC
max_isogeny_degree,8,frac_even,b3,0,678.0,forbidden,-294.4,1311066,T18/T5 (mod-l image fixes a_p mod l; c4=0 or c6=0 is CM)
has_2_isog,0,two_adic_log_index,6,0,675.4,forbidden,-293.3,1885114,same-group GAL
v2_torsion,0,two_adic_log_index,6,0,675.4,forbidden,-293.3,1885114,same-group GAL
n_nonsplit_mult,4,n_kod_In,0,0,675.2,forbidden,-293.2,1889364,same-group LOC
two_adic_label,X46,v2_torsion,0,0,674.3,forbidden,-292.8,1841734,same-group GAL
two_adic_label,X48,v2_torsion,0,0,674.3,forbidden,-292.8,1841734,same-group GAL
two_adic_label,X48,has_2_isog,0,0,674.3,forbidden,-292.8,1841734,same-group GAL
two_adic_label,X46,has_2_isog,0,0,674.3,forbidden,-292.8,1841734,same-group GAL
two_adic_label,X11,max_isogeny_degree,1,0,673.9,forbidden,-292.7,1841734,same-group GAL
two_adic_label,X11,class_size,1,0,673.9,forbidden,-292.7,1841734,same-group GAL
max_isogeny_degree,4,v3_tamagawa,4+,8,714.1,depleted,-291.9,1889364,family L: torsion/isogeny constrains local data (T4/T13/T17 type)
v3_sha,2,n_intpts_x,10+,0,672.0,forbidden,-291.8,1889364,"U3 (likely via rank and period: T15, I1)"
two_adic_label,X11,n_nonsurj_primes,0,0,670.9,forbidden,-291.4,1841734,same-group GAL
two_adic_label,X32,class_size,1,0,670.8,forbidden,-291.3,1841734,same-group GAL
two_adic_label,X32,max_isogeny_degree,1,0,670.8,forbidden,-291.3,1841734,same-group GAL
n_nonsurj_primes,0,max_isogeny_degree,18,0,670.7,forbidden,-291.3,1889364,same-group GAL
v2_moddeg,3,n_bad_primes,6+,0,670.6,forbidden,-291.2,1889364,"family P: Dummigan, Caro-Pasten bounds on v2(moddeg) from multiplicative primes"
two_adic_level,4,two_adic_label,X13g,0,670.2,forbidden,-291.1,1837484,same-group GAL
two_adic_level,4,two_adic_label,X8c,0,670.2,forbidden,-291.1,1837484,same-group GAL
two_adic_level,4,two_adic_label,X13c,0,670.2,forbidden,-291.1,1837484,same-group GAL
two_adic_level,4,two_adic_label,X13e,0,670.2,forbidden,-291.1,1837484,same-group GAL
torsion_structure,[6],log_j_height,b0,21,763.7,depleted,-290.8,1889364,family L: torsion/isogeny constrains local data (T4/T13/T17 type)
torsion_structure,"[2,4]",n_torsion_gens,0,0,669.0,forbidden,-290.5,1889364,I
two_adic_label,X3,frac_even,b0,0,667.8,forbidden,-290.0,1841734,T18/T5 (mod-l image fixes a_p mod l; c4=0 or c6=0 is CM)
two_adic_label,X32,n_nonsurj_primes,0,0,667.8,forbidden,-290.0,1841734,same-group GAL
two_adic_label,X25,n_torsion_gens,1,0,667.0,forbidden,-289.7,1841734,same-group GAL
n_nonsplit_mult,5+,n_kod_I0s,1,51,856.3,depleted,-288.5,1889364,same-group LOC
max_isogeny_degree,8,frac_even,b2,0,663.8,forbidden,-288.3,1311066,T18/T5 (mod-l image fixes a_p mod l; c4=0 or c6=0 is CM)
two_adic_level,2,two_adic_label,X5,0,662.4,forbidden,-287.7,1837484,same-group GAL
two_adic_label,X7,two_adic_log_index,0,0,662.4,forbidden,-287.7,1837484,same-group GAL
two_adic_level,1,two_adic_label,X7,0,662.4,forbidden,-287.7,1837484,same-group GAL
two_adic_log_index,5,log_odd_tamagawa,b3,30,786.7,depleted,-287.2,1885114,family L: torsion/isogeny constrains local data (T4/T13/T17 type)
two_adic_label,X46,two_adic_log_index,0,0,661.0,forbidden,-287.1,1837484,same-group GAL
two_adic_label,X48,two_adic_log_index,0,0,661.0,forbidden,-287.1,1837484,same-group GAL
two_adic_level,1,two_adic_label,X46,0,661.0,forbidden,-287.1,1837484,same-group GAL
two_adic_level,1,two_adic_label,X48,0,661.0,forbidden,-287.1,1837484,same-group GAL
two_adic_label,X46,disc_sign,-1,0,659.9,forbidden,-286.6,1841734,family L: torsion/isogeny constrains local data (T4/T13/T17 type)
torsion_structure,[6],max_isogeny_degree,4,0,657.5,forbidden,-285.5,1889364,same-group GAL
two_adic_label,X3,class_size,4,0,656.4,forbidden,-285.1,1841734,same-group GAL
two_adic_label,X5,n_additive,0,0,656.2,forbidden,-285.0,1841734,family L: torsion/isogeny constrains local data (T4/T13/T17 type)
v3_tamagawa,4+,log_abs_disc,b1,19,741.9,depleted,-284.7,1889364,T4 (local data and equation)
two_adic_label,X6,c4_sign,0,0,653.8,forbidden,-284.0,1841734,family L: torsion/isogeny constrains local data (T4/T13/T17 type)
two_adic_label,X2,c4_sign,-1,0,653.6,forbidden,-283.9,1841734,family L: torsion/isogeny constrains local data (T4/T13/T17 type)
class_size,8,log_abs_c4,b1,94,963.3,depleted,-283.9,1889364,family L: torsion/isogeny constrains local data (T4/T13/T17 type)
two_adic_level,1,two_adic_log_index,6,0,652.0,forbidden,-283.1,1885114,same-group GAL
class_size,8,log_abs_disc,b1,94,960.1,depleted,-282.7,1889364,family L: torsion/isogeny constrains local data (T4/T13/T17 type)
v2_sha,2,n_intpts_x,9,3,668.8,depleted,-282.7,1889364,"U3 (likely via rank and period: T15, I1)"
two_adic_label,X33,n_additive,0,0,650.7,forbidden,-282.6,1841734,family L: torsion/isogeny constrains local data (T4/T13/T17 type)
two_adic_label,X36l,class_size,2,0,650.0,forbidden,-282.3,1841734,same-group GAL
n_intpts_x,6,log_odd_sha,b1,2,662.4,depleted,-282.3,1889364,"U3 (likely via rank and period: T15, I1)"
two_adic_label,X36n,class_size,2,0,650.0,forbidden,-282.3,1841734,same-group GAL
torsion_structure,[],two_adic_label,X48,0,648.7,forbidden,-281.7,1841734,same-group GAL
two_adic_label,X46,n_torsion_gens,0,0,648.7,forbidden,-281.7,1841734,same-group GAL
torsion_structure,[],two_adic_label,X46,0,648.7,forbidden,-281.7,1841734,same-group GAL
two_adic_label,X48,n_torsion_gens,0,0,648.7,forbidden,-281.7,1841734,same-group GAL
two_adic_label,X38,class_size,1,0,647.9,forbidden,-281.4,1841734,same-group GAL
two_adic_label,X44,class_size,1,0,647.9,forbidden,-281.4,1841734,same-group GAL
two_adic_label,X38,max_isogeny_degree,1,0,647.9,forbidden,-281.4,1841734,same-group GAL
two_adic_label,X44,max_isogeny_degree,1,0,647.9,forbidden,-281.4,1841734,same-group GAL
two_adic_level,16,n_kod_IVs,1,38,798.1,depleted,-281.1,1885114,family L: torsion/isogeny constrains local data (T4/T13/T17 type)
class_size,4,n_kod_III,2,12,705.9,depleted,-281.0,1889364,family L: torsion/isogeny constrains local data (T4/T13/T17 type)
max_isogeny_degree,4,n_kod_II,2,0,646.0,forbidden,-280.6,1889364,family L: torsion/isogeny constrains local data (T4/T13/T17 type)
two_adic_label,X6,max_isogeny_degree,7,0,645.7,forbidden,-280.4,1841734,same-group GAL
two_adic_label,X44,n_nonsurj_primes,0,0,645.0,forbidden,-280.1,1841734,same-group GAL
two_adic_label,X38,n_nonsurj_primes,0,0,645.0,forbidden,-280.1,1841734,same-group GAL
two_adic_level,2,two_adic_label,X33,0,643.3,forbidden,-279.4,1837484,same-group GAL
two_adic_level,4,two_adic_label,X4,0,641.1,forbidden,-278.4,1837484,same-group GAL
n_kod_IVs,2,log_odd_moddeg,b1,94,948.6,depleted,-278.2,1889364,family M: valuations track the size of moddeg (T12)
two_adic_label,X10,n_kod_IIs,1,0,640.6,forbidden,-278.2,1841734,family L: torsion/isogeny constrains local data (T4/T13/T17 type)
two_adic_label,X9,n_kod_IIs,1,0,640.6,forbidden,-278.2,1841734,family L: torsion/isogeny constrains local data (T4/T13/T17 type)
class_size,8,has_2_isog,0,0,639.6,forbidden,-277.8,1311066,same-group GAL
class_size,1,v2_torsion,3,0,639.1,forbidden,-277.6,1889364,same-group GAL
max_isogeny_degree,1,v2_torsion,3,0,639.1,forbidden,-277.6,1889364,same-group GAL
v3_moddeg,8+,log_odd_moddeg,b5,0,636.6,forbidden,-276.5,1889364,same-group AN
n_nonsurj_primes,0,v2_torsion,3,0,636.0,forbidden,-276.2,1889364,same-group GAL
torsion_structure,[6],frac_even,b0,0,634.1,forbidden,-275.4,1889364,T5/T18
torsion_structure,[6],frac_even,b1,0,634.1,forbidden,-275.4,1889364,T5/T18
n_kod_IVs,2,log_omega,b7,63,855.9,depleted,-274.3,1889364,"T4+T11 (reduction types fix v_p(Delta), hence the period)"
two_adic_label,X33,two_adic_log_index,1,0,629.8,forbidden,-273.5,1837484,same-group GAL
n_torsion_gens,0,two_adic_log_index,6,0,628.5,forbidden,-273.0,1885114,same-group GAL
torsion_structure,[],two_adic_log_index,6,0,628.5,forbidden,-273.0,1885114,same-group GAL
two_adic_level,16,v2_moddeg,6,71,874.4,depleted,-272.8,1885114,"family E: Eisenstein congruence, rational torsion/isogeny divides the congruence number"
two_adic_label,X13c,n_kod_IVs,1,0,627.9,forbidden,-272.7,1841734,family L: torsion/isogeny constrains local data (T4/T13/T17 type)
two_adic_label,X8c,n_kod_IVs,1,0,627.9,forbidden,-272.7,1841734,family L: torsion/isogeny constrains local data (T4/T13/T17 type)
two_adic_label,X13e,n_kod_IVs,1,0,627.9,forbidden,-272.7,1841734,family L: torsion/isogeny constrains local data (T4/T13/T17 type)
two_adic_label,X13g,n_kod_IVs,1,0,627.9,forbidden,-272.7,1841734,family L: torsion/isogeny constrains local data (T4/T13/T17 type)
n_additive,0,n_kod_IIs,2,0,626.3,forbidden,-272.0,1889364,same-group LOC
v3_moddeg,8+,log_odd_moddeg,b4,0,625.7,forbidden,-271.7,1889364,same-group AN
max_isogeny_degree,4,n_kod_III,2,0,624.3,forbidden,-271.1,1889364,family L: torsion/isogeny constrains local data (T4/T13/T17 type)
n_additive,4+,bad_at_3,0,0,623.6,forbidden,-270.8,1311066,same-group LOC
two_adic_label,X25,v2_torsion,1,0,620.9,forbidden,-269.6,1841734,same-group GAL
class_size,4,n_kod_IIIs,2,12,677.8,depleted,-269.1,1889364,family L: torsion/isogeny constrains local data (T4/T13/T17 type)
v3_tamagawa,4+,log_abs_c4,b0,25,726.2,depleted,-269.1,1889364,T4 (local data and equation)
torsion_structure,[2],two_adic_label,X25,0,616.8,forbidden,-267.9,1841734,same-group GAL
torsion_structure,[6],frac_even,b3,0,616.3,forbidden,-267.7,1889364,T5/T18
v5_sha,2,log_regulator,b3,3,633.3,depleted,-267.4,1889364,same-group AN
two_adic_label,X15,v2_torsion,2,0,615.0,forbidden,-267.1,1841734,same-group GAL
two_adic_label,X19,v2_torsion,2,0,615.0,forbidden,-267.1,1841734,same-group GAL
torsion_structure,[3],two_adic_log_index,4,1,616.9,depleted,-265.1,1885114,same-group GAL
v3_tamagawa,4+,log_odd_moddeg,b2,13,671.7,depleted,-264.8,1889364,"U1 (check Agashe-Ribet-Stein, Emerton: component groups and the congruence number)"
two_adic_label,X13,class_size,3,0,608.6,forbidden,-264.3,1841734,same-group GAL
two_adic_log_index,5,log_odd_moddeg,b7,88,897.1,depleted,-264.0,1885114,"family E: Eisenstein congruence, rational torsion/isogeny divides the congruence number"
two_adic_label,X6,n_kod_IIs,2,0,607.0,forbidden,-263.6,1841734,family L: torsion/isogeny constrains local data (T4/T13/T17 type)
max_isogeny_degree,8,odd_torsion,3,0,606.1,forbidden,-263.2,1889364,same-group GAL
n_kod_IIIs,2,log_abs_disc,b0,0,605.9,forbidden,-263.1,1889364,T4 (local data and equation)
two_adic_label,X36n,n_intpts_x,0,0,604.9,forbidden,-262.7,1841734,T15 (torsion points are integral)
two_adic_level,32,two_adic_log_index,0,0,604.7,forbidden,-262.6,1885114,same-group GAL
torsion_structure,[6],frac_even,b2,0,604.4,forbidden,-262.5,1889364,T5/T18
two_adic_label,X13e,n_kod_IIIs,1,0,603.4,forbidden,-262.1,1841734,family L: torsion/isogeny constrains local data (T4/T13/T17 type)
two_adic_label,X13c,n_kod_IIIs,1,0,603.4,forbidden,-262.1,1841734,family L: torsion/isogeny constrains local data (T4/T13/T17 type)
two_adic_label,X13g,n_kod_IIIs,1,0,603.4,forbidden,-262.1,1841734,family L: torsion/isogeny constrains local data (T4/T13/T17 type)
two_adic_label,X13e,n_kod_III,1,0,601.3,forbidden,-261.1,1841734,family L: torsion/isogeny constrains local data (T4/T13/T17 type)
two_adic_label,X13g,n_kod_III,1,0,601.3,forbidden,-261.1,1841734,family L: torsion/isogeny constrains local data (T4/T13/T17 type)
two_adic_label,X13c,n_kod_III,1,0,601.3,forbidden,-261.1,1841734,family L: torsion/isogeny constrains local data (T4/T13/T17 type)
max_isogeny_degree,4,n_kod_IIIs,2,0,600.1,forbidden,-260.6,1889364,family L: torsion/isogeny constrains local data (T4/T13/T17 type)
two_adic_label,X17,n_torsion_gens,2,0,599.3,forbidden,-260.3,1841734,same-group GAL
two_adic_label,X16,n_torsion_gens,2,0,599.3,forbidden,-260.3,1841734,same-group GAL
torsion_structure,"[2,2]",two_adic_label,X16,0,598.2,forbidden,-259.8,1841734,same-group GAL
torsion_structure,"[2,2]",two_adic_label,X17,0,598.2,forbidden,-259.8,1841734,same-group GAL
two_adic_label,X13f,v2_moddeg,4,47,774.0,depleted,-259.8,1841734,"family E: Eisenstein congruence, rational torsion/isogeny divides the congruence number"
n_kod_IV,2,v2_tamagawa,4+,40,751.1,depleted,-259.1,1889364,same-group LOC
v5_sha,2,log_omega,b7,0,595.8,forbidden,-258.8,1889364,same-group AN
n_torsion_gens,0,odd_torsion,5,0,595.3,forbidden,-258.5,1889364,same-group GAL
torsion_structure,[],odd_torsion,5,0,595.3,forbidden,-258.5,1889364,I
odd_torsion,5,v5_moddeg,0,17,672.2,depleted,-258.4,1889364,"family E: Eisenstein congruence, rational torsion/isogeny divides the congruence number"
n_nonsurj_primes,2,max_isogeny_degree,8,0,594.0,forbidden,-258.0,1889364,same-group GAL
c4_sign,0,n_kod_II,2,234,7.2,enriched,-256.9,1889364,T4 (local data and equation)
n_kod_Ins,3+,log_odd_tamagawa,b3,11,644.0,depleted,-256.4,1889364,same-group LOC
root_number,-1,v7_sha,2,7,627.0,depleted,-256.4,1889364,same-group AN
max_isogeny_degree,8,v2_moddeg,3,12,647.3,depleted,-256.1,1889364,"family E: Eisenstein congruence, rational torsion/isogeny divides the congruence number"
two_adic_label,X25,class_size,2,0,589.4,forbidden,-256.0,1841734,same-group GAL
n_kod_IIIs,2,log_area,b7,3,606.5,depleted,-255.8,1889364,"T11 (area is the covolume, a function of c4, c6)"
rank_c,1,v7_sha,2,7,624.1,depleted,-255.2,1889364,same-group AN
v3_moddeg,8+,log_odd_moddeg,b3,0,587.6,forbidden,-255.2,1889364,same-group AN
class_size,8,n_kod_IVs,1,0,587.6,forbidden,-255.2,1889364,family L: torsion/isogeny constrains local data (T4/T13/T17 type)
two_adic_label,X38,n_torsion_gens,1,0,585.9,forbidden,-254.5,1841734,same-group GAL
torsion_structure,[6],log_area,b7,74,836.2,depleted,-254.4,1889364,family S: large isogeny degree forces special j and small models (T9/T10/T8)
max_isogeny_degree,12,n_kod_Ins,3+,272,12.3,enriched,-254.2,1889364,family L: torsion/isogeny constrains local data (T4/T13/T17 type)
two_adic_label,X3,frac_zero,b7,0,584.8,forbidden,-254.0,1841734,T18/T5 (mod-l image fixes a_p mod l; c4=0 or c6=0 is CM)
torsion_structure,[2],v2_torsion,3,0,584.7,forbidden,-253.9,1889364,I
two_adic_log_index,4,v2_moddeg,3,57,787.9,depleted,-253.7,1885114,"family E: Eisenstein congruence, rational torsion/isogeny divides the congruence number"
two_adic_label,X13,max_isogeny_degree,9,0,583.5,forbidden,-253.4,1841734,same-group GAL
max_isogeny_degree,12,v3_moddeg,0,8,624.0,depleted,-253.3,1889364,"family E: Eisenstein congruence, rational torsion/isogeny divides the congruence number"
torsion_structure,"[2,4]",n_torsion_gens,1,0,582.4,forbidden,-252.9,1889364,I
rank_c,3,log_abs_disc,b7,3,599.5,depleted,-252.8,1889364,C5/C8 (rank and height)
v5_sha,2,log_regulator,b0,5,609.2,depleted,-252.7,1889364,same-group AN
torsion_structure,[6],log_abs_c4,b0,67,812.7,depleted,-252.5,1889364,family L: torsion/isogeny constrains local data (T4/T13/T17 type)
rank_c,3,log_area,b0,3,598.6,depleted,-252.4,1889364,same-group AN
v5_sha,2,log_omega,b6,7,617.5,depleted,-252.3,1889364,same-group AN
torsion_structure,[6],n_kod_In,1,8,621.6,depleted,-252.2,1889364,family L: torsion/isogeny constrains local data (T4/T13/T17 type)
two_adic_label,X36l,v2_sha,3+,241,8.4,enriched,-252.0,1841734,U4 (partly C4: Selmer heuristics with torsion; Fisher for isogenies)
is_cm,1,n_kod_IVs,2,289,15.2,enriched,-252.0,1889364,"T10 (CM: integral j, no multiplicative reduction)"
n_split_mult,5+,log_j_height,b1,75,832.2,depleted,-251.8,1889364,T4 (local data and equation)
n_kod_I0s,2,n_kod_Ins,2,35,717.9,depleted,-251.8,1889364,same-group LOC
v2_moddeg,6,n_kod_Ins,3+,0,578.8,forbidden,-251.4,1889364,"family P: Dummigan, Caro-Pasten bounds on v2(moddeg) from multiplicative primes"
c4_sign,0,v2_tamagawa,4+,22,673.5,depleted,-251.3,1889364,T4 (local data and equation)
torsion_structure,[5],n_torsion_gens,0,0,578.5,forbidden,-251.3,1889364,I
class_size,8,n_kod_IIIs,1,0,578.2,forbidden,-251.1,1889364,family L: torsion/isogeny constrains local data (T4/T13/T17 type)
class_size,8,max_isogeny_degree,1,0,577.7,forbidden,-250.9,1311066,same-group GAL
torsion_structure,"[2,4]",class_size,1,0,577.2,forbidden,-250.7,1889364,same-group GAL
torsion_structure,"[2,4]",max_isogeny_degree,1,0,577.2,forbidden,-250.7,1889364,same-group GAL
rank_c,3,n_intpts_x,2,0,575.8,forbidden,-250.1,1889364,T15
two_adic_label,X8c,n_kod_II,1,0,575.4,forbidden,-249.9,1841734,family L: torsion/isogeny constrains local data (T4/T13/T17 type)
two_adic_label,X13c,n_kod_II,1,0,575.4,forbidden,-249.9,1841734,family L: torsion/isogeny constrains local data (T4/T13/T17 type)
two_adic_label,CM,n_kod_IVs,2,289,15.6,enriched,-249.6,1841734,family L: torsion/isogeny constrains local data (T4/T13/T17 type)
torsion_structure,"[2,4]",n_nonsurj_primes,0,0,574.4,forbidden,-249.4,1889364,same-group GAL
torsion_structure,[5],v5_moddeg,0,17,649.9,depleted,-249.0,1889364,"family E: Eisenstein congruence, rational torsion/isogeny divides the congruence number"
v5_sha,2,log_regulator,b4,14,638.6,depleted,-249.0,1889364,same-group AN
class_size,8,n_kod_III,1,0,572.6,forbidden,-248.7,1889364,family L: torsion/isogeny constrains local data (T4/T13/T17 type)
n_kod_In,0,n_kod_IIs,2,384,35.2,enriched,-248.6,1889364,same-group LOC
v3_moddeg,8+,log_odd_moddeg,b1,0,572.3,forbidden,-248.5,1889364,same-group AN
torsion_structure,[6],v2_tamagawa,0,1,577.7,depleted,-248.1,1889364,family L: torsion/isogeny constrains local data (T4/T13/T17 type)
n_torsion_gens,2,class_size,3,0,571.3,forbidden,-248.1,1889364,same-group GAL
two_adic_label,X9d,n_nonsplit_mult,2,47,744.7,depleted,-247.9,1841734,family L: torsion/isogeny constrains local data (T4/T13/T17 type)
two_adic_label,X10d,n_nonsplit_mult,2,47,744.7,depleted,-247.9,1841734,family L: torsion/isogeny constrains local data (T4/T13/T17 type)
class_size,8,v5_tamagawa,1,0,570.4,forbidden,-247.7,1889364,family L: torsion/isogeny constrains local data (T4/T13/T17 type)
two_adic_label,X3,max_isogeny_degree,4,0,570.3,forbidden,-247.7,1841734,same-group GAL
rank_c,3,log_omega,b0,4,592.4,depleted,-247.6,1889364,same-group AN
n_nonsplit_mult,5+,log_j_height,b1,66,796.8,depleted,-247.3,1889364,T4 (local data and equation)
two_adic_label,X25,n_intpts_x,0,0,569.4,forbidden,-247.3,1841734,T15 (torsion points are integral)
n_kod_IIIs,2,log_abs_c4,b0,8,609.7,depleted,-247.1,1889364,T4 (local data and equation)
torsion_structure,[6],log_j_height,b1,27,679.0,depleted,-246.5,1889364,family L: torsion/isogeny constrains local data (T4/T13/T17 type)
v5_sha,2,nagao_1000,b0,15,635.2,depleted,-245.9,1889364,"C7 (trace summaries are rank proxies; Sha and integral points follow rank by C4, T15)"
two_adic_label,X46,max_isogeny_degree,1,0,566.1,forbidden,-245.8,1841734,same-group GAL
two_adic_label,X48,class_size,1,0,566.1,forbidden,-245.8,1841734,same-group GAL
two_adic_label,X48,max_isogeny_degree,1,0,566.1,forbidden,-245.8,1841734,same-group GAL
two_adic_label,X46,class_size,1,0,566.1,forbidden,-245.8,1841734,same-group GAL
v2_torsion,3,disc_sign,-1,64,787.4,depleted,-245.7,1889364,family L: torsion/isogeny constrains local data (T4/T13/T17 type)
class_size,6,v2_moddeg,3,33,696.1,depleted,-245.5,1889364,"family E: Eisenstein congruence, rational torsion/isogeny divides the congruence number"
two_adic_label,X2,v2_tamagawa,4+,68,797.3,depleted,-245.3,1841734,family L: torsion/isogeny constrains local data (T4/T13/T17 type)
n_split_mult,4,v5_tamagawa,3,317,21.3,enriched,-244.8,1889364,same-group LOC
two_adic_label,X8d,v2_moddeg,4,60,774.0,depleted,-244.7,1841734,"family E: Eisenstein congruence, rational torsion/isogeny divides the congruence number"
two_adic_label,X46,n_nonsurj_primes,0,0,563.4,forbidden,-244.7,1841734,same-group GAL
two_adic_label,X48,n_nonsurj_primes,0,0,563.4,forbidden,-244.7,1841734,same-group GAL
rank_c,3,log_abs_c4,b7,6,593.6,depleted,-244.0,1889364,C5/C8 (rank and height)
max_isogeny_degree,16,v2_tamagawa,1,55,757.8,depleted,-243.9,1889364,family L: torsion/isogeny constrains local data (T4/T13/T17 type)
two_adic_label,CM,frac_zero,b3,0,560.9,forbidden,-243.6,1841734,T18/T5 (mod-l image fixes a_p mod l; c4=0 or c6=0 is CM)
v2_sha,2,v2_moddeg,2,46,730.9,depleted,-243.4,1889364,T14
torsion_structure,[3],max_isogeny_degree,6,0,559.5,forbidden,-243.0,1889364,same-group GAL
two_adic_label,CM,n_kod_I0s,2,324,23.2,enriched,-241.9,1841734,family L: torsion/isogeny constrains local data (T4/T13/T17 type)
rank_c,3,nagao_1000,b4,0,556.5,forbidden,-241.7,1311066,C7
torsion_structure,"[2,2]",class_size,3,0,555.8,forbidden,-241.4,1889364,same-group GAL
torsion_structure,[4],odd_torsion,3,0,555.6,forbidden,-241.3,1889364,I
two_adic_label,CM,frac_zero,b4,0,551.5,forbidden,-239.5,1841734,T18/T5 (mod-l image fixes a_p mod l; c4=0 or c6=0 is CM)
exceptional_image,1,two_adic_log_index,3,50,731.6,depleted,-239.0,1885114,same-group GAL
torsion_structure,[6],frac_zero,b0,22,644.1,depleted,-239.0,1889364,T18/T5 (mod-l image fixes a_p mod l; c4=0 or c6=0 is CM)
torsion_structure,[3],class_size,6,0,550.4,forbidden,-239.0,1889364,same-group GAL
torsion_structure,"[2,2]",v3_tamagawa,3,79,809.5,depleted,-238.7,1889364,T13
two_adic_label,CM,frac_zero,b1,0,549.5,forbidden,-238.7,1841734,T18/T5 (mod-l image fixes a_p mod l; c4=0 or c6=0 is CM)
two_adic_label,CM,frac_zero,b6,0,549.2,forbidden,-238.5,1841734,T18/T5 (mod-l image fixes a_p mod l; c4=0 or c6=0 is CM)
max_isogeny_degree,27,n_kod_In,0,204,5.3,enriched,-238.4,1889364,family L: torsion/isogeny constrains local data (T4/T13/T17 type)
n_nonsurj_primes,2,two_adic_log_index,4,48,723.0,depleted,-237.9,1885114,same-group GAL
two_adic_label,CM,frac_zero,b0,0,546.7,forbidden,-237.4,1841734,T18/T5 (mod-l image fixes a_p mod l; c4=0 or c6=0 is CM)
v5_sha,2,st_mean,b0,20,632.3,depleted,-237.0,1889364,"C7 (trace summaries are rank proxies; Sha and integral points follow rank by C4, T15)"
n_torsion_gens,2,max_isogeny_degree,9,0,545.3,forbidden,-236.8,1889364,same-group GAL
n_kod_III,2,v2_tamagawa,0,0,545.2,forbidden,-236.8,1889364,same-group LOC
rank_c,2,v5_sha,2,0,544.7,forbidden,-236.6,1889364,same-group AN
rank_c,3,nagao_1000,b5,0,544.7,forbidden,-236.6,1311066,C7
v5_sha,2,log_regulator,b5,25,646.9,depleted,-235.9,1889364,same-group AN
two_adic_label,X9d,c4_sign,-1,0,542.7,forbidden,-235.7,1841734,family L: torsion/isogeny constrains local data (T4/T13/T17 type)
is_cm,1,n_kod_I0s,2,324,24.4,enriched,-235.7,1889364,"T10 (CM: integral j, no multiplicative reduction)"
two_adic_label,X38,v2_torsion,1,0,542.2,forbidden,-235.5,1841734,same-group GAL
two_adic_label,X7,disc_sign,1,0,542.1,forbidden,-235.4,1841734,family L: torsion/isogeny constrains local data (T4/T13/T17 type)
v3_tamagawa,4+,log_area,b6,57,742.3,depleted,-235.4,1889364,"T11 (area is the covolume, a function of c4, c6)"
two_adic_log_index,3,v3_moddeg,7,68,771.9,depleted,-235.3,1885114,"family E: Eisenstein congruence, rational torsion/isogeny divides the congruence number"
max_isogeny_degree,12,log_area,b7,14,605.9,depleted,-235.1,1889364,family S: large isogeny degree forces special j and small models (T9/T10/T8)
two_adic_log_index,5,n_kod_IV,1,2,552.7,depleted,-234.9,1885114,family L: torsion/isogeny constrains local data (T4/T13/T17 type)
c6_sign,0,n_kod_In,3+,0,540.4,forbidden,-234.7,1889364,T4 (local data and equation)
n_kod_II,2,log_abs_disc,b7,43,700.3,depleted,-234.6,1889364,T4 (local data and equation)
two_adic_label,X48,disc_sign,1,0,540.1,forbidden,-234.6,1841734,family L: torsion/isogeny constrains local data (T4/T13/T17 type)
n_split_mult,2,n_additive,4+,0,540.0,forbidden,-234.5,1311066,same-group LOC
two_adic_label,X3,two_adic_log_index,2,0,539.4,forbidden,-234.3,1837484,same-group GAL
torsion_structure,[6],log_regulator,b0,51,722.6,depleted,-234.2,1889364,family S: large isogeny degree forces special j and small models (T9/T10/T8)
two_adic_label,X36n,bad_at_3,0,0,538.8,forbidden,-234.0,1841734,family L: torsion/isogeny constrains local data (T4/T13/T17 type)
two_adic_label,X36l,bad_at_3,0,0,538.8,forbidden,-234.0,1841734,family L: torsion/isogeny constrains local data (T4/T13/T17 type)
is_cm,1,n_additive,0,0,538.6,forbidden,-233.9,1311066,T10
torsion_structure,[2],two_adic_label,X38,0,537.9,forbidden,-233.6,1841734,same-group GAL
class_size,2,v2_torsion,3,0,536.2,forbidden,-232.9,1889364,same-group GAL
n_nonsplit_mult,2,n_additive,4+,0,534.8,forbidden,-232.2,1311066,same-group LOC
two_adic_level,32,has_2_isog,0,20,620.7,depleted,-232.1,1885114,same-group GAL
two_adic_level,32,v2_torsion,0,20,620.7,depleted,-232.1,1885114,same-group GAL
class_size,8,n_kod_II,1,0,534.3,forbidden,-232.1,1889364,family L: torsion/isogeny constrains local data (T4/T13/T17 type)
v5_sha,2,log_abs_c4,b1,19,616.6,depleted,-231.8,1889364,"I1+T11 (large Sha needs a small period, hence large c4 and Delta)"
n_kod_IIIs,2,log_omega,b7,17,609.1,depleted,-231.7,1889364,"T4+T11 (reduction types fix v_p(Delta), hence the period)"
two_adic_label,X13,has_5_isog,1,0,533.5,forbidden,-231.7,1841734,same-group GAL
n_kod_III,2,log_odd_moddeg,b7,33,662.3,depleted,-231.5,1889364,family M: valuations track the size of moddeg (T12)
is_cm,1,n_split_mult,2,0,532.9,forbidden,-231.4,1311066,T10
max_isogeny_degree,5,v2_torsion,2,0,532.9,forbidden,-231.4,1889364,same-group GAL
c4_sign,0,n_bad_primes,5,0,532.1,forbidden,-231.1,1889364,T4 (local data and equation)
two_adic_label,X13,v2_moddeg,2,27,641.4,depleted,-230.8,1841734,"family E: Eisenstein congruence, rational torsion/isogeny divides the congruence number"
two_adic_label,CM,log_j_height,b3,0,531.5,forbidden,-230.8,1841734,family L: torsion/isogeny constrains local data (T4/T13/T17 type)
two_adic_label,X34,bad_at_2,0,0,530.6,forbidden,-230.4,1841734,family L: torsion/isogeny constrains local data (T4/T13/T17 type)
torsion_structure,"[2,2]",max_isogeny_degree,9,0,530.6,forbidden,-230.4,1889364,same-group GAL
torsion_structure,"[2,4]",v2_torsion,1,0,530.6,forbidden,-230.4,1889364,I
v3_sha,2,n_intpts_x,6,2,541.3,depleted,-229.9,1889364,"U3 (likely via rank and period: T15, I1)"
max_isogeny_degree,12,log_abs_disc,b0,19,610.8,depleted,-229.4,1889364,family L: torsion/isogeny constrains local data (T4/T13/T17 type)
two_adic_label,X7,has_2_isog,1,0,528.2,forbidden,-229.4,1841734,same-group GAL
is_cm,1,log_j_height,b3,0,526.5,forbidden,-228.6,1889364,T10
n_kod_II,2,log_area,b0,48,700.1,depleted,-228.6,1889364,"T11 (area is the covolume, a function of c4, c6)"
two_adic_label,X13g,max_isogeny_degree,3,0,525.1,forbidden,-228.1,1841734,same-group GAL
two_adic_label,X13e,max_isogeny_degree,3,0,525.1,forbidden,-228.1,1841734,same-group GAL
two_adic_label,X8c,max_isogeny_degree,3,0,525.1,forbidden,-228.1,1841734,same-group GAL
two_adic_label,X13c,max_isogeny_degree,3,0,525.1,forbidden,-228.1,1841734,same-group GAL
is_cm,1,n_nonsplit_mult,2,0,525.2,forbidden,-228.1,1311066,T10
rank_c,3,st_mean,b5,0,524.5,forbidden,-227.8,1311066,C7
max_isogeny_degree,12,log_abs_c4,b0,14,588.3,depleted,-227.7,1889364,family L: torsion/isogeny constrains local data (T4/T13/T17 type)
n_kod_IIIs,2,v2_tamagawa,0,0,524.2,forbidden,-227.6,1889364,same-group LOC
rank_c,3,nagao_1000,b3,0,523.6,forbidden,-227.4,1311066,C7
two_adic_label,X13f,n_torsion_gens,2,0,522.8,forbidden,-227.1,1841734,same-group GAL
two_adic_label,X13h,n_torsion_gens,2,0,522.8,forbidden,-227.1,1841734,same-group GAL
two_adic_label,X13d,n_torsion_gens,2,0,522.8,forbidden,-227.1,1841734,same-group GAL
torsion_structure,[5],has_2_isog,1,0,522.7,forbidden,-227.0,1889364,same-group GAL
n_bad_primes,1,frac_zero,b3,0,522.6,forbidden,-226.9,1311066,T10 (CM curves have few bad primes)
two_adic_label,X36n,n_bad_primes,6+,334,28.4,enriched,-226.6,1841734,family L: torsion/isogeny constrains local data (T4/T13/T17 type)
torsion_structure,"[2,2]",two_adic_label,X13f,0,521.7,forbidden,-226.6,1841734,same-group GAL
torsion_structure,"[2,2]",two_adic_label,X13h,0,521.7,forbidden,-226.6,1841734,same-group GAL
torsion_structure,"[2,2]",two_adic_label,X13d,0,521.7,forbidden,-226.6,1841734,same-group GAL
two_adic_label,X36l,n_bad_primes,6+,334,28.4,enriched,-226.6,1841734,family L: torsion/isogeny constrains local data (T4/T13/T17 type)
v5_sha,2,log_area,b7,16,591.9,depleted,-226.0,1889364,same-group AN
n_split_mult,5+,n_kod_II,1,4,542.4,depleted,-226.0,1889364,same-group LOC
two_adic_label,X5,n_kod_II,2,213,7.2,enriched,-225.8,1841734,family L: torsion/isogeny constrains local data (T4/T13/T17 type)
class_size,1,two_adic_log_index,6,0,519.8,forbidden,-225.7,1885114,same-group GAL
two_adic_label,X36l,n_split_mult,1,30,638.8,depleted,-225.7,1841734,family L: torsion/isogeny constrains local data (T4/T13/T17 type)
max_isogeny_degree,1,two_adic_log_index,6,0,519.8,forbidden,-225.7,1885114,same-group GAL
two_adic_label,X36n,n_split_mult,1,30,638.8,depleted,-225.7,1841734,family L: torsion/isogeny constrains local data (T4/T13/T17 type)
two_adic_label,X4,two_adic_log_index,3,0,518.8,forbidden,-225.3,1837484,same-group GAL
rank_c,3,st_mean,b4,0,518.5,forbidden,-225.2,1311066,C7
v3_tamagawa,4+,log_j_height,b0,63,732.1,depleted,-224.8,1889364,T4 (local data and equation)
n_kod_IIs,2,v2_tamagawa,4+,32,642.9,depleted,-224.8,1889364,same-group LOC
two_adic_label,X7,n_torsion_gens,1,0,517.1,forbidden,-224.6,1841734,same-group GAL
two_adic_label,X32,class_size,2,0,516.8,forbidden,-224.4,1841734,same-group GAL
torsion_structure,[3],max_isogeny_degree,8,0,515.9,forbidden,-224.1,1889364,same-group GAL
v5_sha,2,log_omega,b5,27,624.7,depleted,-223.9,1889364,same-group AN
two_adic_label,CM,log_j_height,b4,0,514.8,forbidden,-223.6,1841734,family L: torsion/isogeny constrains local data (T4/T13/T17 type)
is_cm,1,log_j_height,b4,0,514.9,forbidden,-223.6,1889364,T10
two_adic_label,X46,n_torsion_gens,1,0,514.6,forbidden,-223.5,1841734,same-group GAL
n_split_mult,3,n_kod_II,2,41,666.9,depleted,-223.4,1889364,same-group LOC
max_isogeny_degree,12,log_omega,b7,17,589.1,depleted,-223.3,1889364,family S: large isogeny degree forces special j and small models (T9/T10/T8)
rank_c,3,log_omega,b1,11,566.4,depleted,-223.3,1889364,same-group AN
two_adic_label,X44,class_size,2,0,513.9,forbidden,-223.2,1841734,same-group GAL
two_adic_label,X38,class_size,2,0,513.9,forbidden,-223.2,1841734,same-group GAL
two_adic_level,16,v2_moddeg,5,50,692.5,depleted,-223.2,1885114,"family E: Eisenstein congruence, rational torsion/isogeny divides the congruence number"
n_nonsurj_primes,0,two_adic_log_index,6,0,513.4,forbidden,-223.0,1885114,same-group GAL
n_split_mult,1,v7_tamagawa,2,16,584.6,depleted,-222.9,1889364,same-group LOC
v5_sha,2,log_odd_moddeg,b0,12,568.9,depleted,-222.7,1889364,same-group AN
max_isogeny_degree,16,v3_tamagawa,1,72,750.0,depleted,-222.5,1889364,family L: torsion/isogeny constrains local data (T4/T13/T17 type)
two_adic_label,X10d,bad_at_2,0,0,512.1,forbidden,-222.4,1841734,family L: torsion/isogeny constrains local data (T4/T13/T17 type)
two_adic_label,X9d,bad_at_2,0,0,512.1,forbidden,-222.4,1841734,family L: torsion/isogeny constrains local data (T4/T13/T17 type)
max_isogeny_degree,1,odd_torsion,5,0,512.1,forbidden,-222.4,1889364,same-group GAL
class_size,1,odd_torsion,5,0,512.1,forbidden,-222.4,1889364,same-group GAL
max_isogeny_degree,6,two_adic_log_index,4,0,510.6,forbidden,-221.7,1885114,same-group GAL
rank_c,3,log_j_height,b7,15,578.0,depleted,-221.7,1889364,C5/C8 (rank and height)
rank_c,3,mur_lo,b5,0,509.8,forbidden,-221.4,1311066,C7
n_nonsurj_primes,0,odd_torsion,5,0,509.7,forbidden,-221.3,1889364,same-group GAL
rank_c,3,mur_lo,b6,0,509.3,forbidden,-221.2,1311066,C7
is_cm,1,n_kod_In,1,0,509.2,forbidden,-221.1,1889364,T10
class_size,6,frac_zero,b0,69,738.3,depleted,-221.0,1311066,T18/T5 (mod-l image fixes a_p mod l; c4=0 or c6=0 is CM)
two_adic_label,X36l,max_isogeny_degree,2,0,508.7,forbidden,-220.9,1841734,same-group GAL
rank_c,3,st_mean,b6,0,508.6,forbidden,-220.9,1311066,C7
two_adic_label,X36n,max_isogeny_degree,2,0,508.7,forbidden,-220.9,1841734,same-group GAL
two_adic_label,X4,has_7_isog,1,256,13.8,enriched,-220.8,1841734,same-group GAL
v3_moddeg,8+,log_odd_moddeg,b2,0,507.6,forbidden,-220.5,1889364,same-group AN
v5_sha,2,log_odd_moddeg,b1,44,667.9,depleted,-220.2,1889364,same-group AN
two_adic_label,X10d,n_split_mult,0,0,505.8,forbidden,-219.7,1841734,family L: torsion/isogeny constrains local data (T4/T13/T17 type)
two_adic_label,X9d,n_split_mult,0,0,505.8,forbidden,-219.7,1841734,family L: torsion/isogeny constrains local data (T4/T13/T17 type)
n_torsion_gens,2,has_5_isog,1,0,506.0,forbidden,-219.7,1889364,same-group GAL
two_adic_label,X5,c4_sign,-1,0,505.8,forbidden,-219.7,1841734,family L: torsion/isogeny constrains local data (T4/T13/T17 type)
two_adic_level,32,n_torsion_gens,0,20,590.9,depleted,-219.6,1885114,same-group GAL
max_isogeny_degree,6,v2_moddeg,3,56,700.1,depleted,-219.6,1889364,"family E: Eisenstein congruence, rational torsion/isogeny divides the congruence number"
torsion_structure,[],two_adic_level,32,20,590.9,depleted,-219.6,1885114,same-group GAL
two_adic_label,X1,c6_sign,0,0,504.6,forbidden,-219.1,1841734,family L: torsion/isogeny constrains local data (T4/T13/T17 type)
two_adic_label,X7,frac_even,b4,20,588.5,depleted,-218.6,1841734,T18/T5 (mod-l image fixes a_p mod l; c4=0 or c6=0 is CM)
two_adic_level,2,n_kod_IIs,2,22,595.1,depleted,-218.5,1885114,family L: torsion/isogeny constrains local data (T4/T13/T17 type)
v2_torsion,0,c6_sign,0,0,501.7,forbidden,-217.9,1889364,family L: torsion/isogeny constrains local data (T4/T13/T17 type)
has_2_isog,0,c6_sign,0,0,501.7,forbidden,-217.9,1889364,family L: torsion/isogeny constrains local data (T4/T13/T17 type)
class_size,8,v2_moddeg,7,68,726.0,depleted,-217.1,1889364,"family E: Eisenstein congruence, rational torsion/isogeny divides the congruence number"
two_adic_label,CM,frac_zero,b2,0,499.9,forbidden,-217.1,1841734,T18/T5 (mod-l image fixes a_p mod l; c4=0 or c6=0 is CM)
two_adic_label,CM,n_kod_In,1,0,499.2,forbidden,-216.8,1841734,family L: torsion/isogeny constrains local data (T4/T13/T17 type)
torsion_structure,[5],class_size,1,0,498.3,forbidden,-216.4,1889364,same-group GAL
torsion_structure,[5],max_isogeny_degree,1,0,498.3,forbidden,-216.4,1889364,same-group GAL
v5_sha,2,log_abs_c4,b0,24,596.6,depleted,-216.3,1889364,"I1+T11 (large Sha needs a small period, hence large c4 and Delta)"
rank_c,3,mur_lo,b1,0,498.0,forbidden,-216.3,1311066,C7
rank_c,3,st_mean,b3,0,497.6,forbidden,-216.1,1311066,C7
rank_c,3,mur_lo,b4,0,496.6,forbidden,-215.7,1311066,C7
is_cm,1,log_j_height,b6,0,496.3,forbidden,-215.5,1889364,T10
two_adic_label,X10a,frac_even,b0,0,496.1,forbidden,-215.4,1841734,T18/T5 (mod-l image fixes a_p mod l; c4=0 or c6=0 is CM)
two_adic_label,X9c,frac_even,b0,0,496.1,forbidden,-215.4,1841734,T18/T5 (mod-l image fixes a_p mod l; c4=0 or c6=0 is CM)
torsion_structure,[5],n_nonsurj_primes,0,0,495.8,forbidden,-215.3,1889364,same-group GAL
two_adic_label,X33,c4_sign,-1,0,495.3,forbidden,-215.1,1841734,family L: torsion/isogeny constrains local data (T4/T13/T17 type)
v2_torsion,3,n_intpts_x,0,0,494.7,forbidden,-214.8,1889364,T15 (torsion points are integral)
rank_c,3,mur_lo,b7,0,493.1,forbidden,-214.2,1311066,C7
torsion_structure,"[2,2]",has_5_isog,1,0,492.3,forbidden,-213.8,1889364,same-group GAL
two_adic_label,CM,log_j_height,b1,18,569.4,depleted,-213.5,1841734,family L: torsion/isogeny constrains local data (T4/T13/T17 type)
odd_torsion,5,n_split_mult,4,337,32.1,enriched,-213.4,1889364,family L: torsion/isogeny constrains local data (T4/T13/T17 type)
n_nonsurj_primes,2,max_isogeny_degree,21,200,6.6,enriched,-213.2,1889364,same-group GAL
two_adic_label,X9c,frac_even,b1,0,490.9,forbidden,-213.2,1841734,T18/T5 (mod-l image fixes a_p mod l; c4=0 or c6=0 is CM)
two_adic_label,X10a,frac_even,b1,0,490.9,forbidden,-213.2,1841734,T18/T5 (mod-l image fixes a_p mod l; c4=0 or c6=0 is CM)
two_adic_label,X2,v3_moddeg,0,0,490.6,forbidden,-213.1,1841734,"family E: Eisenstein congruence, rational torsion/isogeny divides the congruence number"
two_adic_label,CM,petersson_resid,b7,12,546.0,depleted,-213.0,1841734,family E/T10 (Eisenstein congruences; CM symmetric square)
n_kod_II,2,log_abs_c4,b7,62,698.9,depleted,-212.7,1889364,T4 (local data and equation)
two_adic_label,CM,log_j_height,b6,0,489.0,forbidden,-212.4,1841734,family L: torsion/isogeny constrains local data (T4/T13/T17 type)
n_kod_II,2,log_j_height,b7,61,694.9,depleted,-212.2,1889364,T4 (local data and equation)
two_adic_label,CM,n_split_mult,3,0,487.1,forbidden,-211.6,1841734,family L: torsion/isogeny constrains local data (T4/T13/T17 type)
two_adic_label,X25,bad_at_3,0,0,487.0,forbidden,-211.5,1841734,family L: torsion/isogeny constrains local data (T4/T13/T17 type)
is_cm,1,n_kod_II,2,234,11.5,enriched,-211.4,1889364,"T10 (CM: integral j, no multiplicative reduction)"
rank_c,3,mur_mid,b6,4,508.1,depleted,-211.2,1311066,C7
rank_c,3,nagao_1000,b7,0,485.5,forbidden,-210.9,1311066,C7
is_cm,1,log_j_height,b5,4,507.2,depleted,-210.8,1889364,T10
n_intpts_x,7,log_odd_sha,b1,0,485.2,forbidden,-210.7,1889364,"U3 (likely via rank and period: T15, I1)"
torsion_structure,[3],two_adic_label,X8,0,485.1,forbidden,-210.7,1841734,same-group GAL
exceptional_image,1,v2_torsion,2,0,484.9,forbidden,-210.6,1889364,same-group GAL
two_adic_label,CM,log_j_height,b5,4,506.7,depleted,-210.6,1841734,family L: torsion/isogeny constrains local data (T4/T13/T17 type)
rank_c,3,mur_lo,b3,0,484.4,forbidden,-210.4,1311066,C7
two_adic_label,X38,n_intpts_x,0,0,484.0,forbidden,-210.2,1841734,T15 (torsion points are integral)
is_cm,1,log_j_height,b1,18,561.4,depleted,-210.1,1889364,T10
two_adic_label,X13g,v2_moddeg,5,1,489.6,depleted,-210.0,1841734,"family E: Eisenstein congruence, rational torsion/isogeny divides the congruence number"
rank_c,3,mur_mid,b7,1,489.8,depleted,-210.0,1311066,C7
two_adic_label,X13e,v2_moddeg,5,1,489.6,depleted,-210.0,1841734,"family E: Eisenstein congruence, rational torsion/isogeny divides the congruence number"
two_adic_label,CM,log_j_height,b2,14,546.1,depleted,-209.8,1841734,family L: torsion/isogeny constrains local data (T4/T13/T17 type)
n_kod_Ins,3+,n_kod_IVs,1,37,621.5,depleted,-209.7,1889364,same-group LOC
has_3_isog,1,n_kod_III,2,0,482.3,forbidden,-209.4,1889364,family L: torsion/isogeny constrains local data (T4/T13/T17 type)
torsion_structure,"[2,4]",class_size,2,0,482.0,forbidden,-209.3,1889364,same-group GAL
torsion_structure,[6],log_j_height,b2,47,649.5,depleted,-209.3,1889364,family L: torsion/isogeny constrains local data (T4/T13/T17 type)
two_adic_label,CM,n_kod_II,2,234,11.7,enriched,-209.2,1841734,family L: torsion/isogeny constrains local data (T4/T13/T17 type)
n_kod_IIIs,2,log_abs_disc,b1,38,623.0,depleted,-209.1,1889364,T4 (local data and equation)
n_torsion_gens,0,c6_sign,0,0,480.7,forbidden,-208.8,1889364,family L: torsion/isogeny constrains local data (T4/T13/T17 type)
torsion_structure,[],c6_sign,0,0,480.7,forbidden,-208.8,1889364,family L: torsion/isogeny constrains local data (T4/T13/T17 type)
class_size,8,log_odd_moddeg,b7,60,682.9,depleted,-208.4,1889364,"family E: Eisenstein congruence, rational torsion/isogeny divides the congruence number"
two_adic_label,CM,frac_zero,b5,0,479.8,forbidden,-208.4,1841734,T18/T5 (mod-l image fixes a_p mod l; c4=0 or c6=0 is CM)
class_size,8,v2_moddeg,6,46,644.2,depleted,-208.3,1889364,"family E: Eisenstein congruence, rational torsion/isogeny divides the congruence number"
v5_sha,2,log_omega,b4,41,629.5,depleted,-208.2,1889364,same-group AN
n_torsion_gens,2,v2_moddeg,2,44,638.2,depleted,-208.2,1889364,"family E: Eisenstein congruence, rational torsion/isogeny divides the congruence number"
is_cm,1,log_j_height,b7,0,479.3,forbidden,-208.2,1889364,T10
two_adic_label,X36l,n_kod_In,2,0,478.6,forbidden,-207.9,1841734,family L: torsion/isogeny constrains local data (T4/T13/T17 type)
n_bad_primes,3,n_additive,4+,0,478.7,forbidden,-207.9,1311066,I2
two_adic_label,X36n,n_kod_In,2,0,478.6,forbidden,-207.9,1841734,family L: torsion/isogeny constrains local data (T4/T13/T17 type)
rank_c,3,mur_lo,b2,0,478.2,forbidden,-207.7,1311066,C7
is_cm,1,log_j_height,b2,14,540.9,depleted,-207.6,1889364,T10
two_adic_label,X7,v2_torsion,1,0,477.9,forbidden,-207.5,1841734,same-group GAL
n_bad_primes,1,n_kod_I0s,1,2,489.3,depleted,-207.4,1889364,same-group LOC
two_adic_label,X10d,v2_tamagawa,1,28,587.2,depleted,-207.0,1841734,family L: torsion/isogeny constrains local data (T4/T13/T17 type)
rank_c,3,log_abs_c4,b6,22,566.9,depleted,-206.7,1889364,C5/C8 (rank and height)
two_adic_log_index,5,v2_moddeg,5,69,702.0,depleted,-206.7,1885114,"family E: Eisenstein congruence, rational torsion/isogeny divides the congruence number"
two_adic_label,X46,v2_torsion,1,0,475.8,forbidden,-206.6,1841734,same-group GAL
torsion_structure,[2],two_adic_label,X7,0,473.8,forbidden,-205.8,1841734,same-group GAL
two_adic_label,X10,v2_torsion,2,0,473.0,forbidden,-205.4,1841734,same-group GAL
two_adic_label,X9,v2_torsion,2,0,473.0,forbidden,-205.4,1841734,same-group GAL
two_adic_label,X5,bad_at_2,0,0,472.5,forbidden,-205.2,1841734,family L: torsion/isogeny constrains local data (T4/T13/T17 type)
torsion_structure,[2],two_adic_label,X46,0,471.9,forbidden,-204.9,1841734,same-group GAL
rank_c,3,st_mean,b2,0,471.6,forbidden,-204.8,1311066,C7
n_kod_II,1,n_kod_Ins,3+,27,578.4,depleted,-204.7,1889364,same-group LOC
max_isogeny_degree,8,frac_zero,b0,69,696.4,depleted,-204.5,1311066,T18/T5 (mod-l image fixes a_p mod l; c4=0 or c6=0 is CM)
rank_c,3,st_mean,b7,0,470.6,forbidden,-204.4,1311066,C7
two_adic_label,X10a,frac_even,b3,0,469.6,forbidden,-203.9,1841734,T18/T5 (mod-l image fixes a_p mod l; c4=0 or c6=0 is CM)
two_adic_label,X9c,frac_even,b3,0,469.6,forbidden,-203.9,1841734,T18/T5 (mod-l image fixes a_p mod l; c4=0 or c6=0 is CM)
two_adic_label,X25,max_isogeny_degree,2,0,469.0,forbidden,-203.7,1841734,same-group GAL
torsion_structure,[2],odd_torsion,5,0,468.8,forbidden,-203.6,1889364,I
n_nonsplit_mult,4,v3_tamagawa,3,33,594.7,depleted,-203.6,1889364,same-group LOC
n_nonsplit_mult,5+,n_kod_II,1,10,515.5,depleted,-203.3,1889364,same-group LOC
v5_sha,2,log_area,b6,41,617.1,depleted,-203.1,1889364,same-group AN
n_bad_primes,1,log_odd_tamagawa,b2,1,473.8,depleted,-203.1,1889364,same-group LOC
n_bad_primes,6+,n_kod_In,0,0,466.1,forbidden,-202.4,1889364,same-group LOC
two_adic_label,CM,log_j_height,b7,0,466.0,forbidden,-202.4,1841734,family L: torsion/isogeny constrains local data (T4/T13/T17 type)
torsion_structure,[6],frac_zero,b1,54,651.5,depleted,-202.4,1889364,T18/T5 (mod-l image fixes a_p mod l; c4=0 or c6=0 is CM)
two_adic_label,X33,bad_at_2,0,0,466.0,forbidden,-202.4,1841734,family L: torsion/isogeny constrains local data (T4/T13/T17 type)
two_adic_label,X25,n_intpts_x,1,0,465.9,forbidden,-202.3,1841734,T15 (torsion points are integral)
rank_c,3,log_area,b1,26,569.5,depleted,-202.3,1889364,same-group AN
torsion_structure,"[2,2]",v2_moddeg,2,42,617.4,depleted,-202.1,1889364,"family E: Eisenstein congruence, rational torsion/isogeny divides the congruence number"
two_adic_label,X34,v2_tamagawa,1,39,608.2,depleted,-201.9,1841734,family L: torsion/isogeny constrains local data (T4/T13/T17 type)
max_isogeny_degree,16,n_kod_Ins,3+,224,11.0,enriched,-201.8,1889364,family L: torsion/isogeny constrains local data (T4/T13/T17 type)
rank_c,3,nagao_1000,b2,0,464.5,forbidden,-201.7,1311066,C7
max_isogeny_degree,16,log_area,b7,32,585.6,depleted,-201.2,1889364,family S: large isogeny degree forces special j and small models (T9/T10/T8)
has_3_isog,1,n_kod_IIIs,2,0,462.4,forbidden,-200.8,1889364,family L: torsion/isogeny constrains local data (T4/T13/T17 type)
two_adic_label,X9c,n_kod_I0s,1,0,461.4,forbidden,-200.4,1841734,family L: torsion/isogeny constrains local data (T4/T13/T17 type)
rank_c,3,log_abs_disc,b6,28,571.1,depleted,-200.3,1889364,C5/C8 (rank and height)
torsion_structure,[5],n_split_mult,4,321,31.3,enriched,-200.3,1889364,family L: torsion/isogeny constrains local data (T4/T13/T17 type)
two_adic_level,2,two_adic_label,X36l,0,460.6,forbidden,-200.1,1837484,same-group GAL
two_adic_level,2,two_adic_label,X36n,0,460.6,forbidden,-200.1,1837484,same-group GAL
two_adic_label,CM,frac_even,b0,22,550.9,depleted,-200.0,1841734,T18/T5 (mod-l image fixes a_p mod l; c4=0 or c6=0 is CM)
torsion_structure,[5],v2_torsion,1,0,459.1,forbidden,-199.4,1889364,I
rank_c,3,nagao_1000,b6,0,458.6,forbidden,-199.1,1311066,C7
rank_c,3,st_mean,b1,0,457.4,forbidden,-198.6,1311066,C7
two_adic_label,X10a,frac_even,b2,0,455.2,forbidden,-197.7,1841734,T18/T5 (mod-l image fixes a_p mod l; c4=0 or c6=0 is CM)
two_adic_label,X9c,frac_even,b2,0,455.2,forbidden,-197.7,1841734,T18/T5 (mod-l image fixes a_p mod l; c4=0 or c6=0 is CM)
v2_torsion,3,bad_at_3,0,0,455.2,forbidden,-197.7,1889364,family L: torsion/isogeny constrains local data (T4/T13/T17 type)
two_adic_label,CM,n_nonsplit_mult,3,0,454.5,forbidden,-197.4,1841734,family L: torsion/isogeny constrains local data (T4/T13/T17 type)
v2_sha,3+,n_intpts_x,4,0,452.9,forbidden,-196.7,1889364,"U3 (likely via rank and period: T15, I1)"
two_adic_label,X19,n_torsion_gens,2,0,452.8,forbidden,-196.6,1841734,same-group GAL
two_adic_label,X15,n_torsion_gens,2,0,452.8,forbidden,-196.6,1841734,same-group GAL
v2_moddeg,1,n_split_mult,3,0,452.0,forbidden,-196.3,1889364,"family P: Dummigan, Caro-Pasten bounds on v2(moddeg) from multiplicative primes"
torsion_structure,"[2,2]",two_adic_label,X19,0,452.0,forbidden,-196.3,1841734,same-group GAL
torsion_structure,"[2,2]",two_adic_label,X15,0,452.0,forbidden,-196.3,1841734,same-group GAL
n_nonsplit_mult,5+,log_odd_tamagawa,b3,32,573.6,depleted,-196.2,1889364,same-group LOC
two_adic_label,X36l,two_adic_log_index,1,0,451.7,forbidden,-196.2,1837484,same-group GAL
two_adic_label,X36n,two_adic_log_index,1,0,451.7,forbidden,-196.2,1837484,same-group GAL
two_adic_label,X46,class_size,2,0,451.0,forbidden,-195.9,1841734,same-group GAL
two_adic_label,X48,class_size,2,0,451.0,forbidden,-195.9,1841734,same-group GAL
rank_c,3,log_omega,b2,25,550.6,depleted,-195.8,1889364,same-group AN
n_kod_In,1,v3_tamagawa,4+,56,639.2,depleted,-195.4,1889364,same-group LOC
n_nonsplit_mult,5+,n_kod_III,1,24,545.8,depleted,-195.2,1889364,same-group LOC
v2_moddeg,2,n_split_mult,4,0,448.7,forbidden,-194.9,1889364,"family P: Dummigan, Caro-Pasten bounds on v2(moddeg) from multiplicative primes"
n_additive,4+,n_kod_IVs,2,217,10.8,enriched,-194.6,1889364,same-group LOC
v5_sha,2,log_regulator,b2,1,452.4,depleted,-193.8,1889364,same-group AN
two_adic_label,X8,v2_moddeg,3,27,551.4,depleted,-193.5,1841734,"family E: Eisenstein congruence, rational torsion/isogeny divides the congruence number"
torsion_structure,"[2,4]",n_intpts_x,0,0,445.0,forbidden,-193.3,1889364,T15
n_nonsplit_mult,3,n_kod_II,2,52,623.4,depleted,-193.3,1889364,same-group LOC
two_adic_level,32,n_kod_In,0,271,21.2,enriched,-193.0,1885114,family L: torsion/isogeny constrains local data (T4/T13/T17 type)
two_adic_label,X10a,max_isogeny_degree,4,0,442.6,forbidden,-192.2,1841734,same-group GAL
two_adic_label,X9c,max_isogeny_degree,4,0,442.6,forbidden,-192.2,1841734,same-group GAL
two_adic_label,X10,v2_moddeg,4,12,496.4,depleted,-191.9,1841734,"family E: Eisenstein congruence, rational torsion/isogeny divides the congruence number"
v5_sha,2,log_area,b5,54,624.8,depleted,-191.7,1889364,same-group AN
two_adic_label,X36,frac_even,b0,0,441.2,forbidden,-191.6,1841734,T18/T5 (mod-l image fixes a_p mod l; c4=0 or c6=0 is CM)
two_adic_label,X13c,n_kod_IV,1,0,440.5,forbidden,-191.3,1841734,family L: torsion/isogeny constrains local data (T4/T13/T17 type)
v5_sha,2,st_mean,b1,51,615.7,depleted,-191.3,1889364,"C7 (trace summaries are rank proxies; Sha and integral points follow rank by C4, T15)"
two_adic_label,X8c,n_kod_IV,1,0,440.5,forbidden,-191.3,1841734,family L: torsion/isogeny constrains local data (T4/T13/T17 type)
two_adic_label,X13g,n_kod_IV,1,0,440.5,forbidden,-191.3,1841734,family L: torsion/isogeny constrains local data (T4/T13/T17 type)
two_adic_label,X13e,n_kod_IV,1,0,440.5,forbidden,-191.3,1841734,family L: torsion/isogeny constrains local data (T4/T13/T17 type)
max_isogeny_degree,18,has_3_isog,1,256,18.4,enriched,-190.9,1311066,same-group GAL
two_adic_log_index,5,v3_tamagawa,2,6,469.6,depleted,-190.8,1885114,family L: torsion/isogeny constrains local data (T4/T13/T17 type)
n_split_mult,5+,n_kod_IIIs,1,38,576.2,depleted,-190.1,1889364,same-group LOC
torsion_structure,[6],max_isogeny_degree,12,243,16.0,enriched,-189.9,1889364,same-group GAL
two_adic_log_index,3,n_kod_IVs,2,6,467.6,depleted,-189.9,1885114,family L: torsion/isogeny constrains local data (T4/T13/T17 type)
v3_moddeg,8+,log_odd_moddeg,b0,0,435.9,forbidden,-189.3,1889364,same-group AN
two_adic_level,16,v3_tamagawa,2,8,474.2,depleted,-189.1,1885114,family L: torsion/isogeny constrains local data (T4/T13/T17 type)
max_isogeny_degree,4,v3_moddeg,8+,28,542.7,depleted,-188.6,1889364,"family E: Eisenstein congruence, rational torsion/isogeny divides the congruence number"
v2_torsion,3,n_bad_primes,6+,269,21.7,enriched,-188.1,1889364,family L: torsion/isogeny constrains local data (T4/T13/T17 type)
n_bad_primes,1,log_abs_disc,b3,10,479.8,depleted,-188.1,1889364,T4 (local data and equation)
two_adic_level,16,n_kod_IV,1,34,559.1,depleted,-187.9,1885114,family L: torsion/isogeny constrains local data (T4/T13/T17 type)
two_adic_label,X13,max_isogeny_degree,5,0,430.8,forbidden,-187.1,1841734,same-group GAL
v3_moddeg,0,n_kod_IV,2,0,430.6,forbidden,-187.0,1889364,family M: valuations track the size of moddeg (T12)
two_adic_level,8,two_adic_label,X3,0,429.4,forbidden,-186.5,1837484,same-group GAL
max_isogeny_degree,12,has_3_isog,0,0,429.1,forbidden,-186.4,1311066,same-group GAL
two_adic_level,2,two_adic_label,X25,0,428.6,forbidden,-186.2,1837484,same-group GAL
n_kod_IIIs,2,log_regulator,b0,57,618.0,depleted,-185.9,1889364,"T4+T11 (reduction types fix v_p(Delta), hence the period)"
n_split_mult,5+,n_kod_Ins,2,0,427.8,forbidden,-185.8,1889364,same-group LOC
n_split_mult,5+,n_kod_III,1,41,574.0,depleted,-185.7,1889364,same-group LOC
rank_c,3,mur_mid,b5,19,506.0,depleted,-185.5,1311066,C7
v2_moddeg,5,n_kod_Ins,3+,0,426.9,forbidden,-185.4,1889364,"family P: Dummigan, Caro-Pasten bounds on v2(moddeg) from multiplicative primes"
max_isogeny_degree,16,log_omega,b7,39,567.2,depleted,-185.3,1889364,family S: large isogeny degree forces special j and small models (T9/T10/T8)
two_adic_label,X10a,v2_tamagawa,0,0,426.6,forbidden,-185.3,1841734,family L: torsion/isogeny constrains local data (T4/T13/T17 type)
v3_moddeg,8+,log_area,b7,17,498.0,depleted,-185.0,1889364,same-group AN
two_adic_label,X36,frac_even,b1,0,425.6,forbidden,-184.9,1841734,T18/T5 (mod-l image fixes a_p mod l; c4=0 or c6=0 is CM)
n_nonsplit_mult,5+,n_kod_IVs,1,35,553.7,depleted,-184.5,1889364,same-group LOC
two_adic_level,32,class_size,1,20,506.8,depleted,-184.4,1885114,same-group GAL
two_adic_level,32,max_isogeny_degree,1,20,506.8,depleted,-184.4,1885114,same-group GAL
n_split_mult,5+,n_kod_IVs,1,45,581.8,depleted,-184.3,1889364,same-group LOC
class_size,3,v7_tamagawa,1,48,589.3,depleted,-184.0,1889364,family L: torsion/isogeny constrains local data (T4/T13/T17 type)
two_adic_label,X46,n_intpts_x,0,0,423.4,forbidden,-183.9,1841734,T15 (torsion points are integral)
v2_torsion,3,n_intpts_x,1,0,423.0,forbidden,-183.7,1889364,T15 (torsion points are integral)
two_adic_label,X2,frac_even,b1,0,421.9,forbidden,-183.2,1841734,T18/T5 (mod-l image fixes a_p mod l; c4=0 or c6=0 is CM)
n_kod_III,1,n_kod_Ins,3+,58,612.8,depleted,-182.8,1889364,same-group LOC
v5_tamagawa,3,log_odd_tamagawa,b0,0,420.6,forbidden,-182.7,1889364,same-group LOC
class_size,8,v2_moddeg,5,23,512.5,depleted,-182.7,1889364,"family E: Eisenstein congruence, rational torsion/isogeny divides the congruence number"
two_adic_level,32,n_nonsurj_primes,0,20,501.6,depleted,-182.2,1885114,same-group GAL
rank_c,3,mur_hi,b7,16,487.7,depleted,-182.1,1311066,C7
two_adic_label,X25,n_additive,0,0,419.4,forbidden,-182.1,1841734,family L: torsion/isogeny constrains local data (T4/T13/T17 type)
two_adic_label,X2,class_size,4,0,419.0,forbidden,-182.0,1841734,same-group GAL
two_adic_log_index,2,n_kod_II,2,38,556.1,depleted,-181.9,1885114,family L: torsion/isogeny constrains local data (T4/T13/T17 type)
two_adic_label,X25,two_adic_log_index,1,0,418.5,forbidden,-181.8,1837484,same-group GAL
c6_sign,0,n_bad_primes,4,0,418.3,forbidden,-181.7,1889364,T4 (local data and equation)
max_isogeny_degree,12,v2_tamagawa,0,0,418.2,forbidden,-181.6,1889364,family L: torsion/isogeny constrains local data (T4/T13/T17 type)
max_isogeny_degree,10,has_5_isog,0,0,418.0,forbidden,-181.5,1311066,same-group GAL
max_isogeny_degree,2,v2_torsion,3,0,416.9,forbidden,-181.1,1889364,same-group GAL
two_adic_label,X9c,two_adic_log_index,2,0,417.0,forbidden,-181.1,1837484,same-group GAL
two_adic_label,X10a,two_adic_log_index,2,0,417.0,forbidden,-181.1,1837484,same-group GAL
max_isogeny_degree,1,c6_sign,0,0,415.7,forbidden,-180.5,1889364,family L: torsion/isogeny constrains local data (T4/T13/T17 type)
class_size,1,c6_sign,0,0,415.7,forbidden,-180.5,1889364,family L: torsion/isogeny constrains local data (T4/T13/T17 type)
n_bad_primes,1,log_abs_disc,b4,12,468.8,depleted,-180.2,1889364,T4 (local data and equation)
is_cm,1,n_kod_IV,2,173,6.1,enriched,-180.1,1889364,"T10 (CM: integral j, no multiplicative reduction)"
torsion_structure,[6],n_kod_IIIs,1,0,414.5,forbidden,-180.0,1889364,family L: torsion/isogeny constrains local data (T4/T13/T17 type)
n_nonsplit_mult,5+,petersson_resid,b0,11,464.4,depleted,-180.0,1311066,family M: valuations track the size of moddeg (T12)
class_size,8,n_kod_IV,1,0,412.9,forbidden,-179.3,1889364,family L: torsion/isogeny constrains local data (T4/T13/T17 type)
two_adic_label,CM,n_kod_IV,2,173,6.2,enriched,-178.7,1841734,family L: torsion/isogeny constrains local data (T4/T13/T17 type)
v2_moddeg,1,n_nonsplit_mult,3,0,411.0,forbidden,-178.5,1889364,"family P: Dummigan, Caro-Pasten bounds on v2(moddeg) from multiplicative primes"
two_adic_label,X32,max_isogeny_degree,2,0,410.4,forbidden,-178.2,1841734,same-group GAL
has_2_isog,1,odd_torsion,5,36,540.9,depleted,-178.1,1889364,same-group GAL
max_isogeny_degree,16,log_odd_tamagawa,b2,0,408.0,forbidden,-177.2,1889364,family L: torsion/isogeny constrains local data (T4/T13/T17 type)
two_adic_label,X36,class_size,4,0,407.7,forbidden,-177.0,1841734,same-group GAL
torsion_structure,"[2,4]",bad_at_3,0,0,407.3,forbidden,-176.9,1889364,T17
n_split_mult,3,n_nonsplit_mult,5+,0,407.4,forbidden,-176.9,1311066,same-group LOC
max_isogeny_degree,12,log_area,b6,22,495.1,depleted,-176.8,1889364,family S: large isogeny degree forces special j and small models (T9/T10/T8)
n_bad_primes,1,log_abs_disc,b1,29,515.4,depleted,-176.1,1889364,T4 (local data and equation)
n_nonsplit_mult,5+,n_kod_Ins,2,0,405.3,forbidden,-176.0,1889364,same-group LOC
two_adic_label,X38,max_isogeny_degree,2,0,404.6,forbidden,-175.7,1841734,same-group GAL
two_adic_label,X44,max_isogeny_degree,2,0,404.6,forbidden,-175.7,1841734,same-group GAL
two_adic_label,X13,class_size,6,0,404.5,forbidden,-175.7,1841734,same-group GAL
two_adic_label,X15,max_isogeny_degree,10,224,14.7,enriched,-175.6,1841734,same-group GAL
two_adic_label,X19,max_isogeny_degree,10,224,14.7,enriched,-175.6,1841734,same-group GAL
two_adic_label,X36n,n_bad_primes,3,16,471.1,depleted,-175.1,1841734,family L: torsion/isogeny constrains local data (T4/T13/T17 type)
n_bad_primes,1,log_abs_disc,b5,13,460.3,depleted,-175.1,1889364,T4 (local data and equation)
two_adic_label,X36l,n_bad_primes,3,16,471.1,depleted,-175.1,1841734,family L: torsion/isogeny constrains local data (T4/T13/T17 type)
n_bad_primes,1,log_area,b3,16,470.4,depleted,-174.9,1889364,"T11 (area is the covolume, a function of c4, c6)"
max_isogeny_degree,12,log_abs_disc,b1,24,496.7,depleted,-174.8,1889364,family L: torsion/isogeny constrains local data (T4/T13/T17 type)
two_adic_label,X13c,n_kod_IIs,1,0,402.6,forbidden,-174.8,1841734,family L: torsion/isogeny constrains local data (T4/T13/T17 type)
two_adic_label,X2,frac_zero,b6,0,402.5,forbidden,-174.8,1841734,T18/T5 (mod-l image fixes a_p mod l; c4=0 or c6=0 is CM)
two_adic_label,X8c,n_kod_IIs,1,0,402.6,forbidden,-174.8,1841734,family L: torsion/isogeny constrains local data (T4/T13/T17 type)
max_isogeny_degree,9,v7_tamagawa,1,48,564.9,depleted,-174.3,1889364,family L: torsion/isogeny constrains local data (T4/T13/T17 type)
n_additive,4+,n_kod_I0s,2,244,19.0,enriched,-174.3,1889364,same-group LOC
two_adic_label,X36n,n_additive,2,0,401.3,forbidden,-174.3,1841734,family L: torsion/isogeny constrains local data (T4/T13/T17 type)
two_adic_label,X36l,n_additive,2,0,401.3,forbidden,-174.3,1841734,family L: torsion/isogeny constrains local data (T4/T13/T17 type)
two_adic_label,X10a,frac_zero,b7,10,447.1,depleted,-174.2,1841734,T18/T5 (mod-l image fixes a_p mod l; c4=0 or c6=0 is CM)
two_adic_label,X9c,frac_zero,b7,10,447.1,depleted,-174.2,1841734,T18/T5 (mod-l image fixes a_p mod l; c4=0 or c6=0 is CM)
v3_moddeg,8+,log_omega,b7,28,507.7,depleted,-174.2,1889364,same-group AN
v2_torsion,3,n_split_mult,1,40,542.5,depleted,-174.1,1889364,family L: torsion/isogeny constrains local data (T4/T13/T17 type)
two_adic_label,X38,n_intpts_x,1,0,400.3,forbidden,-173.9,1841734,T15 (torsion points are integral)
torsion_structure,[3],two_adic_label,X17,0,399.2,forbidden,-173.4,1841734,same-group GAL
torsion_structure,[3],two_adic_label,X16,0,399.2,forbidden,-173.4,1841734,same-group GAL
max_isogeny_degree,18,n_kod_I0s,2,186,8.5,enriched,-173.3,1889364,family L: torsion/isogeny constrains local data (T4/T13/T17 type)
two_adic_label,X2,frac_even,b3,0,398.3,forbidden,-173.0,1841734,T18/T5 (mod-l image fixes a_p mod l; c4=0 or c6=0 is CM)
two_adic_label,X36,frac_even,b3,0,398.0,forbidden,-172.9,1841734,T18/T5 (mod-l image fixes a_p mod l; c4=0 or c6=0 is CM)
odd_torsion,5,n_intpts_x,0,0,397.0,forbidden,-172.4,1889364,T15 (torsion points are integral)
v3_sha,2,n_intpts_x,7,0,396.5,forbidden,-172.2,1889364,"U3 (likely via rank and period: T15, I1)"
n_nonsplit_mult,5+,n_kod_IIIs,1,44,548.1,depleted,-171.9,1889364,same-group LOC
n_torsion_gens,2,max_isogeny_degree,5,0,395.7,forbidden,-171.9,1889364,same-group GAL
two_adic_label,X5,n_kod_IVs,2,189,9.2,enriched,-171.7,1841734,family L: torsion/isogeny constrains local data (T4/T13/T17 type)
n_bad_primes,1,n_split_mult,3,0,394.8,forbidden,-171.5,1311066,I2
n_bad_primes,5,n_additive,4+,0,393.8,forbidden,-171.0,1311066,I2
v5_moddeg,5,v5_tamagawa,2,160,5.4,enriched,-170.0,1889364,"U1 (check Agashe-Ribet-Stein, Emerton: component groups and the congruence number)"
v5_moddeg,0,v5_tamagawa,3,0,391.0,forbidden,-169.8,1889364,"U1 (check Agashe-Ribet-Stein, Emerton: component groups and the congruence number)"
n_bad_primes,1,log_area,b4,23,481.4,depleted,-169.8,1889364,"T11 (area is the covolume, a function of c4, c6)"
two_adic_label,X36,log_abs_c4,b0,0,390.0,forbidden,-169.4,1841734,family L: torsion/isogeny constrains local data (T4/T13/T17 type)
max_isogeny_degree,12,log_abs_c4,b1,29,498.7,depleted,-169.3,1889364,family L: torsion/isogeny constrains local data (T4/T13/T17 type)
n_bad_primes,1,log_j_height,b7,14,450.0,depleted,-169.2,1889364,T4 (local data and equation)
n_bad_primes,1,log_abs_disc,b7,11,438.6,depleted,-169.0,1889364,T4 (local data and equation)
two_adic_log_index,5,v2_moddeg,4,27,491.6,depleted,-168.9,1885114,"family E: Eisenstein congruence, rational torsion/isogeny divides the congruence number"
two_adic_label,X36,log_area,b7,0,387.8,forbidden,-168.4,1841734,family S: large isogeny degree forces special j and small models (T9/T10/T8)
max_isogeny_degree,18,v3_moddeg,6,254,22.5,enriched,-168.4,1889364,"family E: Eisenstein congruence, rational torsion/isogeny divides the congruence number"
torsion_structure,[4],max_isogeny_degree,6,0,387.3,forbidden,-168.2,1889364,same-group GAL
rank_c,3,nagao_1000,b1,0,387.2,forbidden,-168.2,1311066,C7
n_kod_IIIs,1,v3_tamagawa,4+,30,499.1,depleted,-168.2,1889364,same-group LOC
n_bad_primes,1,n_nonsplit_mult,3,0,386.1,forbidden,-167.7,1311066,I2
n_bad_primes,1,log_area,b0,12,439.0,depleted,-167.6,1889364,"T11 (area is the covolume, a function of c4, c6)"
torsion_structure,"[2,2]",max_isogeny_degree,5,0,385.8,forbidden,-167.5,1889364,same-group GAL
torsion_structure,[5],n_intpts_x,0,0,385.3,forbidden,-167.3,1889364,T15
n_bad_primes,1,log_abs_c4,b7,13,441.4,depleted,-167.1,1889364,T4 (local data and equation)
max_isogeny_degree,16,v2_tamagawa,0,2,394.8,depleted,-166.6,1889364,family L: torsion/isogeny constrains local data (T4/T13/T17 type)
c6_sign,0,n_additive,1,8,421.1,depleted,-166.5,1889364,T4 (local data and equation)
torsion_structure,[6],n_kod_II,1,0,383.4,forbidden,-166.5,1889364,family L: torsion/isogeny constrains local data (T4/T13/T17 type)
two_adic_label,X25,n_bad_primes,3,0,382.0,forbidden,-165.9,1841734,family L: torsion/isogeny constrains local data (T4/T13/T17 type)
two_adic_label,X2,frac_zero,b4,6,411.5,depleted,-165.9,1841734,T18/T5 (mod-l image fixes a_p mod l; c4=0 or c6=0 is CM)
two_adic_label,X2,n_split_mult,3,0,380.8,forbidden,-165.4,1841734,family L: torsion/isogeny constrains local data (T4/T13/T17 type)
torsion_structure,"[2,4]",n_intpts_x,1,0,379.8,forbidden,-165.0,1889364,T15
max_isogeny_degree,16,two_adic_log_index,2,0,380.0,forbidden,-165.0,1885114,same-group GAL
n_additive,4+,log_j_height,b7,2,390.8,depleted,-164.8,1889364,T4 (local data and equation)
class_size,4,n_kod_IV,2,0,379.1,forbidden,-164.7,1889364,family L: torsion/isogeny constrains local data (T4/T13/T17 type)
two_adic_label,X8,max_isogeny_degree,6,0,378.9,forbidden,-164.6,1841734,same-group GAL
n_bad_primes,1,log_omega,b0,15,442.1,depleted,-164.4,1889364,"T4+T11 (reduction types fix v_p(Delta), hence the period)"
two_adic_level,2,two_adic_label,X11,0,378.3,forbidden,-164.3,1837484,same-group GAL
two_adic_label,X2,frac_even,b2,0,378.4,forbidden,-164.3,1841734,T18/T5 (mod-l image fixes a_p mod l; c4=0 or c6=0 is CM)
n_split_mult,4,n_kod_I0s,2,0,378.2,forbidden,-164.2,1889364,same-group LOC
two_adic_label,X36,log_omega,b7,2,389.3,depleted,-164.2,1841734,family S: large isogeny degree forces special j and small models (T9/T10/T8)
class_size,8,n_kod_IIs,1,0,377.3,forbidden,-163.9,1889364,family L: torsion/isogeny constrains local data (T4/T13/T17 type)
two_adic_label,X2,frac_zero,b7,0,376.7,forbidden,-163.6,1841734,T18/T5 (mod-l image fixes a_p mod l; c4=0 or c6=0 is CM)
max_isogeny_degree,12,log_regulator,b0,43,524.3,depleted,-163.5,1889364,family S: large isogeny degree forces special j and small models (T9/T10/T8)
odd_torsion,5,n_kod_Ins,1,0,375.8,forbidden,-163.2,1889364,family L: torsion/isogeny constrains local data (T4/T13/T17 type)
torsion_structure,"[2,4]",max_isogeny_degree,2,0,375.5,forbidden,-163.1,1889364,same-group GAL
two_adic_level,2,two_adic_label,X32,0,374.8,forbidden,-162.8,1837484,same-group GAL
two_adic_label,X11,n_additive,0,0,374.6,forbidden,-162.7,1841734,family L: torsion/isogeny constrains local data (T4/T13/T17 type)
n_bad_primes,1,log_area,b2,22,461.2,depleted,-162.7,1889364,"T11 (area is the covolume, a function of c4, c6)"
n_additive,4+,bad_at_2,0,0,374.5,forbidden,-162.6,1311066,same-group LOC
two_adic_label,X36,frac_even,b2,0,373.9,forbidden,-162.4,1841734,T18/T5 (mod-l image fixes a_p mod l; c4=0 or c6=0 is CM)
two_adic_label,X13,exceptional_image,1,0,373.4,forbidden,-162.1,1841734,same-group GAL
max_isogeny_degree,7,has_2_isog,1,0,373.3,forbidden,-162.1,1311066,same-group GAL
two_adic_label,X48,bad_at_3,0,0,373.1,forbidden,-162.0,1841734,family L: torsion/isogeny constrains local data (T4/T13/T17 type)
two_adic_label,X46,bad_at_3,0,0,373.1,forbidden,-162.0,1841734,family L: torsion/isogeny constrains local data (T4/T13/T17 type)
v2_torsion,2,v3_moddeg,7,46,526.4,depleted,-161.2,1889364,"family E: Eisenstein congruence, rational torsion/isogeny divides the congruence number"
two_adic_label,X44,n_additive,0,0,370.0,forbidden,-160.7,1841734,family L: torsion/isogeny constrains local data (T4/T13/T17 type)
two_adic_label,X38,n_additive,0,0,370.0,forbidden,-160.7,1841734,family L: torsion/isogeny constrains local data (T4/T13/T17 type)
two_adic_label,X11,two_adic_log_index,1,0,369.7,forbidden,-160.6,1837484,same-group GAL
rank_c,3,petersson_resid,b0,42,513.6,depleted,-160.4,1311066,U2 (candidate)
two_adic_log_index,2,v3_moddeg,8+,34,490.7,depleted,-160.1,1885114,"family E: Eisenstein congruence, rational torsion/isogeny divides the congruence number"
two_adic_level,2,v2_torsion,3,0,368.7,forbidden,-160.1,1885114,same-group GAL
two_adic_label,X34,frac_even,b0,0,368.4,forbidden,-160.0,1841734,T18/T5 (mod-l image fixes a_p mod l; c4=0 or c6=0 is CM)
two_adic_label,X32,n_additive,0,0,368.2,forbidden,-159.9,1841734,family L: torsion/isogeny constrains local data (T4/T13/T17 type)
two_adic_level,2,two_adic_label,X38,0,367.7,forbidden,-159.7,1837484,same-group GAL
two_adic_level,2,two_adic_label,X44,0,367.7,forbidden,-159.7,1837484,same-group GAL
rank_c,2,v2_moddeg,1,0,367.6,forbidden,-159.6,1889364,C1
v2_moddeg,2,n_nonsplit_mult,4,0,367.3,forbidden,-159.5,1889364,"family P: Dummigan, Caro-Pasten bounds on v2(moddeg) from multiplicative primes"
two_adic_label,X36,log_area,b6,7,400.5,depleted,-159.4,1841734,family S: large isogeny degree forces special j and small models (T9/T10/T8)
torsion_structure,"[2,4]",n_bad_primes,6+,234,19.8,enriched,-159.3,1889364,family L: torsion/isogeny constrains local data (T4/T13/T17 type)
v3_moddeg,0,n_kod_IIs,2,0,366.1,forbidden,-159.0,1889364,family M: valuations track the size of moddeg (T12)
two_adic_label,X32,two_adic_log_index,1,0,366.1,forbidden,-159.0,1837484,same-group GAL
torsion_structure,[6],max_isogeny_degree,3,0,366.0,forbidden,-159.0,1889364,same-group GAL
max_isogeny_degree,12,log_omega,b6,37,496.0,depleted,-158.8,1889364,family S: large isogeny degree forces special j and small models (T9/T10/T8)
two_adic_label,CM,st_m2,b7,44,514.9,depleted,-158.7,1841734,T18/T5 (mod-l image fixes a_p mod l)
two_adic_label,X2,max_isogeny_degree,4,0,364.9,forbidden,-158.5,1841734,same-group GAL
torsion_structure,[5],n_kod_Ins,1,0,364.7,forbidden,-158.4,1889364,family L: torsion/isogeny constrains local data (T4/T13/T17 type)
two_adic_log_index,2,n_bad_primes,1,16,430.7,depleted,-158.2,1885114,family L: torsion/isogeny constrains local data (T4/T13/T17 type)
max_isogeny_degree,16,v2_sha,3+,224,17.8,enriched,-158.2,1889364,U4 (partly C4: Selmer heuristics with torsion; Fisher for isogenies)
v2_moddeg,1,log_abs_disc,b7,13,419.4,depleted,-157.8,1889364,family M: valuations track the size of moddeg (T12)
v2_torsion,3,two_adic_log_index,1,0,362.9,forbidden,-157.6,1885114,same-group GAL
two_adic_label,X25,v2_tamagawa,2,0,362.7,forbidden,-157.5,1841734,family L: torsion/isogeny constrains local data (T4/T13/T17 type)
two_adic_label,X34,frac_even,b1,0,361.7,forbidden,-157.1,1841734,T18/T5 (mod-l image fixes a_p mod l; c4=0 or c6=0 is CM)
n_torsion_gens,2,exceptional_image,1,0,361.6,forbidden,-157.0,1889364,same-group GAL
exceptional_image,1,n_kod_IIIs,2,254,25.2,enriched,-156.9,1889364,family L: torsion/isogeny constrains local data (T4/T13/T17 type)
two_adic_label,X7,class_size,2,24,452.7,depleted,-156.7,1841734,same-group GAL
two_adic_label,X44,two_adic_log_index,1,0,359.8,forbidden,-156.3,1837484,same-group GAL
two_adic_label,X38,two_adic_log_index,1,0,359.8,forbidden,-156.3,1837484,same-group GAL
n_bad_primes,1,log_abs_c4,b5,28,463.7,depleted,-156.2,1889364,T4 (local data and equation)
n_nonsurj_primes,2,class_size,3,0,359.4,forbidden,-156.1,1889364,same-group GAL
torsion_structure,"[2,4]",n_split_mult,1,36,485.6,depleted,-155.8,1889364,family L: torsion/isogeny constrains local data (T4/T13/T17 type)
two_adic_label,X9c,class_size,4,48,517.3,depleted,-155.5,1841734,same-group GAL
two_adic_label,X13f,v2_moddeg,3,16,424.2,depleted,-155.5,1841734,"family E: Eisenstein congruence, rational torsion/isogeny divides the congruence number"
two_adic_label,X36,max_isogeny_degree,4,0,358.1,forbidden,-155.5,1841734,same-group GAL
two_adic_label,X10a,class_size,4,48,517.3,depleted,-155.5,1841734,same-group GAL
c6_sign,0,n_nonsplit_mult,1,0,358.1,forbidden,-155.5,1889364,T4 (local data and equation)
n_bad_primes,1,log_abs_disc,b2,39,493.3,depleted,-155.5,1889364,T4 (local data and equation)
two_adic_label,X2,frac_zero,b5,0,357.7,forbidden,-155.4,1841734,T18/T5 (mod-l image fixes a_p mod l; c4=0 or c6=0 is CM)
two_adic_label,X2,n_nonsplit_mult,3,0,357.8,forbidden,-155.4,1841734,family L: torsion/isogeny constrains local data (T4/T13/T17 type)
two_adic_label,X34,frac_zero,b0,0,357.5,forbidden,-155.3,1841734,T18/T5 (mod-l image fixes a_p mod l; c4=0 or c6=0 is CM)
n_split_mult,5+,petersson_resid,b0,9,398.4,depleted,-155.2,1311066,family M: valuations track the size of moddeg (T12)
v2_moddeg,1,log_area,b0,15,419.9,depleted,-155.1,1889364,same-group AN
two_adic_label,X5,v3_moddeg,0,4,377.2,depleted,-154.9,1841734,"family E: Eisenstein congruence, rational torsion/isogeny divides the congruence number"
two_adic_label,X3,two_adic_log_index,3,0,355.9,forbidden,-154.6,1837484,same-group GAL
max_isogeny_degree,6,n_bad_primes,2,20,434.9,depleted,-154.5,1311066,family L: torsion/isogeny constrains local data (T4/T13/T17 type)
two_adic_label,X7,max_isogeny_degree,2,0,355.5,forbidden,-154.4,1841734,same-group GAL
two_adic_level,16,v2_moddeg,4,36,480.9,depleted,-153.9,1885114,"family E: Eisenstein congruence, rational torsion/isogeny divides the congruence number"
two_adic_label,X46,max_isogeny_degree,2,0,354.4,forbidden,-153.9,1841734,same-group GAL
two_adic_label,X48,max_isogeny_degree,2,0,354.4,forbidden,-153.9,1841734,same-group GAL
max_isogeny_degree,3,n_kod_III,2,0,353.5,forbidden,-153.5,1889364,family L: torsion/isogeny constrains local data (T4/T13/T17 type)
two_adic_label,X36,log_abs_disc,b0,7,386.6,depleted,-153.5,1841734,family L: torsion/isogeny constrains local data (T4/T13/T17 type)
v2_torsion,3,n_kod_In,2,13,408.9,depleted,-153.4,1889364,family L: torsion/isogeny constrains local data (T4/T13/T17 type)
torsion_structure,"[2,2]",exceptional_image,1,0,353.1,forbidden,-153.4,1889364,same-group GAL
two_adic_label,CM,v5_tamagawa,1,0,351.7,forbidden,-152.7,1841734,family L: torsion/isogeny constrains local data (T4/T13/T17 type)
n_intpts_x,8,log_odd_sha,b1,0,351.1,forbidden,-152.5,1889364,"U3 (likely via rank and period: T15, I1)"
two_adic_label,X9c,log_odd_tamagawa,b2,31,462.7,depleted,-152.3,1841734,family L: torsion/isogeny constrains local data (T4/T13/T17 type)
two_adic_label,X46,n_intpts_x,1,0,350.6,forbidden,-152.3,1841734,T15 (torsion points are integral)
two_adic_label,X10a,log_odd_tamagawa,b2,31,462.7,depleted,-152.3,1841734,family L: torsion/isogeny constrains local data (T4/T13/T17 type)
two_adic_log_index,4,v3_moddeg,6,31,462.5,depleted,-152.2,1885114,"family E: Eisenstein congruence, rational torsion/isogeny divides the congruence number"
two_adic_label,X9,n_torsion_gens,2,0,350.0,forbidden,-152.0,1841734,same-group GAL
two_adic_label,X10,n_torsion_gens,2,0,350.0,forbidden,-152.0,1841734,same-group GAL
torsion_structure,[3],two_adic_label,X13f,0,349.8,forbidden,-151.9,1841734,same-group GAL
torsion_structure,[3],two_adic_label,X8d,0,349.8,forbidden,-151.9,1841734,same-group GAL
torsion_structure,[3],two_adic_label,X13d,0,349.8,forbidden,-151.9,1841734,same-group GAL
torsion_structure,[3],two_adic_label,X13h,0,349.8,forbidden,-151.9,1841734,same-group GAL
max_isogeny_degree,16,log_regulator,b0,42,492.4,depleted,-151.9,1889364,family S: large isogeny degree forces special j and small models (T9/T10/T8)
torsion_structure,"[2,2]",two_adic_label,X9,0,349.4,forbidden,-151.7,1841734,same-group GAL
torsion_structure,"[2,2]",two_adic_label,X10,0,349.4,forbidden,-151.7,1841734,same-group GAL
two_adic_label,X10d,frac_even,b0,0,349.1,forbidden,-151.6,1841734,T18/T5 (mod-l image fixes a_p mod l; c4=0 or c6=0 is CM)
two_adic_label,X9d,frac_even,b0,0,349.1,forbidden,-151.6,1841734,T18/T5 (mod-l image fixes a_p mod l; c4=0 or c6=0 is CM)
n_bad_primes,1,log_area,b1,28,452.2,depleted,-151.5,1889364,"T11 (area is the covolume, a function of c4, c6)"
rank_c,3,n_split_mult,3,31,460.8,depleted,-151.5,1311066,T1+T2
max_isogeny_degree,18,v3_moddeg,7,164,7.7,enriched,-151.4,1889364,"family E: Eisenstein congruence, rational torsion/isogeny divides the congruence number"
n_bad_primes,1,log_abs_disc,b6,28,451.6,depleted,-151.3,1889364,T4 (local data and equation)
v2_torsion,1,odd_torsion,5,36,474.4,depleted,-151.3,1889364,same-group GAL
two_adic_level,4,two_adic_label,X10a,0,346.8,forbidden,-150.6,1837484,same-group GAL
two_adic_level,4,two_adic_label,X9c,0,346.8,forbidden,-150.6,1837484,same-group GAL
c6_sign,0,n_split_mult,1,0,346.4,forbidden,-150.5,1889364,T4 (local data and equation)
n_bad_primes,1,log_omega,b1,30,455.1,depleted,-150.3,1889364,"T4+T11 (reduction types fix v_p(Delta), hence the period)"
two_adic_label,X2,two_adic_log_index,2,0,345.7,forbidden,-150.1,1837484,same-group GAL
two_adic_label,X25,v2_tamagawa,1,0,345.7,forbidden,-150.1,1841734,family L: torsion/isogeny constrains local data (T4/T13/T17 type)
two_adic_label,X13h,odd_torsion,3,15,407.2,depleted,-149.8,1841734,same-group GAL
two_adic_label,X13f,odd_torsion,3,15,407.2,depleted,-149.8,1841734,same-group GAL
two_adic_label,X8d,odd_torsion,3,15,407.2,depleted,-149.8,1841734,same-group GAL
two_adic_label,X13d,odd_torsion,3,15,407.2,depleted,-149.8,1841734,same-group GAL
two_adic_label,X10d,frac_even,b1,0,344.7,forbidden,-149.7,1841734,T18/T5 (mod-l image fixes a_p mod l; c4=0 or c6=0 is CM)
two_adic_label,X9d,frac_even,b1,0,344.7,forbidden,-149.7,1841734,T18/T5 (mod-l image fixes a_p mod l; c4=0 or c6=0 is CM)
is_cm,1,v5_tamagawa,1,0,343.9,forbidden,-149.4,1889364,"T10 (CM: integral j, no multiplicative reduction)"
n_split_mult,5+,n_nonsplit_mult,3,0,344.0,forbidden,-149.4,1311066,same-group LOC
c4_sign,0,log_abs_c4,b1,0,343.8,forbidden,-149.3,1889364,same-group EQ
n_additive,3,n_kod_I0s,3+,166,8.3,enriched,-149.2,1889364,same-group LOC
two_adic_label,X13,max_isogeny_degree,8,0,343.0,forbidden,-149.0,1841734,same-group GAL
two_adic_label,X34,frac_even,b3,0,342.7,forbidden,-148.8,1841734,T18/T5 (mod-l image fixes a_p mod l; c4=0 or c6=0 is CM)
two_adic_label,X36,two_adic_log_index,2,0,341.2,forbidden,-148.2,1837484,same-group GAL
n_nonsurj_primes,2,max_isogeny_degree,9,0,341.0,forbidden,-148.1,1889364,same-group GAL
c4_sign,0,log_j_height,b1,0,341.0,forbidden,-148.1,1889364,same-group EQ
n_bad_primes,1,log_abs_c4,b6,32,454.3,depleted,-147.7,1889364,T4 (local data and equation)
max_isogeny_degree,3,n_kod_IIIs,2,0,339.9,forbidden,-147.6,1889364,family L: torsion/isogeny constrains local data (T4/T13/T17 type)
two_adic_log_index,3,v3_tamagawa,4+,20,418.1,depleted,-147.6,1885114,family L: torsion/isogeny constrains local data (T4/T13/T17 type)
c4_sign,0,frac_zero,b3,0,339.7,forbidden,-147.5,1889364,T18/T5 (mod-l image fixes a_p mod l; c4=0 or c6=0 is CM)
c4_sign,0,frac_zero,b6,0,339.4,forbidden,-147.4,1889364,T18/T5 (mod-l image fixes a_p mod l; c4=0 or c6=0 is CM)
odd_torsion,5,n_intpts_x,1,0,338.9,forbidden,-147.2,1889364,T15 (torsion points are integral)
two_adic_level,16,v7_tamagawa,1,10,382.1,depleted,-146.7,1885114,family L: torsion/isogeny constrains local data (T4/T13/T17 type)
c4_sign,0,frac_zero,b4,0,337.3,forbidden,-146.5,1889364,T18/T5 (mod-l image fixes a_p mod l; c4=0 or c6=0 is CM)
max_isogeny_degree,13,n_kod_In,0,164,8.3,enriched,-146.5,1889364,family L: torsion/isogeny constrains local data (T4/T13/T17 type)
two_adic_label,X36,v2_tamagawa,0,0,336.7,forbidden,-146.2,1841734,family L: torsion/isogeny constrains local data (T4/T13/T17 type)
max_isogeny_degree,12,log_area,b5,39,468.8,depleted,-145.7,1889364,family S: large isogeny degree forces special j and small models (T9/T10/T8)
max_isogeny_degree,4,n_kod_IV,2,0,335.2,forbidden,-145.6,1889364,family L: torsion/isogeny constrains local data (T4/T13/T17 type)
c4_sign,0,frac_zero,b0,0,335.0,forbidden,-145.5,1889364,T18/T5 (mod-l image fixes a_p mod l; c4=0 or c6=0 is CM)
v2_torsion,3,n_additive,2,0,334.8,forbidden,-145.4,1889364,family L: torsion/isogeny constrains local data (T4/T13/T17 type)
c4_sign,0,frac_zero,b1,0,334.9,forbidden,-145.4,1889364,T18/T5 (mod-l image fixes a_p mod l; c4=0 or c6=0 is CM)
max_isogeny_degree,2,odd_torsion,5,0,334.3,forbidden,-145.2,1889364,same-group GAL
v3_moddeg,0,n_additive,4+,26,430.7,depleted,-145.2,1889364,family M: valuations track the size of moddeg (T12)
max_isogeny_degree,5,has_3_isog,1,0,334.2,forbidden,-145.1,1311066,same-group GAL
is_cm,1,log_abs_c4,b7,39,467.2,depleted,-145.1,1889364,"T10 (CM: integral j, no multiplicative reduction)"
two_adic_label,X36l,n_split_mult,0,0,333.4,forbidden,-144.8,1841734,family L: torsion/isogeny constrains local data (T4/T13/T17 type)
two_adic_label,X36n,n_split_mult,0,0,333.4,forbidden,-144.8,1841734,family L: torsion/isogeny constrains local data (T4/T13/T17 type)
max_isogeny_degree,12,has_2_isog,0,0,332.6,forbidden,-144.5,1311066,same-group GAL
two_adic_label,X34,frac_zero,b1,4,353.0,depleted,-144.5,1841734,T18/T5 (mod-l image fixes a_p mod l; c4=0 or c6=0 is CM)
torsion_structure,"[2,4]",two_adic_level,2,0,332.6,forbidden,-144.4,1885114,same-group GAL
n_bad_primes,1,log_abs_c4,b4,42,472.8,depleted,-144.2,1889364,T4 (local data and equation)
n_bad_primes,1,log_j_height,b6,38,462.3,depleted,-144.2,1889364,T4 (local data and equation)
n_split_mult,5+,n_kod_IIs,1,10,376.3,depleted,-144.2,1889364,same-group LOC
max_isogeny_degree,16,log_area,b6,38,462.1,depleted,-144.1,1889364,family S: large isogeny degree forces special j and small models (T9/T10/T8)
two_adic_label,X36,log_abs_c4,b1,17,400.0,depleted,-144.0,1841734,family L: torsion/isogeny constrains local data (T4/T13/T17 type)
c4_sign,0,log_j_height,b2,0,331.3,forbidden,-143.9,1889364,same-group EQ
n_kod_Ins,2,v3_tamagawa,4+,7,363.6,depleted,-143.7,1889364,same-group LOC
v2_moddeg,6,n_kod_IIIs,2,20,408.7,depleted,-143.6,1889364,"family P: Dummigan, Caro-Pasten bounds on v2(moddeg) from multiplicative primes"
exceptional_image,1,n_kod_IV,2,194,14.2,enriched,-143.6,1889364,family L: torsion/isogeny constrains local data (T4/T13/T17 type)
c4_sign,0,log_abs_c4,b2,0,330.5,forbidden,-143.5,1889364,same-group EQ
max_isogeny_degree,16,v2_torsion,3,145,5.8,enriched,-143.4,1889364,same-group GAL
max_isogeny_degree,25,v5_moddeg,3,174,10.4,enriched,-143.1,1889364,"family E: Eisenstein congruence, rational torsion/isogeny divides the congruence number"
two_adic_label,X9d,frac_even,b3,0,329.2,forbidden,-143.0,1841734,T18/T5 (mod-l image fixes a_p mod l; c4=0 or c6=0 is CM)
two_adic_label,X34,frac_even,b2,0,329.2,forbidden,-143.0,1841734,T18/T5 (mod-l image fixes a_p mod l; c4=0 or c6=0 is CM)
two_adic_label,X10d,frac_even,b3,0,329.2,forbidden,-143.0,1841734,T18/T5 (mod-l image fixes a_p mod l; c4=0 or c6=0 is CM)
v2_moddeg,2,n_intpts_x,10+,3,345.1,depleted,-143.0,1889364,U3 (likely via model size: T15)
two_adic_label,X13c,n_bad_primes,2,0,329.3,forbidden,-143.0,1841734,family L: torsion/isogeny constrains local data (T4/T13/T17 type)
two_adic_label,X8c,n_bad_primes,2,0,329.3,forbidden,-143.0,1841734,family L: torsion/isogeny constrains local data (T4/T13/T17 type)
two_adic_label,X13g,n_bad_primes,2,0,329.3,forbidden,-143.0,1841734,family L: torsion/isogeny constrains local data (T4/T13/T17 type)
two_adic_label,X13e,n_bad_primes,2,0,329.3,forbidden,-143.0,1841734,family L: torsion/isogeny constrains local data (T4/T13/T17 type)
torsion_structure,[5],n_intpts_x,1,0,328.6,forbidden,-142.7,1889364,T15
max_isogeny_degree,4,c4_sign,0,0,328.4,forbidden,-142.6,1889364,family L: torsion/isogeny constrains local data (T4/T13/T17 type)
v7_moddeg,1,v7_tamagawa,2,7,361.0,depleted,-142.6,1889364,"U1 (check Agashe-Ribet-Stein, Emerton: component groups and the congruence number)"
max_isogeny_degree,10,v2_tamagawa,1,10,372.4,depleted,-142.6,1889364,family L: torsion/isogeny constrains local data (T4/T13/T17 type)
max_isogeny_degree,12,log_abs_c4,b2,42,468.0,depleted,-142.3,1889364,family L: torsion/isogeny constrains local data (T4/T13/T17 type)
two_adic_label,X34,frac_zero,b2,0,327.6,forbidden,-142.3,1841734,T18/T5 (mod-l image fixes a_p mod l; c4=0 or c6=0 is CM)
two_adic_label,X36,log_area,b5,19,402.3,depleted,-142.3,1841734,family S: large isogeny degree forces special j and small models (T9/T10/T8)
v2_moddeg,1,log_abs_c4,b7,26,423.2,depleted,-142.1,1889364,family M: valuations track the size of moddeg (T12)
torsion_structure,"[2,4]",two_adic_log_index,1,0,326.9,forbidden,-142.0,1885114,same-group GAL
two_adic_label,X7,n_additive,0,0,326.8,forbidden,-141.9,1841734,family L: torsion/isogeny constrains local data (T4/T13/T17 type)
torsion_structure,[4],n_kod_In,0,21,407.6,depleted,-141.9,1889364,family L: torsion/isogeny constrains local data (T4/T13/T17 type)
v2_torsion,2,n_kod_IVs,2,0,326.4,forbidden,-141.7,1889364,family L: torsion/isogeny constrains local data (T4/T13/T17 type)
v2_torsion,3,n_bad_primes,3,24,416.4,depleted,-141.7,1889364,family L: torsion/isogeny constrains local data (T4/T13/T17 type)
two_adic_label,X25,c4_sign,-1,0,325.7,forbidden,-141.5,1841734,family L: torsion/isogeny constrains local data (T4/T13/T17 type)
two_adic_label,X13e,v2_moddeg,4,0,325.6,forbidden,-141.4,1841734,"family E: Eisenstein congruence, rational torsion/isogeny divides the congruence number"
two_adic_label,X13g,v2_moddeg,4,0,325.6,forbidden,-141.4,1841734,"family E: Eisenstein congruence, rational torsion/isogeny divides the congruence number"
two_adic_label,X48,n_additive,0,0,325.3,forbidden,-141.3,1841734,family L: torsion/isogeny constrains local data (T4/T13/T17 type)
two_adic_label,X46,n_additive,0,0,325.3,forbidden,-141.3,1841734,family L: torsion/isogeny constrains local data (T4/T13/T17 type)
n_bad_primes,1,log_odd_tamagawa,b3,0,324.9,forbidden,-141.1,1889364,same-group LOC
c4_sign,0,log_j_height,b3,0,325.0,forbidden,-141.1,1889364,same-group EQ
torsion_structure,[5],max_isogeny_degree,2,0,324.6,forbidden,-141.0,1889364,same-group GAL
c4_sign,0,log_abs_c4,b3,0,324.4,forbidden,-140.9,1889364,same-group EQ
two_adic_label,X10d,n_kod_I0s,1,0,324.1,forbidden,-140.7,1841734,family L: torsion/isogeny constrains local data (T4/T13/T17 type)
two_adic_log_index,3,n_kod_II,2,8,359.7,depleted,-140.4,1885114,family L: torsion/isogeny constrains local data (T4/T13/T17 type)
odd_torsion,5,n_split_mult,1,32,435.6,depleted,-140.2,1889364,family L: torsion/isogeny constrains local data (T4/T13/T17 type)
two_adic_level,2,two_adic_label,X7,0,322.7,forbidden,-140.1,1837484,same-group GAL
two_adic_label,X5,class_size,4,0,322.5,forbidden,-140.1,1841734,same-group GAL
v2_torsion,3,v2_tamagawa,2,1,327.9,depleted,-139.9,1889364,family L: torsion/isogeny constrains local data (T4/T13/T17 type)
torsion_structure,"[2,4]",n_kod_In,2,10,365.9,depleted,-139.8,1889364,family L: torsion/isogeny constrains local data (T4/T13/T17 type)
two_adic_label,CM,n_kod_III,2,171,10.4,enriched,-139.8,1841734,family L: torsion/isogeny constrains local data (T4/T13/T17 type)
two_adic_level,2,two_adic_label,X46,0,321.6,forbidden,-139.7,1837484,same-group GAL
two_adic_level,2,two_adic_label,X48,0,321.6,forbidden,-139.7,1837484,same-group GAL
two_adic_label,X33,frac_even,b0,0,321.8,forbidden,-139.7,1841734,T18/T5 (mod-l image fixes a_p mod l; c4=0 or c6=0 is CM)
v2_torsion,3,v2_tamagawa,1,0,321.6,forbidden,-139.6,1889364,family L: torsion/isogeny constrains local data (T4/T13/T17 type)
two_adic_label,X36,log_odd_moddeg,b7,24,410.9,depleted,-139.5,1841734,"family E: Eisenstein congruence, rational torsion/isogeny divides the congruence number"
two_adic_label,X11,v2_tamagawa,2,0,321.1,forbidden,-139.4,1841734,family L: torsion/isogeny constrains local data (T4/T13/T17 type)
c4_sign,0,log_j_height,b4,0,319.8,forbidden,-138.9,1889364,same-group EQ
two_adic_label,X8c,v2_moddeg,4,1,325.6,depleted,-138.9,1841734,"family E: Eisenstein congruence, rational torsion/isogeny divides the congruence number"
two_adic_label,X34,log_area,b7,17,386.8,depleted,-138.6,1841734,family S: large isogeny degree forces special j and small models (T9/T10/T8)
two_adic_label,X9c,n_kod_IVs,1,0,318.9,forbidden,-138.5,1841734,family L: torsion/isogeny constrains local data (T4/T13/T17 type)
c6_sign,0,n_intpts_x,0,0,318.9,forbidden,-138.5,1889364,U3 (likely via model size: T15)
two_adic_label,X36,log_omega,b6,21,399.4,depleted,-138.5,1841734,family S: large isogeny degree forces special j and small models (T9/T10/T8)
two_adic_log_index,4,v3_tamagawa,3,11,366.0,depleted,-138.3,1885114,family L: torsion/isogeny constrains local data (T4/T13/T17 type)
c4_sign,0,log_abs_c4,b4,0,318.2,forbidden,-138.2,1889364,same-group EQ
two_adic_label,X9d,frac_even,b2,0,317.8,forbidden,-138.0,1841734,T18/T5 (mod-l image fixes a_p mod l; c4=0 or c6=0 is CM)
two_adic_label,X10d,frac_even,b2,0,317.8,forbidden,-138.0,1841734,T18/T5 (mod-l image fixes a_p mod l; c4=0 or c6=0 is CM)
two_adic_label,X33,frac_even,b1,0,316.4,forbidden,-137.4,1841734,T18/T5 (mod-l image fixes a_p mod l; c4=0 or c6=0 is CM)
two_adic_label,X10a,log_odd_tamagawa,b3,1,322.2,depleted,-137.4,1841734,family L: torsion/isogeny constrains local data (T4/T13/T17 type)
two_adic_label,X9c,log_odd_tamagawa,b3,1,322.2,depleted,-137.4,1841734,family L: torsion/isogeny constrains local data (T4/T13/T17 type)
c4_sign,0,log_j_height,b5,0,316.4,forbidden,-137.4,1889364,same-group EQ
two_adic_label,X7,two_adic_log_index,1,0,316.0,forbidden,-137.2,1837484,same-group GAL
two_adic_label,X48,two_adic_log_index,1,0,314.9,forbidden,-136.8,1837484,same-group GAL
two_adic_label,X46,two_adic_log_index,1,0,314.9,forbidden,-136.8,1837484,same-group GAL
is_cm,1,frac_zero,b0,0,314.8,forbidden,-136.7,1311066,T10
is_cm,1,n_kod_IIs,2,135,5.1,enriched,-136.7,1889364,"T10 (CM: integral j, no multiplicative reduction)"
n_kod_Ins,3+,v3_tamagawa,2,14,371.7,depleted,-136.4,1889364,same-group LOC
two_adic_label,X38,v2_tamagawa,2,0,314.2,forbidden,-136.4,1841734,family L: torsion/isogeny constrains local data (T4/T13/T17 type)
two_adic_level,2,two_adic_log_index,6,0,313.8,forbidden,-136.3,1885114,same-group GAL
n_bad_primes,1,v5_tamagawa,1,1,319.1,depleted,-136.1,1889364,same-group LOC
two_adic_label,X7,is_opt,0,12,364.3,depleted,-136.1,1841734,I5/T8 (optimal vs non-optimal curves differ by the isogeny)
two_adic_label,CM,log_abs_c4,b7,39,444.3,depleted,-136.0,1841734,family L: torsion/isogeny constrains local data (T4/T13/T17 type)
max_isogeny_degree,3,has_5_isog,1,0,312.6,forbidden,-135.8,1311066,same-group GAL
n_kod_Ins,3+,n_kod_IIs,1,24,401.8,depleted,-135.8,1889364,same-group LOC
c4_sign,0,log_abs_c4,b5,0,312.6,forbidden,-135.7,1889364,same-group EQ
two_adic_label,X36,v2_moddeg,7,0,312.2,forbidden,-135.6,1841734,"family E: Eisenstein congruence, rational torsion/isogeny divides the congruence number"
two_adic_label,X33,log_abs_c4,b0,6,340.7,depleted,-135.6,1841734,family L: torsion/isogeny constrains local data (T4/T13/T17 type)
max_isogeny_degree,18,v2_tamagawa,1,6,340.3,depleted,-135.5,1889364,family L: torsion/isogeny constrains local data (T4/T13/T17 type)
two_adic_label,X36,log_j_height,b0,19,385.0,depleted,-135.2,1841734,family L: torsion/isogeny constrains local data (T4/T13/T17 type)
v2_moddeg,1,log_abs_disc,b6,37,437.0,depleted,-135.2,1889364,family M: valuations track the size of moddeg (T12)
class_size,8,bad_at_3,0,0,311.2,forbidden,-135.1,1311066,family L: torsion/isogeny constrains local data (T4/T13/T17 type)
c4_sign,0,log_j_height,b6,0,311.2,forbidden,-135.1,1889364,same-group EQ
two_adic_label,CM,n_kod_IIs,2,135,5.3,enriched,-135.0,1841734,family L: torsion/isogeny constrains local data (T4/T13/T17 type)
n_kod_IIs,2,n_intpts_x,2,5,334.8,depleted,-134.8,1889364,U3 (likely via model size: T15)
n_nonsplit_mult,4,n_kod_I0s,2,0,310.1,forbidden,-134.7,1889364,same-group LOC
max_isogeny_degree,2,has_7_isog,1,0,309.9,forbidden,-134.6,1311066,same-group GAL
torsion_structure,[5],n_split_mult,1,32,421.6,depleted,-134.5,1889364,family L: torsion/isogeny constrains local data (T4/T13/T17 type)
two_adic_label,X10d,max_isogeny_degree,4,0,309.5,forbidden,-134.4,1841734,same-group GAL
v2_moddeg,0,bad_at_3,1,17,376.8,depleted,-134.4,1889364,"family P: Dummigan, Caro-Pasten bounds on v2(moddeg) from multiplicative primes"
two_adic_label,X9d,max_isogeny_degree,4,0,309.5,forbidden,-134.4,1841734,same-group GAL
two_adic_label,X11,v2_tamagawa,1,0,309.0,forbidden,-134.2,1841734,family L: torsion/isogeny constrains local data (T4/T13/T17 type)
c4_sign,0,frac_zero,b2,0,308.6,forbidden,-134.0,1889364,T18/T5 (mod-l image fixes a_p mod l; c4=0 or c6=0 is CM)
is_cm,1,n_kod_III,2,171,11.3,enriched,-133.9,1889364,"T10 (CM: integral j, no multiplicative reduction)"
max_isogeny_degree,16,has_2_isog,0,0,307.0,forbidden,-133.3,1311066,same-group GAL
v2_moddeg,1,log_omega,b0,34,424.1,depleted,-133.3,1889364,same-group AN
v3_moddeg,0,c4_sign,0,35,425.9,depleted,-133.0,1889364,T10 (c4=0 or c6=0 is a CM curve with j=0 or 1728)
c4_sign,0,log_abs_c4,b6,0,306.1,forbidden,-133.0,1889364,same-group EQ
is_cm,1,n_bad_primes,5,0,306.0,forbidden,-132.9,1311066,T10
v2_moddeg,0,n_kod_In,3+,0,306.0,forbidden,-132.9,1889364,"family P: Dummigan, Caro-Pasten bounds on v2(moddeg) from multiplicative primes"
two_adic_label,CM,has_7_isog,1,168,10.9,enriched,-132.7,1841734,same-group GAL
v2_moddeg,1,n_kod_IIIs,1,4,325.5,depleted,-132.7,1889364,"family P: Dummigan, Caro-Pasten bounds on v2(moddeg) from multiplicative primes"
two_adic_label,X9c,n_kod_IIIs,1,0,305.0,forbidden,-132.5,1841734,family L: torsion/isogeny constrains local data (T4/T13/T17 type)
c4_sign,0,n_split_mult,3,0,305.2,forbidden,-132.5,1889364,T4 (local data and equation)
max_isogeny_degree,12,n_kod_IVs,1,0,304.9,forbidden,-132.4,1889364,family L: torsion/isogeny constrains local data (T4/T13/T17 type)
n_kod_Ins,2,n_kod_IVs,2,33,418.6,depleted,-132.2,1889364,same-group LOC
two_adic_label,X38,v2_tamagawa,1,0,304.1,forbidden,-132.1,1841734,family L: torsion/isogeny constrains local data (T4/T13/T17 type)
v3_moddeg,8+,n_kod_III,1,25,395.6,depleted,-132.1,1889364,family M: valuations track the size of moddeg (T12)
c4_sign,0,n_kod_In,1,0,304.2,forbidden,-132.1,1889364,T4 (local data and equation)
two_adic_label,X44,v2_tamagawa,1,0,304.1,forbidden,-132.1,1841734,family L: torsion/isogeny constrains local data (T4/T13/T17 type)
v7_tamagawa,2,log_odd_tamagawa,b1,0,303.8,forbidden,-131.9,1889364,same-group LOC
two_adic_level,4,n_bad_primes,1,16,367.4,depleted,-131.8,1885114,family L: torsion/isogeny constrains local data (T4/T13/T17 type)
is_cm,1,frac_zero,b1,0,303.4,forbidden,-131.8,1311066,T10
two_adic_label,X32,v2_tamagawa,1,0,303.4,forbidden,-131.8,1841734,family L: torsion/isogeny constrains local data (T4/T13/T17 type)
two_adic_label,X10a,n_kod_III,1,0,303.6,forbidden,-131.8,1841734,family L: torsion/isogeny constrains local data (T4/T13/T17 type)
max_isogeny_degree,10,has_2_isog,0,0,303.2,forbidden,-131.7,1311066,same-group GAL
two_adic_label,X13c,v2_torsion,2,0,303.1,forbidden,-131.6,1841734,same-group GAL
two_adic_label,X13g,v2_torsion,2,0,303.1,forbidden,-131.6,1841734,same-group GAL
two_adic_label,X13e,v2_torsion,2,0,303.1,forbidden,-131.6,1841734,same-group GAL
two_adic_label,X34,v2_tamagawa,0,0,303.1,forbidden,-131.6,1841734,family L: torsion/isogeny constrains local data (T4/T13/T17 type)
has_5_isog,1,odd_torsion,3,4,322.6,depleted,-131.5,1889364,same-group GAL
c4_sign,0,log_j_height,b7,0,302.9,forbidden,-131.5,1889364,same-group EQ
two_adic_label,X25,v2_tamagawa,3,0,302.1,forbidden,-131.2,1841734,family L: torsion/isogeny constrains local data (T4/T13/T17 type)
torsion_structure,"[2,4]",n_additive,2,0,302.1,forbidden,-131.2,1889364,family L: torsion/isogeny constrains local data (T4/T13/T17 type)
v5_sha,2,v5_moddeg,4,203,18.9,enriched,-131.0,1889364,T14
v2_moddeg,1,n_kod_III,1,4,321.3,depleted,-130.9,1889364,"family P: Dummigan, Caro-Pasten bounds on v2(moddeg) from multiplicative primes"
class_size,1,max_isogeny_degree,12,0,300.9,forbidden,-130.7,1311066,same-group GAL
n_nonsplit_mult,5+,n_kod_IV,1,23,386.3,depleted,-130.7,1889364,same-group LOC
two_adic_label,X34,two_adic_log_index,2,0,301.0,forbidden,-130.7,1837484,same-group GAL
max_isogeny_degree,12,n_kod_IIIs,1,0,300.8,forbidden,-130.6,1889364,family L: torsion/isogeny constrains local data (T4/T13/T17 type)
two_adic_label,X33,frac_even,b3,0,300.7,forbidden,-130.6,1841734,T18/T5 (mod-l image fixes a_p mod l; c4=0 or c6=0 is CM)
v2_moddeg,1,log_area,b1,42,437.9,depleted,-130.4,1889364,same-group AN
c4_sign,0,frac_even,b0,8,335.9,depleted,-130.3,1889364,T18/T5 (mod-l image fixes a_p mod l; c4=0 or c6=0 is CM)
two_adic_label,X13d,v2_moddeg,3,37,424.2,depleted,-130.2,1841734,"family E: Eisenstein congruence, rational torsion/isogeny divides the congruence number"
torsion_structure,[3],two_adic_label,X19,0,299.8,forbidden,-130.2,1841734,same-group GAL
torsion_structure,[3],two_adic_label,X15,0,299.8,forbidden,-130.2,1841734,same-group GAL
n_split_mult,0,v7_tamagawa,2,0,299.9,forbidden,-130.2,1889364,same-group LOC
c4_sign,0,frac_zero,b5,0,299.7,forbidden,-130.2,1889364,T18/T5 (mod-l image fixes a_p mod l; c4=0 or c6=0 is CM)
class_size,8,v2_moddeg,4,15,359.3,depleted,-129.8,1889364,"family E: Eisenstein congruence, rational torsion/isogeny divides the congruence number"
v2_moddeg,1,log_abs_c4,b6,44,441.0,depleted,-129.6,1889364,family M: valuations track the size of moddeg (T12)
max_isogeny_degree,8,v3_moddeg,6,30,403.4,depleted,-129.4,1889364,"family E: Eisenstein congruence, rational torsion/isogeny divides the congruence number"
max_isogeny_degree,12,n_kod_III,1,0,298.0,forbidden,-129.4,1889364,family L: torsion/isogeny constrains local data (T4/T13/T17 type)
n_nonsplit_mult,5+,n_kod_IIs,1,15,358.0,depleted,-129.3,1889364,same-group LOC
max_isogeny_degree,12,v5_tamagawa,1,0,296.9,forbidden,-129.0,1889364,family L: torsion/isogeny constrains local data (T4/T13/T17 type)
c4_sign,0,log_abs_c4,b7,0,297.0,forbidden,-129.0,1889364,same-group EQ
two_adic_label,X9d,v2_tamagawa,0,0,296.9,forbidden,-128.9,1841734,family L: torsion/isogeny constrains local data (T4/T13/T17 type)
two_adic_label,X10d,v2_tamagawa,0,0,296.9,forbidden,-128.9,1841734,family L: torsion/isogeny constrains local data (T4/T13/T17 type)
two_adic_label,X36,has_3_isog,1,0,296.5,forbidden,-128.8,1841734,same-group GAL
two_adic_label,X36n,v2_tamagawa,1,25,386.7,depleted,-128.5,1841734,family L: torsion/isogeny constrains local data (T4/T13/T17 type)
v3_sha,3+,log_odd_sha,b0,0,295.7,forbidden,-128.4,1889364,same-group AN
two_adic_label,X33,log_area,b7,12,345.0,depleted,-128.1,1841734,family S: large isogeny degree forces special j and small models (T9/T10/T8)
two_adic_level,4,v3_moddeg,8+,34,410.6,depleted,-127.9,1885114,"family E: Eisenstein congruence, rational torsion/isogeny divides the congruence number"
n_kod_IIs,2,log_regulator,b0,0,293.7,forbidden,-127.6,1889364,"T4+T11 (reduction types fix v_p(Delta), hence the period)"
two_adic_label,X13h,v2_moddeg,3,40,424.2,depleted,-127.1,1841734,"family E: Eisenstein congruence, rational torsion/isogeny divides the congruence number"
two_adic_label,X9d,frac_zero,b7,4,312.0,depleted,-126.9,1841734,T18/T5 (mod-l image fixes a_p mod l; c4=0 or c6=0 is CM)
two_adic_label,X10d,frac_zero,b7,4,312.0,depleted,-126.9,1841734,T18/T5 (mod-l image fixes a_p mod l; c4=0 or c6=0 is CM)
torsion_structure,"[2,4]",n_bad_primes,3,21,371.1,depleted,-126.9,1889364,family L: torsion/isogeny constrains local data (T4/T13/T17 type)
two_adic_label,X9d,two_adic_log_index,2,0,291.2,forbidden,-126.5,1837484,same-group GAL
two_adic_label,X10d,two_adic_log_index,2,0,291.2,forbidden,-126.5,1837484,same-group GAL
two_adic_label,X4,v2_torsion,2,0,290.8,forbidden,-126.3,1841734,same-group GAL
two_adic_label,X10a,n_kod_II,1,0,290.3,forbidden,-126.1,1841734,family L: torsion/isogeny constrains local data (T4/T13/T17 type)
two_adic_level,32,two_adic_log_index,1,0,290.4,forbidden,-126.1,1885114,same-group GAL
two_adic_label,X8d,v2_moddeg,3,41,424.2,depleted,-126.0,1841734,"family E: Eisenstein congruence, rational torsion/isogeny divides the congruence number"
n_additive,4+,n_kod_In,1,0,290.1,forbidden,-126.0,1889364,same-group LOC
two_adic_label,X13,n_kod_IVs,2,0,289.3,forbidden,-125.6,1841734,family L: torsion/isogeny constrains local data (T4/T13/T17 type)
two_adic_label,X33,frac_even,b2,0,289.2,forbidden,-125.6,1841734,T18/T5 (mod-l image fixes a_p mod l; c4=0 or c6=0 is CM)
torsion_structure,"[2,4]",v2_tamagawa,2,1,294.4,depleted,-125.4,1889364,family L: torsion/isogeny constrains local data (T4/T13/T17 type)
n_kod_IIs,2,log_abs_disc,b0,0,288.7,forbidden,-125.4,1889364,T4 (local data and equation)
max_isogeny_degree,15,n_kod_In,0,152,9.1,enriched,-125.1,1889364,family L: torsion/isogeny constrains local data (T4/T13/T17 type)
two_adic_label,X9d,n_nonsplit_mult,3,0,287.8,forbidden,-125.0,1841734,family L: torsion/isogeny constrains local data (T4/T13/T17 type)
two_adic_label,X10d,n_nonsplit_mult,3,0,287.8,forbidden,-125.0,1841734,family L: torsion/isogeny constrains local data (T4/T13/T17 type)
torsion_structure,"[2,4]",v2_tamagawa,1,0,287.8,forbidden,-125.0,1889364,family L: torsion/isogeny constrains local data (T4/T13/T17 type)
v2_torsion,3,n_split_mult,0,1,293.2,depleted,-124.8,1889364,family L: torsion/isogeny constrains local data (T4/T13/T17 type)
torsion_structure,[5],two_adic_level,2,0,287.3,forbidden,-124.8,1885114,same-group GAL
v2_sha,3+,n_intpts_x,5,0,287.1,forbidden,-124.7,1889364,"U3 (likely via rank and period: T15, I1)"
v3_sha,2,n_intpts_x,8,0,286.8,forbidden,-124.6,1889364,"U3 (likely via rank and period: T15, I1)"
max_isogeny_degree,10,log_odd_tamagawa,b1,6,314.2,depleted,-124.3,1889364,family L: torsion/isogeny constrains local data (T4/T13/T17 type)
class_size,3,two_adic_log_index,4,0,286.2,forbidden,-124.3,1885114,same-group GAL
class_size,4,n_kod_IIs,2,8,321.8,depleted,-124.3,1889364,family L: torsion/isogeny constrains local data (T4/T13/T17 type)
n_additive,4+,log_j_height,b6,26,379.2,depleted,-124.2,1889364,T4 (local data and equation)
two_adic_level,4,two_adic_label,X2,0,286.1,forbidden,-124.2,1837484,same-group GAL
n_additive,3,v5_tamagawa,2,21,364.3,depleted,-124.1,1889364,same-group LOC
two_adic_label,X34,n_kod_I0s,2,183,15.7,enriched,-124.0,1841734,family L: torsion/isogeny constrains local data (T4/T13/T17 type)
two_adic_label,X32,c4_sign,-1,0,285.3,forbidden,-123.9,1841734,family L: torsion/isogeny constrains local data (T4/T13/T17 type)
rank_c,3,n_intpts_x,3,4,304.8,depleted,-123.8,1889364,T15
max_isogeny_degree,16,two_adic_log_index,3,0,285.0,forbidden,-123.8,1885114,same-group GAL
two_adic_label,X33,frac_zero,b7,0,285.1,forbidden,-123.8,1841734,T18/T5 (mod-l image fixes a_p mod l; c4=0 or c6=0 is CM)
two_adic_label,X7,n_split_mult,2,16,347.9,depleted,-123.7,1841734,family L: torsion/isogeny constrains local data (T4/T13/T17 type)
max_isogeny_degree,4,n_kod_IIs,2,0,284.7,forbidden,-123.7,1889364,family L: torsion/isogeny constrains local data (T4/T13/T17 type)
exceptional_image,1,n_split_mult,4,1,289.1,depleted,-123.1,1889364,family L: torsion/isogeny constrains local data (T4/T13/T17 type)
n_kod_IIs,2,log_area,b7,1,289.0,depleted,-123.0,1889364,"T11 (area is the covolume, a function of c4, c6)"
two_adic_label,X13f,max_isogeny_degree,6,0,282.9,forbidden,-122.9,1841734,same-group GAL
two_adic_label,X13h,max_isogeny_degree,6,0,282.9,forbidden,-122.9,1841734,same-group GAL
two_adic_label,X13d,max_isogeny_degree,6,0,282.9,forbidden,-122.9,1841734,same-group GAL
two_adic_label,X8d,max_isogeny_degree,6,0,282.9,forbidden,-122.9,1841734,same-group GAL
max_isogeny_degree,10,v3_tamagawa,1,24,369.9,depleted,-122.8,1889364,family L: torsion/isogeny constrains local data (T4/T13/T17 type)
max_isogeny_degree,16,n_kod_IVs,1,0,282.7,forbidden,-122.8,1889364,family L: torsion/isogeny constrains local data (T4/T13/T17 type)
two_adic_label,X7,n_nonsplit_mult,2,15,342.3,depleted,-122.8,1841734,family L: torsion/isogeny constrains local data (T4/T13/T17 type)
torsion_structure,[6],n_kod_Ins,2,0,282.5,forbidden,-122.7,1889364,family L: torsion/isogeny constrains local data (T4/T13/T17 type)
two_adic_label,X44,c4_sign,-1,0,282.3,forbidden,-122.6,1841734,family L: torsion/isogeny constrains local data (T4/T13/T17 type)
two_adic_label,X38,c4_sign,-1,0,282.3,forbidden,-122.6,1841734,family L: torsion/isogeny constrains local data (T4/T13/T17 type)
c4_sign,0,n_nonsplit_mult,3,0,282.1,forbidden,-122.5,1889364,T4 (local data and equation)
torsion_structure,"[2,2]",v3_moddeg,7,33,393.9,depleted,-122.3,1889364,"family E: Eisenstein congruence, rational torsion/isogeny divides the congruence number"
two_adic_label,X5,max_isogeny_degree,4,0,281.7,forbidden,-122.3,1841734,same-group GAL
two_adic_level,4,two_adic_label,X36,0,281.1,forbidden,-122.1,1837484,same-group GAL
max_isogeny_degree,8,v3_tamagawa,3,6,308.7,depleted,-122.0,1889364,family L: torsion/isogeny constrains local data (T4/T13/T17 type)
rank_c,3,n_kod_IIIs,1,19,353.0,depleted,-122.0,1889364,U7 (rank and reduction types; T16 for n_bad_primes)
two_adic_label,X34,log_omega,b7,29,382.1,depleted,-122.0,1841734,family S: large isogeny degree forces special j and small models (T9/T10/T8)
is_cm,1,frac_even,b0,11,326.3,depleted,-121.7,1311066,T10 (CM trace pattern)
class_size,4,max_isogeny_degree,5,0,280.1,forbidden,-121.6,1311066,same-group GAL
torsion_structure,[5],two_adic_label,X6,0,279.3,forbidden,-121.3,1841734,same-group GAL
max_isogeny_degree,4,has_5_isog,1,0,279.3,forbidden,-121.3,1311066,same-group GAL
n_torsion_gens,2,v3_moddeg,7,37,401.0,depleted,-121.0,1889364,"family E: Eisenstein congruence, rational torsion/isogeny divides the congruence number"
torsion_structure,[6],v2_torsion,2,0,278.5,forbidden,-120.9,1889364,I
c4_sign,0,petersson_resid,b7,12,327.6,depleted,-120.8,1889364,T10 (c4=0 or c6=0 is a CM curve with j=0 or 1728)
class_size,8,v7_tamagawa,1,0,278.2,forbidden,-120.8,1889364,family L: torsion/isogeny constrains local data (T4/T13/T17 type)
max_isogeny_degree,12,n_kod_II,1,0,278.0,forbidden,-120.7,1889364,family L: torsion/isogeny constrains local data (T4/T13/T17 type)
max_isogeny_degree,16,log_odd_tamagawa,b3,0,278.0,forbidden,-120.7,1889364,family L: torsion/isogeny constrains local data (T4/T13/T17 type)
max_isogeny_degree,12,v2_moddeg,7,28,376.2,depleted,-120.7,1889364,"family E: Eisenstein congruence, rational torsion/isogeny divides the congruence number"
max_isogeny_degree,16,n_kod_IIIs,1,0,277.4,forbidden,-120.5,1889364,family L: torsion/isogeny constrains local data (T4/T13/T17 type)
v2_moddeg,5,n_kod_IIIs,2,6,304.7,depleted,-120.3,1889364,"family P: Dummigan, Caro-Pasten bounds on v2(moddeg) from multiplicative primes"
class_size,1,max_isogeny_degree,16,0,276.8,forbidden,-120.2,1311066,same-group GAL
two_adic_label,X2,log_j_height,b7,30,379.8,depleted,-120.0,1841734,family L: torsion/isogeny constrains local data (T4/T13/T17 type)
two_adic_label,X46,v2_tamagawa,2,0,275.3,forbidden,-119.6,1841734,family L: torsion/isogeny constrains local data (T4/T13/T17 type)
max_isogeny_degree,16,n_kod_III,1,0,274.7,forbidden,-119.3,1889364,family L: torsion/isogeny constrains local data (T4/T13/T17 type)
two_adic_label,X34,has_3_isog,1,0,274.2,forbidden,-119.1,1841734,same-group GAL
two_adic_log_index,5,v7_tamagawa,1,30,377.3,depleted,-119.0,1885114,family L: torsion/isogeny constrains local data (T4/T13/T17 type)
class_size,1,max_isogeny_degree,10,0,273.9,forbidden,-119.0,1311066,same-group GAL
max_isogeny_degree,16,v5_tamagawa,1,0,273.5,forbidden,-118.8,1889364,family L: torsion/isogeny constrains local data (T4/T13/T17 type)
two_adic_level,8,two_adic_label,X2,0,273.1,forbidden,-118.6,1837484,same-group GAL
n_nonsurj_primes,0,max_isogeny_degree,25,0,272.8,forbidden,-118.5,1889364,same-group GAL
v2_moddeg,4,n_kod_Ins,3+,0,272.6,forbidden,-118.4,1889364,"family P: Dummigan, Caro-Pasten bounds on v2(moddeg) from multiplicative primes"
two_adic_label,X10a,max_isogeny_degree,3,0,272.5,forbidden,-118.3,1841734,same-group GAL
two_adic_label,X9c,max_isogeny_degree,3,0,272.5,forbidden,-118.3,1841734,same-group GAL
max_isogeny_degree,9,two_adic_log_index,4,0,271.6,forbidden,-118.0,1885114,same-group GAL
max_isogeny_degree,8,has_3_isog,1,0,271.5,forbidden,-117.9,1311066,same-group GAL
two_adic_label,X3,n_kod_IVs,2,188,18.3,enriched,-117.9,1841734,family L: torsion/isogeny constrains local data (T4/T13/T17 type)
n_bad_primes,1,n_kod_IVs,1,14,327.2,depleted,-117.8,1889364,same-group LOC
two_adic_label,X36,n_kod_IVs,1,0,270.8,forbidden,-117.6,1841734,family L: torsion/isogeny constrains local data (T4/T13/T17 type)
torsion_structure,[6],n_kod_IIs,1,0,270.4,forbidden,-117.4,1889364,family L: torsion/isogeny constrains local data (T4/T13/T17 type)
odd_torsion,5,n_additive,2,0,268.5,forbidden,-116.6,1889364,family L: torsion/isogeny constrains local data (T4/T13/T17 type)
torsion_structure,"[2,4]",c4_sign,-1,0,268.4,forbidden,-116.6,1889364,family L: torsion/isogeny constrains local data (T4/T13/T17 type)
two_adic_label,X34,log_abs_disc,b0,36,386.4,depleted,-116.3,1841734,family L: torsion/isogeny constrains local data (T4/T13/T17 type)
two_adic_label,X46,v2_tamagawa,1,0,267.5,forbidden,-116.2,1841734,family L: torsion/isogeny constrains local data (T4/T13/T17 type)
two_adic_label,X33,v2_tamagawa,0,0,267.7,forbidden,-116.2,1841734,family L: torsion/isogeny constrains local data (T4/T13/T17 type)
two_adic_label,X48,v2_tamagawa,1,0,267.5,forbidden,-116.2,1841734,family L: torsion/isogeny constrains local data (T4/T13/T17 type)
torsion_structure,[5],two_adic_log_index,1,3,282.6,depleted,-116.1,1885114,same-group GAL
two_adic_log_index,5,v3_moddeg,5,22,347.7,depleted,-116.1,1885114,"family E: Eisenstein congruence, rational torsion/isogeny divides the congruence number"
two_adic_label,X5,two_adic_log_index,2,0,267.0,forbidden,-116.0,1837484,same-group GAL
n_intpts_x,9,log_odd_sha,b1,0,266.9,forbidden,-115.9,1889364,"U3 (likely via rank and period: T15, I1)"
n_kod_IIs,2,log_omega,b7,5,290.0,depleted,-115.7,1889364,"T4+T11 (reduction types fix v_p(Delta), hence the period)"
two_adic_label,X38,bad_at_2,0,0,265.3,forbidden,-115.2,1841734,family L: torsion/isogeny constrains local data (T4/T13/T17 type)
n_kod_II,2,n_kod_Ins,2,17,330.3,depleted,-115.2,1889364,same-group LOC
two_adic_label,X44,bad_at_2,0,0,265.3,forbidden,-115.2,1841734,family L: torsion/isogeny constrains local data (T4/T13/T17 type)
two_adic_label,X33,two_adic_log_index,2,0,264.9,forbidden,-115.0,1837484,same-group GAL
root_number,-1,v2_moddeg,0,0,264.2,forbidden,-114.7,1889364,same-group AN
n_kod_IV,2,log_odd_moddeg,b0,21,340.9,depleted,-114.6,1889364,family M: valuations track the size of moddeg (T12)
n_bad_primes,2,n_kod_Ins,3+,0,263.9,forbidden,-114.6,1889364,same-group LOC
c6_sign,0,n_split_mult,2,0,263.7,forbidden,-114.5,1889364,T4 (local data and equation)
rank_c,1,v2_moddeg,0,0,263.3,forbidden,-114.3,1889364,C1
n_nonsurj_primes,2,two_adic_log_index,5,0,262.7,forbidden,-114.1,1885114,same-group GAL
two_adic_label,X36,v2_moddeg,6,0,262.4,forbidden,-114.0,1841734,"family E: Eisenstein congruence, rational torsion/isogeny divides the congruence number"
max_isogeny_degree,25,v5_moddeg,0,31,366.9,depleted,-113.8,1889364,"family E: Eisenstein congruence, rational torsion/isogeny divides the congruence number"
torsion_structure,[4],two_adic_label,X8,0,261.9,forbidden,-113.7,1841734,same-group GAL
class_size,3,max_isogeny_degree,3,0,261.6,forbidden,-113.6,1311066,same-group GAL
is_cm,1,frac_zero,b3,0,261.5,forbidden,-113.6,1311066,T10
c6_sign,0,n_kod_In,2,0,261.3,forbidden,-113.5,1889364,T4 (local data and equation)
torsion_structure,[5],n_additive,2,0,261.1,forbidden,-113.4,1889364,family L: torsion/isogeny constrains local data (T4/T13/T17 type)
max_isogeny_degree,16,log_odd_moddeg,b7,16,322.5,depleted,-113.2,1889364,"family E: Eisenstein congruence, rational torsion/isogeny divides the congruence number"
n_kod_IIs,2,log_odd_moddeg,b0,5,283.7,depleted,-113.0,1889364,family M: valuations track the size of moddeg (T12)
two_adic_label,X38,v2_tamagawa,3,0,260.3,forbidden,-113.0,1841734,family L: torsion/isogeny constrains local data (T4/T13/T17 type)
c6_sign,0,n_nonsplit_mult,2,0,259.4,forbidden,-112.7,1889364,T4 (local data and equation)
class_size,4,max_isogeny_degree,9,0,258.8,forbidden,-112.4,1311066,same-group GAL
two_adic_label,X36l,n_split_mult,5+,118,5.2,enriched,-112.3,1841734,family L: torsion/isogeny constrains local data (T4/T13/T17 type)
two_adic_label,X36n,n_split_mult,5+,118,5.2,enriched,-112.3,1841734,family L: torsion/isogeny constrains local data (T4/T13/T17 type)
max_isogeny_degree,25,v2_torsion,1,0,258.4,forbidden,-112.2,1889364,same-group GAL
n_kod_IIs,2,log_abs_disc,b1,9,295.8,depleted,-111.8,1889364,T4 (local data and equation)
torsion_structure,[6],n_bad_primes,2,10,299.4,depleted,-111.8,1889364,family L: torsion/isogeny constrains local data (T4/T13/T17 type)
max_isogeny_degree,16,n_kod_II,1,0,256.4,forbidden,-111.3,1889364,family L: torsion/isogeny constrains local data (T4/T13/T17 type)
two_adic_label,X48,v2_tamagawa,2,4,275.3,depleted,-111.2,1841734,family L: torsion/isogeny constrains local data (T4/T13/T17 type)
torsion_structure,"[2,4]",n_split_mult,0,1,261.6,depleted,-111.2,1889364,family L: torsion/isogeny constrains local data (T4/T13/T17 type)
n_split_mult,1,v5_tamagawa,3,0,255.4,forbidden,-110.9,1889364,same-group LOC
torsion_structure,[2],max_isogeny_degree,25,0,255.4,forbidden,-110.9,1889364,same-group GAL
c6_sign,0,n_additive,0,0,255.0,forbidden,-110.8,1889364,T4 (local data and equation)
has_5_isog,1,two_adic_log_index,4,0,255.2,forbidden,-110.8,1885114,same-group GAL
odd_torsion,3,two_adic_log_index,5,0,254.8,forbidden,-110.7,1885114,same-group GAL
n_bad_primes,1,n_kod_IIIs,1,18,322.3,depleted,-110.6,1889364,same-group LOC
two_adic_label,X33,log_abs_disc,b0,26,344.9,depleted,-110.4,1841734,family L: torsion/isogeny constrains local data (T4/T13/T17 type)
n_bad_primes,6+,n_kod_I0s,2,0,254.0,forbidden,-110.3,1889364,same-group LOC
torsion_structure,[3],has_5_isog,1,4,273.2,depleted,-110.3,1889364,same-group GAL
is_cm,1,frac_zero,b2,0,253.5,forbidden,-110.1,1311066,T10
v2_torsion,3,v2_tamagawa,3,4,272.4,depleted,-110.0,1889364,family L: torsion/isogeny constrains local data (T4/T13/T17 type)
class_size,6,v2_moddeg,2,12,301.8,depleted,-110.0,1889364,"family E: Eisenstein congruence, rational torsion/isogeny divides the congruence number"
two_adic_level,16,odd_torsion,3,0,253.1,forbidden,-109.9,1885114,same-group GAL
v2_moddeg,2,n_bad_primes,6+,0,252.7,forbidden,-109.8,1889364,"family P: Dummigan, Caro-Pasten bounds on v2(moddeg) from multiplicative primes"
n_nonsplit_mult,5+,v3_tamagawa,2,22,331.3,depleted,-109.5,1889364,same-group LOC
v2_torsion,2,n_kod_II,2,0,252.0,forbidden,-109.4,1889364,family L: torsion/isogeny constrains local data (T4/T13/T17 type)
v3_moddeg,7,c4_sign,0,164,14.6,enriched,-109.1,1889364,T10 (c4=0 or c6=0 is a CM curve with j=0 or 1728)
two_adic_level,4,two_adic_label,X34,0,250.1,forbidden,-108.6,1837484,same-group GAL
two_adic_label,X13f,n_kod_In,0,0,249.5,forbidden,-108.3,1841734,family L: torsion/isogeny constrains local data (T4/T13/T17 type)
two_adic_label,X13d,n_kod_In,0,0,249.5,forbidden,-108.3,1841734,family L: torsion/isogeny constrains local data (T4/T13/T17 type)
two_adic_label,X8d,n_kod_In,0,0,249.5,forbidden,-108.3,1841734,family L: torsion/isogeny constrains local data (T4/T13/T17 type)
two_adic_label,X13h,n_kod_In,0,0,249.5,forbidden,-108.3,1841734,family L: torsion/isogeny constrains local data (T4/T13/T17 type)
two_adic_label,X34,frac_zero,b3,34,360.8,depleted,-108.2,1841734,T18/T5 (mod-l image fixes a_p mod l; c4=0 or c6=0 is CM)
two_adic_label,X7,n_bad_primes,5,0,248.9,forbidden,-108.1,1841734,family L: torsion/isogeny constrains local data (T4/T13/T17 type)
n_bad_primes,1,n_kod_III,1,19,319.0,depleted,-108.0,1889364,same-group LOC
max_isogeny_degree,12,v2_moddeg,6,24,332.8,depleted,-107.8,1889364,"family E: Eisenstein congruence, rational torsion/isogeny divides the congruence number"
two_adic_label,X36l,log_omega,b7,2,258.6,depleted,-107.8,1841734,family S: large isogeny degree forces special j and small models (T9/T10/T8)
max_isogeny_degree,5,odd_torsion,3,0,248.1,forbidden,-107.7,1889364,same-group GAL
two_adic_label,X46,c4_sign,-1,0,247.7,forbidden,-107.6,1841734,family L: torsion/isogeny constrains local data (T4/T13/T17 type)
two_adic_label,X5,log_odd_moddeg,b0,14,302.2,depleted,-107.5,1841734,"family E: Eisenstein congruence, rational torsion/isogeny divides the congruence number"
is_cm,1,petersson_resid,b7,6,273.9,depleted,-107.2,1311066,family E/T10 (Eisenstein congruences; CM symmetric square)
max_isogeny_degree,13,n_kod_In,3+,0,246.2,forbidden,-106.9,1889364,family L: torsion/isogeny constrains local data (T4/T13/T17 type)
n_torsion_gens,2,n_kod_IVs,2,0,246.2,forbidden,-106.9,1889364,family L: torsion/isogeny constrains local data (T4/T13/T17 type)
two_adic_label,X36,log_odd_tamagawa,b3,8,280.0,depleted,-106.6,1841734,family L: torsion/isogeny constrains local data (T4/T13/T17 type)
v2_torsion,2,n_kod_III,2,0,244.6,forbidden,-106.2,1889364,family L: torsion/isogeny constrains local data (T4/T13/T17 type)
n_additive,4+,v5_tamagawa,1,0,244.0,forbidden,-106.0,1889364,same-group LOC
n_additive,4+,log_abs_disc,b0,15,301.4,depleted,-105.8,1889364,T4 (local data and equation)
v2_moddeg,4,n_nonsplit_mult,5+,0,243.3,forbidden,-105.7,1889364,"family P: Dummigan, Caro-Pasten bounds on v2(moddeg) from multiplicative primes"
two_adic_label,X9c,v5_tamagawa,1,19,312.8,depleted,-105.5,1841734,family L: torsion/isogeny constrains local data (T4/T13/T17 type)
two_adic_label,X33,has_3_isog,1,0,242.9,forbidden,-105.5,1841734,same-group GAL
two_adic_label,X10a,v5_tamagawa,1,19,312.8,depleted,-105.5,1841734,family L: torsion/isogeny constrains local data (T4/T13/T17 type)
v2_sha,3+,n_intpts_x,10+,0,242.6,forbidden,-105.4,1889364,"U3 (likely via rank and period: T15, I1)"
two_adic_level,4,two_adic_label,X9d,0,242.3,forbidden,-105.2,1837484,same-group GAL
class_size,8,v2_torsion,3,145,11.1,enriched,-105.1,1889364,same-group GAL
two_adic_log_index,3,rank_c,3,6,268.7,depleted,-105.0,1885114,"C6 (rank and 2-, 3-torsion structure)"
torsion_structure,"[2,2]",n_kod_IVs,2,0,241.2,forbidden,-104.8,1889364,family L: torsion/isogeny constrains local data (T4/T13/T17 type)
n_split_mult,4,n_kod_Ins,3+,0,241.3,forbidden,-104.8,1889364,same-group LOC
two_adic_label,X36l,log_area,b7,5,264.0,depleted,-104.6,1841734,family S: large isogeny degree forces special j and small models (T9/T10/T8)
two_adic_level,8,two_adic_label,X10d,0,239.4,forbidden,-104.0,1837484,same-group GAL
is_cm,1,n_kod_Ins,2,0,239.3,forbidden,-103.9,1889364,"T10 (CM: integral j, no multiplicative reduction)"
odd_torsion,3,n_kod_I0s,2,0,239.3,forbidden,-103.9,1889364,family L: torsion/isogeny constrains local data (T4/T13/T17 type)
is_cm,1,frac_zero,b4,0,238.4,forbidden,-103.6,1311066,T10
torsion_structure,[5],v2_tamagawa,4+,11,282.8,depleted,-103.4,1889364,family L: torsion/isogeny constrains local data (T4/T13/T17 type)
two_adic_label,X36n,class_size,4,0,238.1,forbidden,-103.4,1841734,same-group GAL
two_adic_label,X36l,class_size,4,0,238.1,forbidden,-103.4,1841734,same-group GAL
max_isogeny_degree,18,has_3_isog,0,0,237.6,forbidden,-103.2,1311066,same-group GAL
n_kod_IIs,1,v3_tamagawa,4+,26,325.7,depleted,-102.7,1889364,same-group LOC
n_bad_primes,1,n_kod_II,1,17,299.2,depleted,-102.4,1889364,same-group LOC
n_kod_IIs,2,log_area,b6,16,296.0,depleted,-102.3,1889364,"T11 (area is the covolume, a function of c4, c6)"
two_adic_log_index,4,v2_moddeg,2,28,329.9,depleted,-102.2,1885114,"family E: Eisenstein congruence, rational torsion/isogeny divides the congruence number"
torsion_structure,[6],max_isogeny_degree,18,128,8.2,enriched,-102.2,1889364,same-group GAL
odd_torsion,5,n_split_mult,0,0,234.9,forbidden,-102.0,1889364,family L: torsion/isogeny constrains local data (T4/T13/T17 type)
n_additive,4+,petersson_resid,b7,6,261.7,depleted,-102.0,1311066,family M: valuations track the size of moddeg (T12)
v2_torsion,2,n_kod_IIIs,2,0,234.4,forbidden,-101.8,1889364,family L: torsion/isogeny constrains local data (T4/T13/T17 type)
class_size,6,max_isogeny_degree,3,0,234.2,forbidden,-101.7,1311066,same-group GAL
max_isogeny_degree,16,v2_moddeg,6,22,311.5,depleted,-101.5,1889364,"family E: Eisenstein congruence, rational torsion/isogeny divides the congruence number"
class_size,3,max_isogeny_degree,4,0,233.8,forbidden,-101.5,1311066,same-group GAL
n_additive,4+,log_omega,b7,21,308.4,depleted,-101.4,1889364,"T4+T11 (reduction types fix v_p(Delta), hence the period)"
two_adic_label,X48,bad_at_2,0,0,233.0,forbidden,-101.2,1841734,family L: torsion/isogeny constrains local data (T4/T13/T17 type)
two_adic_label,X34,n_kod_IVs,1,0,233.1,forbidden,-101.2,1841734,family L: torsion/isogeny constrains local data (T4/T13/T17 type)
two_adic_label,X46,bad_at_2,0,0,233.0,forbidden,-101.2,1841734,family L: torsion/isogeny constrains local data (T4/T13/T17 type)
n_torsion_gens,1,max_isogeny_degree,25,14,286.2,depleted,-100.9,1889364,same-group GAL
two_adic_label,X36l,log_j_height,b0,2,242.2,depleted,-100.7,1841734,family L: torsion/isogeny constrains local data (T4/T13/T17 type)
two_adic_label,X36n,log_j_height,b0,2,242.2,depleted,-100.7,1841734,family L: torsion/isogeny constrains local data (T4/T13/T17 type)
v2_moddeg,0,n_bad_primes,4,0,232.0,forbidden,-100.7,1889364,"family P: Dummigan, Caro-Pasten bounds on v2(moddeg) from multiplicative primes"
two_adic_label,X6,c6_sign,0,0,231.5,forbidden,-100.6,1841734,family L: torsion/isogeny constrains local data (T4/T13/T17 type)
two_adic_log_index,3,v3_moddeg,8+,20,303.2,depleted,-100.4,1885114,"family E: Eisenstein congruence, rational torsion/isogeny divides the congruence number"
two_adic_label,X44,v2_tamagawa,2,24,314.2,depleted,-100.3,1841734,family L: torsion/isogeny constrains local data (T4/T13/T17 type)
rank_c,3,n_kod_IIs,1,0,230.4,forbidden,-100.1,1889364,U7 (rank and reduction types; T16 for n_bad_primes)
two_adic_label,X8,n_kod_In,0,33,337.3,depleted,-100.0,1841734,family L: torsion/isogeny constrains local data (T4/T13/T17 type)
torsion_structure,"[2,4]",v2_tamagawa,3,3,245.0,depleted,-100.0,1889364,family L: torsion/isogeny constrains local data (T4/T13/T17 type)
max_isogeny_degree,8,v2_moddeg,2,12,277.3,depleted,-99.8,1889364,"family E: Eisenstein congruence, rational torsion/isogeny divides the congruence number"
max_isogeny_degree,6,n_split_mult,5+,153,14.1,enriched,-99.6,1311066,family L: torsion/isogeny constrains local data (T4/T13/T17 type)
two_adic_label,X36l,log_abs_c4,b0,7,259.0,depleted,-99.3,1841734,family L: torsion/isogeny constrains local data (T4/T13/T17 type)
two_adic_label,X13,n_kod_II,2,0,228.5,forbidden,-99.2,1841734,family L: torsion/isogeny constrains local data (T4/T13/T17 type)
two_adic_label,X46,v2_tamagawa,3,0,228.2,forbidden,-99.1,1841734,family L: torsion/isogeny constrains local data (T4/T13/T17 type)
two_adic_label,X36l,frac_even,b0,0,227.7,forbidden,-98.9,1841734,T18/T5 (mod-l image fixes a_p mod l; c4=0 or c6=0 is CM)
two_adic_label,X36n,frac_even,b0,0,227.7,forbidden,-98.9,1841734,T18/T5 (mod-l image fixes a_p mod l; c4=0 or c6=0 is CM)
torsion_structure,[3],two_adic_label,X10,0,227.6,forbidden,-98.9,1841734,same-group GAL
torsion_structure,[3],two_adic_label,X9,0,227.6,forbidden,-98.9,1841734,same-group GAL
class_size,4,max_isogeny_degree,8,0,227.4,forbidden,-98.8,1311066,same-group GAL
torsion_structure,[5],n_split_mult,0,0,226.9,forbidden,-98.5,1889364,family L: torsion/isogeny constrains local data (T4/T13/T17 type)
n_bad_primes,2,v3_tamagawa,4+,1,231.6,depleted,-98.2,1889364,same-group LOC
two_adic_label,X2,two_adic_log_index,3,0,226.1,forbidden,-98.2,1837484,same-group GAL
two_adic_label,X36l,frac_even,b1,0,225.3,forbidden,-97.9,1841734,T18/T5 (mod-l image fixes a_p mod l; c4=0 or c6=0 is CM)
two_adic_label,X36n,frac_even,b1,0,225.3,forbidden,-97.9,1841734,T18/T5 (mod-l image fixes a_p mod l; c4=0 or c6=0 is CM)
v5_moddeg,1,v5_tamagawa,3,0,225.2,forbidden,-97.8,1889364,"U1 (check Agashe-Ribet-Stein, Emerton: component groups and the congruence number)"
c4_sign,0,st_m2,b7,28,318.4,depleted,-97.7,1889364,T18/T5 (mod-l image fixes a_p mod l)
two_adic_label,X10a,n_kod_IV,1,0,224.2,forbidden,-97.4,1841734,family L: torsion/isogeny constrains local data (T4/T13/T17 type)
two_adic_label,X34,n_kod_IIIs,1,0,223.9,forbidden,-97.2,1841734,family L: torsion/isogeny constrains local data (T4/T13/T17 type)
two_adic_label,X9d,n_kod_IVs,1,0,223.3,forbidden,-97.0,1841734,family L: torsion/isogeny constrains local data (T4/T13/T17 type)
two_adic_label,X10d,n_kod_IVs,1,0,223.3,forbidden,-97.0,1841734,family L: torsion/isogeny constrains local data (T4/T13/T17 type)
two_adic_label,X13c,n_torsion_gens,2,0,223.1,forbidden,-96.9,1841734,same-group GAL
two_adic_label,X13g,n_torsion_gens,2,0,223.1,forbidden,-96.9,1841734,same-group GAL
rank_c,3,v2_sha,2,0,223.1,forbidden,-96.9,1889364,C4
two_adic_label,X13e,n_torsion_gens,2,0,223.1,forbidden,-96.9,1841734,same-group GAL
two_adic_label,X34,n_kod_III,1,0,223.0,forbidden,-96.8,1841734,family L: torsion/isogeny constrains local data (T4/T13/T17 type)
max_isogeny_degree,12,v2_moddeg,5,10,263.6,depleted,-96.8,1889364,"family E: Eisenstein congruence, rational torsion/isogeny divides the congruence number"
rank_c,2,n_kod_IIs,2,8,256.6,depleted,-96.8,1889364,U7 (rank and reduction types; T16 for n_bad_primes)
torsion_structure,"[2,2]",two_adic_label,X13e,0,222.6,forbidden,-96.7,1841734,same-group GAL
torsion_structure,"[2,2]",two_adic_label,X13c,0,222.6,forbidden,-96.7,1841734,same-group GAL
n_bad_primes,1,n_kod_Ins,2,0,222.6,forbidden,-96.7,1889364,same-group LOC
torsion_structure,"[2,2]",two_adic_label,X13g,0,222.6,forbidden,-96.7,1841734,same-group GAL
two_adic_label,CM,n_kod_Ins,2,0,222.5,forbidden,-96.6,1841734,family L: torsion/isogeny constrains local data (T4/T13/T17 type)
two_adic_label,X48,n_kod_I0s,2,116,6.8,enriched,-96.6,1841734,family L: torsion/isogeny constrains local data (T4/T13/T17 type)
has_3_isog,1,n_bad_primes,1,7,252.4,depleted,-96.5,1311066,family L: torsion/isogeny constrains local data (T4/T13/T17 type)
max_isogeny_degree,8,n_bad_primes,2,12,268.9,depleted,-96.3,1311066,family L: torsion/isogeny constrains local data (T4/T13/T17 type)
two_adic_label,X33,log_abs_c4,b1,30,319.8,depleted,-96.1,1841734,family L: torsion/isogeny constrains local data (T4/T13/T17 type)
two_adic_level,4,two_adic_label,X5,0,220.8,forbidden,-95.9,1837484,same-group GAL
two_adic_label,X25,frac_even,b0,0,220.6,forbidden,-95.8,1841734,T18/T5 (mod-l image fixes a_p mod l; c4=0 or c6=0 is CM)
class_size,4,v2_torsion,3,0,220.6,forbidden,-95.8,1889364,same-group GAL
two_adic_level,4,two_adic_label,X33,0,220.3,forbidden,-95.7,1837484,same-group GAL
n_additive,4+,log_area,b7,24,302.4,depleted,-95.6,1889364,"T11 (area is the covolume, a function of c4, c6)"
v2_moddeg,1,n_intpts_x,3,31,320.3,depleted,-95.3,1889364,U3 (likely via model size: T15)
n_split_mult,4,n_kod_IVs,2,0,218.9,forbidden,-95.1,1889364,same-group LOC
max_isogeny_degree,18,v3_moddeg,0,12,265.9,depleted,-95.0,1889364,"family E: Eisenstein congruence, rational torsion/isogeny divides the congruence number"
v2_moddeg,1,n_kod_Ins,2,0,218.6,forbidden,-95.0,1889364,"family P: Dummigan, Caro-Pasten bounds on v2(moddeg) from multiplicative primes"
max_isogeny_degree,15,n_kod_I0s,0,32,322.0,depleted,-95.0,1889364,family L: torsion/isogeny constrains local data (T4/T13/T17 type)
class_size,6,n_bad_primes,2,20,289.5,depleted,-94.9,1311066,family L: torsion/isogeny constrains local data (T4/T13/T17 type)
two_adic_label,X36,max_isogeny_degree,3,0,218.3,forbidden,-94.8,1841734,same-group GAL
two_adic_label,X9,v2_moddeg,3,12,265.3,depleted,-94.8,1841734,"family E: Eisenstein congruence, rational torsion/isogeny divides the congruence number"
v3_sha,2,n_intpts_x,9,0,218.1,forbidden,-94.7,1889364,"U3 (likely via rank and period: T15, I1)"
torsion_structure,[2],v5_tamagawa,3,16,275.9,depleted,-94.1,1889364,T13
two_adic_log_index,5,v2_moddeg,3,21,290.5,depleted,-94.1,1885114,"family E: Eisenstein congruence, rational torsion/isogeny divides the congruence number"
odd_torsion,5,log_odd_tamagawa,b1,0,216.7,forbidden,-94.1,1889364,family L: torsion/isogeny constrains local data (T4/T13/T17 type)
two_adic_label,X36n,frac_even,b3,0,216.1,forbidden,-93.9,1841734,T18/T5 (mod-l image fixes a_p mod l; c4=0 or c6=0 is CM)
two_adic_label,X36l,frac_even,b3,0,216.1,forbidden,-93.9,1841734,T18/T5 (mod-l image fixes a_p mod l; c4=0 or c6=0 is CM)
n_kod_III,2,n_kod_Ins,2,31,315.7,depleted,-93.5,1889364,same-group LOC
torsion_structure,[4],two_adic_label,X16,0,214.8,forbidden,-93.3,1841734,same-group GAL
torsion_structure,[4],two_adic_label,X17,0,214.8,forbidden,-93.3,1841734,same-group GAL
torsion_structure,[4],class_size,3,0,214.7,forbidden,-93.2,1889364,same-group GAL
max_isogeny_degree,12,n_kod_IV,1,0,214.2,forbidden,-93.0,1889364,family L: torsion/isogeny constrains local data (T4/T13/T17 type)
n_split_mult,3,n_additive,4+,0,214.2,forbidden,-93.0,1311066,same-group LOC
two_adic_label,X34,v2_moddeg,7,18,279.0,depleted,-93.0,1841734,"family E: Eisenstein congruence, rational torsion/isogeny divides the congruence number"
two_adic_label,X9d,n_kod_IIIs,1,0,214.0,forbidden,-92.9,1841734,family L: torsion/isogeny constrains local data (T4/T13/T17 type)
two_adic_label,X8,v2_moddeg,2,0,213.8,forbidden,-92.8,1841734,"family E: Eisenstein congruence, rational torsion/isogeny divides the congruence number"
two_adic_label,X4,n_torsion_gens,2,0,213.4,forbidden,-92.7,1841734,same-group GAL
n_kod_Ins,2,n_kod_IIIs,2,28,305.7,depleted,-92.7,1889364,same-group LOC
c4_sign,0,v5_tamagawa,1,0,213.3,forbidden,-92.6,1889364,T4 (local data and equation)
torsion_structure,"[2,2]",two_adic_label,X4,0,213.0,forbidden,-92.5,1841734,same-group GAL
two_adic_label,X9d,n_kod_III,1,0,212.9,forbidden,-92.5,1841734,family L: torsion/isogeny constrains local data (T4/T13/T17 type)
two_adic_label,X25,frac_even,b1,0,212.8,forbidden,-92.4,1841734,T18/T5 (mod-l image fixes a_p mod l; c4=0 or c6=0 is CM)
two_adic_label,X36l,log_omega,b6,4,231.0,depleted,-92.2,1841734,family S: large isogeny degree forces special j and small models (T9/T10/T8)
torsion_structure,[3],two_adic_log_index,5,0,212.2,forbidden,-92.2,1885114,same-group GAL
v2_torsion,3,c4_sign,-1,26,299.2,depleted,-92.2,1889364,family L: torsion/isogeny constrains local data (T4/T13/T17 type)
two_adic_label,X36n,n_kod_I0s,1,0,212.0,forbidden,-92.1,1841734,family L: torsion/isogeny constrains local data (T4/T13/T17 type)
two_adic_label,X36l,n_kod_I0s,1,0,212.0,forbidden,-92.1,1841734,family L: torsion/isogeny constrains local data (T4/T13/T17 type)
torsion_structure,[3],max_isogeny_degree,5,0,211.6,forbidden,-91.9,1889364,same-group GAL
v2_torsion,3,n_intpts_x,2,0,211.3,forbidden,-91.8,1889364,T15 (torsion points are integral)
two_adic_level,16,v2_moddeg,3,20,281.7,depleted,-91.7,1885114,"family E: Eisenstein congruence, rational torsion/isogeny divides the congruence number"
torsion_structure,[3],two_adic_level,16,0,210.6,forbidden,-91.4,1885114,same-group GAL
torsion_structure,[5],log_odd_tamagawa,b1,0,210.3,forbidden,-91.4,1889364,family L: torsion/isogeny constrains local data (T4/T13/T17 type)
torsion_structure,[3],n_kod_I0s,2,0,210.2,forbidden,-91.3,1889364,family L: torsion/isogeny constrains local data (T4/T13/T17 type)
class_size,6,max_isogeny_degree,4,0,209.7,forbidden,-91.1,1311066,same-group GAL
n_kod_IIs,2,log_regulator,b2,1,215.2,depleted,-91.1,1889364,"T4+T11 (reduction types fix v_p(Delta), hence the period)"
two_adic_label,X36n,frac_even,b2,0,209.1,forbidden,-90.8,1841734,T18/T5 (mod-l image fixes a_p mod l; c4=0 or c6=0 is CM)
two_adic_label,X36l,frac_even,b2,0,209.1,forbidden,-90.8,1841734,T18/T5 (mod-l image fixes a_p mod l; c4=0 or c6=0 is CM)
n_nonsplit_mult,3,n_additive,4+,0,208.9,forbidden,-90.7,1311066,same-group LOC
max_isogeny_degree,25,has_5_isog,0,0,208.5,forbidden,-90.5,1311066,same-group GAL
two_adic_label,X33,n_kod_I0s,2,142,13.7,enriched,-90.0,1841734,family L: torsion/isogeny constrains local data (T4/T13/T17 type)
torsion_structure,"[2,4]",class_size,8,122,9.2,enriched,-89.6,1889364,same-group GAL
v5_sha,2,n_intpts_x,4,0,206.1,forbidden,-89.5,1889364,"U3 (likely via rank and period: T15, I1)"
c6_sign,0,v3_tamagawa,1,0,205.4,forbidden,-89.2,1889364,T4 (local data and equation)
max_isogeny_degree,15,n_kod_In,3+,0,204.6,forbidden,-88.9,1889364,family L: torsion/isogeny constrains local data (T4/T13/T17 type)
two_adic_label,X36l,max_isogeny_degree,4,0,204.4,forbidden,-88.8,1841734,same-group GAL
odd_torsion,5,v2_tamagawa,4+,26,290.7,depleted,-88.8,1889364,family L: torsion/isogeny constrains local data (T4/T13/T17 type)
two_adic_label,X36n,max_isogeny_degree,4,0,204.4,forbidden,-88.8,1841734,same-group GAL
two_adic_label,X33,n_kod_IVs,1,0,204.3,forbidden,-88.7,1841734,family L: torsion/isogeny constrains local data (T4/T13/T17 type)
torsion_structure,[4],max_isogeny_degree,9,0,204.1,forbidden,-88.7,1889364,same-group GAL
torsion_structure,[6],n_torsion_gens,2,0,204.1,forbidden,-88.6,1889364,I
two_adic_label,X10a,n_kod_IIs,1,0,203.7,forbidden,-88.5,1841734,family L: torsion/isogeny constrains local data (T4/T13/T17 type)
two_adic_label,X9c,n_kod_IIs,1,0,203.7,forbidden,-88.5,1841734,family L: torsion/isogeny constrains local data (T4/T13/T17 type)
two_adic_label,X9d,n_kod_II,1,0,203.8,forbidden,-88.5,1841734,family L: torsion/isogeny constrains local data (T4/T13/T17 type)
two_adic_label,X25,class_size,4,0,203.8,forbidden,-88.5,1841734,same-group GAL
n_bad_primes,1,n_kod_IV,1,6,229.5,depleted,-88.4,1889364,same-group LOC
v2_moddeg,0,disc_sign,1,14,256.0,depleted,-88.4,1889364,family M: valuations track the size of moddeg (T12)
n_additive,3,n_kod_IVs,3+,102,5.6,enriched,-88.2,1889364,same-group LOC
two_adic_label,X8,class_size,3,0,202.9,forbidden,-88.1,1841734,same-group GAL
v2_torsion,3,two_adic_log_index,6,108,6.7,enriched,-87.8,1885114,same-group GAL
two_adic_label,X3,v2_torsion,2,0,201.5,forbidden,-87.5,1841734,same-group GAL
two_adic_level,32,n_kod_I0s,2,104,6.1,enriched,-87.3,1885114,family L: torsion/isogeny constrains local data (T4/T13/T17 type)
torsion_structure,[6],n_additive,3,0,201.0,forbidden,-87.3,1889364,family L: torsion/isogeny constrains local data (T4/T13/T17 type)
n_nonsurj_primes,1,max_isogeny_degree,15,0,200.6,forbidden,-87.1,1889364,same-group GAL
two_adic_label,X25,log_area,b6,0,200.3,forbidden,-87.0,1841734,family S: large isogeny degree forces special j and small models (T9/T10/T8)
two_adic_label,X25,log_abs_c4,b1,0,200.0,forbidden,-86.9,1841734,family L: torsion/isogeny constrains local data (T4/T13/T17 type)
two_adic_label,X13,n_kod_III,2,0,199.9,forbidden,-86.8,1841734,family L: torsion/isogeny constrains local data (T4/T13/T17 type)
two_adic_label,X25,log_abs_disc,b1,0,199.7,forbidden,-86.7,1841734,family L: torsion/isogeny constrains local data (T4/T13/T17 type)
max_isogeny_degree,16,v2_moddeg,5,13,248.9,depleted,-86.7,1889364,"family E: Eisenstein congruence, rational torsion/isogeny divides the congruence number"
two_adic_label,X25,frac_even,b3,0,199.0,forbidden,-86.4,1841734,T18/T5 (mod-l image fixes a_p mod l; c4=0 or c6=0 is CM)
n_split_mult,3,n_kod_IIs,2,29,292.1,depleted,-86.3,1889364,same-group LOC
v2_torsion,2,v3_tamagawa,4+,24,279.1,depleted,-86.3,1889364,family L: torsion/isogeny constrains local data (T4/T13/T17 type)
max_isogeny_degree,16,n_kod_IV,1,0,198.7,forbidden,-86.3,1889364,family L: torsion/isogeny constrains local data (T4/T13/T17 type)
exceptional_image,1,n_nonsplit_mult,4,9,235.1,depleted,-86.3,1889364,family L: torsion/isogeny constrains local data (T4/T13/T17 type)
two_adic_level,32,v3_tamagawa,1,16,256.5,depleted,-86.2,1885114,family L: torsion/isogeny constrains local data (T4/T13/T17 type)
n_nonsplit_mult,4,n_kod_Ins,3+,0,198.5,forbidden,-86.2,1889364,same-group LOC
v2_moddeg,4,n_kod_IIIs,2,0,197.3,forbidden,-85.7,1889364,"family P: Dummigan, Caro-Pasten bounds on v2(moddeg) from multiplicative primes"
two_adic_label,X36n,n_kod_In,1,0,197.2,forbidden,-85.6,1841734,family L: torsion/isogeny constrains local data (T4/T13/T17 type)
two_adic_label,X36l,n_kod_In,1,0,197.2,forbidden,-85.6,1841734,family L: torsion/isogeny constrains local data (T4/T13/T17 type)
is_cm,1,frac_zero,b6,0,196.9,forbidden,-85.5,1311066,T10
max_isogeny_degree,18,log_j_height,b2,0,196.6,forbidden,-85.4,1889364,family L: torsion/isogeny constrains local data (T4/T13/T17 type)
max_isogeny_degree,12,n_kod_IIs,1,0,196.4,forbidden,-85.3,1889364,family L: torsion/isogeny constrains local data (T4/T13/T17 type)
two_adic_label,X34,max_isogeny_degree,3,0,196.2,forbidden,-85.2,1841734,same-group GAL
v7_tamagawa,2,log_odd_tamagawa,b2,0,196.2,forbidden,-85.2,1889364,same-group LOC
torsion_structure,"[2,4]",class_size,4,0,196.2,forbidden,-85.2,1889364,same-group GAL
two_adic_label,X33,n_kod_IIIs,1,0,195.9,forbidden,-85.1,1841734,family L: torsion/isogeny constrains local data (T4/T13/T17 type)
two_adic_log_index,6,v2_sha,3+,101,5.8,enriched,-85.1,1885114,U4 (partly C4: Selmer heuristics with torsion; Fisher for isogenies)
two_adic_label,X1,max_isogeny_degree,15,0,195.9,forbidden,-85.1,1841734,same-group GAL
two_adic_label,X36n,v2_tamagawa,0,0,196.0,forbidden,-85.1,1841734,family L: torsion/isogeny constrains local data (T4/T13/T17 type)
two_adic_label,X36l,v2_tamagawa,0,0,196.0,forbidden,-85.1,1841734,family L: torsion/isogeny constrains local data (T4/T13/T17 type)
v2_sha,3+,n_intpts_x,6,0,195.7,forbidden,-85.0,1889364,"U3 (likely via rank and period: T15, I1)"
two_adic_label,X13,n_kod_IIIs,2,0,195.4,forbidden,-84.9,1841734,family L: torsion/isogeny constrains local data (T4/T13/T17 type)
two_adic_label,X33,n_kod_III,1,0,195.2,forbidden,-84.8,1841734,family L: torsion/isogeny constrains local data (T4/T13/T17 type)
is_cm,1,n_split_mult,3,0,195.2,forbidden,-84.8,1311066,T10
two_adic_label,X36,v2_moddeg,5,0,195.2,forbidden,-84.8,1841734,"family E: Eisenstein congruence, rational torsion/isogeny divides the congruence number"
max_isogeny_degree,5,two_adic_log_index,4,0,195.0,forbidden,-84.7,1885114,same-group GAL
two_adic_label,X25,log_abs_c4,b0,0,195.0,forbidden,-84.7,1841734,family L: torsion/isogeny constrains local data (T4/T13/T17 type)
two_adic_label,X36n,log_area,b7,20,264.0,depleted,-84.6,1841734,family S: large isogeny degree forces special j and small models (T9/T10/T8)
two_adic_label,X25,log_omega,b7,0,194.6,forbidden,-84.5,1841734,family S: large isogeny degree forces special j and small models (T9/T10/T8)
two_adic_label,X8,max_isogeny_degree,9,0,194.5,forbidden,-84.5,1841734,same-group GAL
two_adic_label,X25,log_area,b7,0,193.9,forbidden,-84.2,1841734,family S: large isogeny degree forces special j and small models (T9/T10/T8)
v2_torsion,3,log_j_height,b0,7,222.9,depleted,-84.1,1889364,family L: torsion/isogeny constrains local data (T4/T13/T17 type)
n_bad_primes,1,v3_tamagawa,2,0,193.7,forbidden,-84.1,1889364,same-group LOC
two_adic_label,X44,log_area,b7,0,193.4,forbidden,-84.0,1841734,family S: large isogeny degree forces special j and small models (T9/T10/T8)
two_adic_label,X25,log_abs_disc,b0,0,193.3,forbidden,-83.9,1841734,family L: torsion/isogeny constrains local data (T4/T13/T17 type)
max_isogeny_degree,10,v2_tamagawa,0,0,192.7,forbidden,-83.7,1889364,family L: torsion/isogeny constrains local data (T4/T13/T17 type)
two_adic_label,X25,log_j_height,b0,0,192.5,forbidden,-83.6,1841734,family L: torsion/isogeny constrains local data (T4/T13/T17 type)
two_adic_label,X11,frac_even,b0,0,192.6,forbidden,-83.6,1841734,T18/T5 (mod-l image fixes a_p mod l; c4=0 or c6=0 is CM)
torsion_structure,"[2,2]",v3_tamagawa,4+,3,206.8,depleted,-83.6,1889364,T13
two_adic_label,X34,v2_moddeg,6,13,240.9,depleted,-83.4,1841734,"family E: Eisenstein congruence, rational torsion/isogeny divides the congruence number"
two_adic_label,X32,frac_even,b0,0,192.1,forbidden,-83.4,1841734,T18/T5 (mod-l image fixes a_p mod l; c4=0 or c6=0 is CM)
two_adic_label,X36l,two_adic_log_index,2,0,191.8,forbidden,-83.3,1837484,same-group GAL
two_adic_label,X36n,two_adic_log_index,2,0,191.8,forbidden,-83.3,1837484,same-group GAL
n_torsion_gens,1,max_isogeny_degree,13,0,191.5,forbidden,-83.2,1889364,same-group GAL
two_adic_label,X44,log_abs_c4,b0,0,191.3,forbidden,-83.1,1841734,family L: torsion/isogeny constrains local data (T4/T13/T17 type)
is_cm,1,n_nonsplit_mult,3,0,191.3,forbidden,-83.1,1311066,T10
two_adic_label,X33,frac_zero,b5,24,270.7,depleted,-83.0,1841734,T18/T5 (mod-l image fixes a_p mod l; c4=0 or c6=0 is CM)
two_adic_label,X5,n_nonsplit_mult,3,27,278.4,depleted,-82.9,1841734,family L: torsion/isogeny constrains local data (T4/T13/T17 type)
two_adic_label,X9d,max_isogeny_degree,3,0,190.7,forbidden,-82.8,1841734,same-group GAL
n_nonsplit_mult,3,n_kod_IIs,2,25,272.8,depleted,-82.8,1889364,same-group LOC
two_adic_label,X10d,max_isogeny_degree,3,0,190.7,forbidden,-82.8,1841734,same-group GAL
n_torsion_gens,2,n_kod_II,2,0,190.6,forbidden,-82.8,1889364,family L: torsion/isogeny constrains local data (T4/T13/T17 type)
max_isogeny_degree,18,log_area,b7,22,265.0,depleted,-82.8,1889364,family S: large isogeny degree forces special j and small models (T9/T10/T8)
torsion_structure,[4],has_5_isog,1,0,190.4,forbidden,-82.7,1889364,same-group GAL
max_isogeny_degree,3,n_bad_primes,1,2,200.1,depleted,-82.6,1311066,family L: torsion/isogeny constrains local data (T4/T13/T17 type)
two_adic_label,X3,max_isogeny_degree,7,108,7.5,enriched,-82.6,1841734,same-group GAL
class_size,8,max_isogeny_degree,2,0,190.0,forbidden,-82.5,1311066,same-group GAL
two_adic_label,X25,log_omega,b6,2,199.7,depleted,-82.4,1841734,family S: large isogeny degree forces special j and small models (T9/T10/T8)
two_adic_label,X36,n_kod_IV,1,0,189.7,forbidden,-82.4,1841734,family L: torsion/isogeny constrains local data (T4/T13/T17 type)
torsion_structure,"[2,4]",n_intpts_x,2,0,189.2,forbidden,-82.2,1889364,T15
has_3_isog,1,two_adic_log_index,6,0,189.2,forbidden,-82.2,1885114,same-group GAL
torsion_structure,[4],two_adic_label,X13f,0,189.0,forbidden,-82.1,1841734,same-group GAL
two_adic_label,X36l,log_j_height,b1,10,228.2,depleted,-82.1,1841734,family L: torsion/isogeny constrains local data (T4/T13/T17 type)
two_adic_label,X36n,log_j_height,b1,10,228.2,depleted,-82.1,1841734,family L: torsion/isogeny constrains local data (T4/T13/T17 type)
torsion_structure,[4],two_adic_label,X13d,0,189.0,forbidden,-82.1,1841734,same-group GAL
torsion_structure,[4],two_adic_label,X8d,0,189.0,forbidden,-82.1,1841734,same-group GAL
max_isogeny_degree,15,two_adic_log_index,0,0,188.5,forbidden,-81.9,1885114,same-group GAL
two_adic_level,1,max_isogeny_degree,15,0,188.5,forbidden,-81.9,1885114,same-group GAL
max_isogeny_degree,4,v2_torsion,3,0,188.3,forbidden,-81.8,1889364,same-group GAL
max_isogeny_degree,18,log_abs_disc,b0,24,267.4,depleted,-81.7,1889364,family L: torsion/isogeny constrains local data (T4/T13/T17 type)
max_isogeny_degree,18,log_abs_c4,b0,20,256.5,depleted,-81.6,1889364,family L: torsion/isogeny constrains local data (T4/T13/T17 type)
n_nonsurj_primes,0,max_isogeny_degree,13,0,188.0,forbidden,-81.6,1889364,same-group GAL
two_adic_label,X44,log_abs_disc,b0,1,193.2,depleted,-81.6,1841734,family L: torsion/isogeny constrains local data (T4/T13/T17 type)
is_cm,1,frac_zero,b5,0,187.5,forbidden,-81.4,1311066,T10
two_adic_label,X33,v2_moddeg,6,6,212.7,depleted,-81.3,1841734,"family E: Eisenstein congruence, rational torsion/isogeny divides the congruence number"
torsion_structure,"[2,2]",n_kod_II,2,0,186.9,forbidden,-81.2,1889364,family L: torsion/isogeny constrains local data (T4/T13/T17 type)
two_adic_label,X25,frac_even,b2,0,187.0,forbidden,-81.2,1841734,T18/T5 (mod-l image fixes a_p mod l; c4=0 or c6=0 is CM)
two_adic_label,X11,frac_even,b1,0,187.1,forbidden,-81.2,1841734,T18/T5 (mod-l image fixes a_p mod l; c4=0 or c6=0 is CM)
class_size,4,n_bad_primes,1,6,212.6,depleted,-81.2,1311066,family L: torsion/isogeny constrains local data (T4/T13/T17 type)
two_adic_label,X4,n_split_mult,4,5,208.1,depleted,-80.9,1841734,family L: torsion/isogeny constrains local data (T4/T13/T17 type)
two_adic_label,X33,v2_moddeg,7,17,246.2,depleted,-80.8,1841734,"family E: Eisenstein congruence, rational torsion/isogeny divides the congruence number"
two_adic_label,X36l,log_regulator,b0,16,243.0,depleted,-80.7,1841734,family S: large isogeny degree forces special j and small models (T9/T10/T8)
two_adic_label,X32,frac_even,b1,0,185.8,forbidden,-80.7,1841734,T18/T5 (mod-l image fixes a_p mod l; c4=0 or c6=0 is CM)
n_bad_primes,1,n_kod_IIs,1,6,210.6,depleted,-80.4,1889364,same-group LOC
two_adic_log_index,3,n_kod_IV,2,0,184.7,forbidden,-80.2,1885114,family L: torsion/isogeny constrains local data (T4/T13/T17 type)
two_adic_label,X11,frac_zero,b3,0,184.7,forbidden,-80.2,1841734,T18/T5 (mod-l image fixes a_p mod l; c4=0 or c6=0 is CM)
n_torsion_gens,2,n_kod_III,2,0,184.7,forbidden,-80.2,1889364,family L: torsion/isogeny constrains local data (T4/T13/T17 type)
two_adic_label,X11,frac_zero,b0,0,184.5,forbidden,-80.1,1841734,T18/T5 (mod-l image fixes a_p mod l; c4=0 or c6=0 is CM)
two_adic_label,X44,frac_even,b0,0,184.2,forbidden,-80.0,1841734,T18/T5 (mod-l image fixes a_p mod l; c4=0 or c6=0 is CM)
two_adic_label,X11,class_size,4,0,184.3,forbidden,-80.0,1841734,same-group GAL
two_adic_label,X38,frac_even,b0,0,184.2,forbidden,-80.0,1841734,T18/T5 (mod-l image fixes a_p mod l; c4=0 or c6=0 is CM)
two_adic_label,X5,n_kod_IIIs,1,4,202.0,depleted,-79.9,1841734,family L: torsion/isogeny constrains local data (T4/T13/T17 type)
max_isogeny_degree,18,has_2_isog,0,0,183.9,forbidden,-79.8,1311066,same-group GAL
n_kod_In,2,v5_tamagawa,3,1,188.8,depleted,-79.7,1889364,same-group LOC
two_adic_label,X5,n_kod_III,1,4,201.3,depleted,-79.6,1841734,family L: torsion/isogeny constrains local data (T4/T13/T17 type)
v7_tamagawa,2,log_abs_disc,b0,2,192.6,depleted,-79.4,1889364,T4 (local data and equation)
c6_sign,0,bad_at_2,0,0,182.1,forbidden,-79.1,1889364,T4 (local data and equation)
two_adic_label,X38,log_abs_c4,b0,2,191.3,depleted,-78.8,1841734,family L: torsion/isogeny constrains local data (T4/T13/T17 type)
torsion_structure,"[2,2]",n_kod_III,2,0,180.9,forbidden,-78.6,1889364,family L: torsion/isogeny constrains local data (T4/T13/T17 type)
max_isogeny_degree,16,n_kod_IIs,1,0,180.9,forbidden,-78.6,1889364,family L: torsion/isogeny constrains local data (T4/T13/T17 type)
two_adic_label,X38,frac_even,b1,0,180.8,forbidden,-78.5,1841734,T18/T5 (mod-l image fixes a_p mod l; c4=0 or c6=0 is CM)
two_adic_label,X44,frac_even,b1,0,180.8,forbidden,-78.5,1841734,T18/T5 (mod-l image fixes a_p mod l; c4=0 or c6=0 is CM)
n_kod_IV,2,v3_tamagawa,4+,111,8.9,enriched,-78.5,1889364,same-group LOC
two_adic_label,X36n,log_abs_c4,b0,24,259.0,depleted,-78.4,1841734,family L: torsion/isogeny constrains local data (T4/T13/T17 type)
two_adic_label,X36n,log_regulator,b0,18,243.0,depleted,-78.4,1841734,family S: large isogeny degree forces special j and small models (T9/T10/T8)
v2_torsion,3,frac_even,b1,0,180.3,forbidden,-78.3,1889364,T18/T5 (mod-l image fixes a_p mod l; c4=0 or c6=0 is CM)
class_size,8,v2_moddeg,3,9,215.7,depleted,-78.2,1889364,"family E: Eisenstein congruence, rational torsion/isogeny divides the congruence number"
c6_sign,0,n_bad_primes,5,0,180.1,forbidden,-78.2,1889364,T4 (local data and equation)
two_adic_label,X36l,has_3_isog,1,0,179.8,forbidden,-78.1,1841734,same-group GAL
two_adic_label,X36n,has_3_isog,1,0,179.8,forbidden,-78.1,1841734,same-group GAL
v2_torsion,3,frac_even,b0,0,179.6,forbidden,-78.0,1889364,T18/T5 (mod-l image fixes a_p mod l; c4=0 or c6=0 is CM)
two_adic_label,X25,log_area,b5,5,201.1,depleted,-77.9,1841734,family S: large isogeny degree forces special j and small models (T9/T10/T8)
two_adic_label,X25,log_abs_c4,b2,5,201.1,depleted,-77.9,1841734,family L: torsion/isogeny constrains local data (T4/T13/T17 type)
two_adic_label,X25,log_abs_disc,b2,5,200.8,depleted,-77.8,1841734,family L: torsion/isogeny constrains local data (T4/T13/T17 type)
v2_sha,2,v2_moddeg,1,0,179.1,forbidden,-77.8,1889364,T14
n_nonsplit_mult,4,n_kod_IVs,2,0,179.1,forbidden,-77.8,1889364,same-group LOC
max_isogeny_degree,6,two_adic_log_index,5,0,179.2,forbidden,-77.8,1885114,same-group GAL
two_adic_label,X25,max_isogeny_degree,4,0,179.1,forbidden,-77.8,1841734,same-group GAL
max_isogeny_degree,18,v2_tamagawa,0,0,178.8,forbidden,-77.7,1889364,family L: torsion/isogeny constrains local data (T4/T13/T17 type)
two_adic_label,X38,frac_zero,b0,0,178.8,forbidden,-77.6,1841734,T18/T5 (mod-l image fixes a_p mod l; c4=0 or c6=0 is CM)
two_adic_label,X44,frac_zero,b0,0,178.8,forbidden,-77.6,1841734,T18/T5 (mod-l image fixes a_p mod l; c4=0 or c6=0 is CM)
v2_torsion,3,n_kod_I0s,1,0,178.1,forbidden,-77.3,1889364,family L: torsion/isogeny constrains local data (T4/T13/T17 type)
v2_moddeg,4,n_kod_III,2,7,206.7,depleted,-77.3,1889364,"family P: Dummigan, Caro-Pasten bounds on v2(moddeg) from multiplicative primes"
two_adic_label,X2,n_kod_Ins,2,0,178.0,forbidden,-77.3,1841734,family L: torsion/isogeny constrains local data (T4/T13/T17 type)
two_adic_label,X36l,log_area,b6,15,231.7,depleted,-77.3,1841734,family S: large isogeny degree forces special j and small models (T9/T10/T8)
two_adic_label,X8,has_5_isog,1,0,177.8,forbidden,-77.2,1841734,same-group GAL
two_adic_label,X8c,v2_moddeg,3,0,177.3,forbidden,-77.0,1841734,"family E: Eisenstein congruence, rational torsion/isogeny divides the congruence number"
n_torsion_gens,2,n_kod_IIIs,2,0,177.2,forbidden,-77.0,1889364,family L: torsion/isogeny constrains local data (T4/T13/T17 type)
v7_tamagawa,2,log_odd_moddeg,b1,9,212.7,depleted,-77.0,1889364,"U1 (check Agashe-Ribet-Stein, Emerton: component groups and the congruence number)"
v2_torsion,3,frac_even,b3,0,177.0,forbidden,-76.9,1889364,T18/T5 (mod-l image fixes a_p mod l; c4=0 or c6=0 is CM)
two_adic_level,16,max_isogeny_degree,6,0,177.0,forbidden,-76.9,1885114,same-group GAL
two_adic_label,X17,class_size,3,0,176.8,forbidden,-76.8,1841734,same-group GAL
two_adic_label,X16,class_size,3,0,176.8,forbidden,-76.8,1841734,same-group GAL
two_adic_label,X11,frac_even,b3,0,176.2,forbidden,-76.5,1841734,T18/T5 (mod-l image fixes a_p mod l; c4=0 or c6=0 is CM)
two_adic_label,X3,has_7_isog,1,108,8.7,enriched,-76.4,1841734,same-group GAL
v2_torsion,2,n_bad_primes,1,10,213.9,depleted,-76.2,1889364,family L: torsion/isogeny constrains local data (T4/T13/T17 type)
two_adic_label,X34,log_odd_tamagawa,b3,18,237.6,depleted,-76.2,1841734,family L: torsion/isogeny constrains local data (T4/T13/T17 type)
max_isogeny_degree,13,v2_torsion,1,0,175.0,forbidden,-76.0,1889364,same-group GAL
torsion_structure,"[2,4]",log_j_height,b0,5,196.5,depleted,-76.0,1889364,family L: torsion/isogeny constrains local data (T4/T13/T17 type)
v7_tamagawa,2,log_area,b7,4,192.7,depleted,-75.9,1889364,"T11 (area is the covolume, a function of c4, c6)"
v2_torsion,3,log_abs_c4,b0,19,239.6,depleted,-75.9,1889364,family L: torsion/isogeny constrains local data (T4/T13/T17 type)
c6_sign,0,log_odd_tamagawa,b1,0,174.4,forbidden,-75.7,1889364,T4 (local data and equation)
two_adic_label,X32,log_abs_c4,b0,0,174.1,forbidden,-75.6,1841734,family L: torsion/isogeny constrains local data (T4/T13/T17 type)
v7_tamagawa,2,log_odd_moddeg,b0,3,188.0,depleted,-75.6,1889364,"U1 (check Agashe-Ribet-Stein, Emerton: component groups and the congruence number)"
two_adic_label,X32,frac_even,b3,0,174.1,forbidden,-75.6,1841734,T18/T5 (mod-l image fixes a_p mod l; c4=0 or c6=0 is CM)
torsion_structure,"[2,2]",n_kod_IIIs,2,0,173.7,forbidden,-75.4,1889364,family L: torsion/isogeny constrains local data (T4/T13/T17 type)
two_adic_label,X36l,log_omega,b5,13,221.1,depleted,-75.4,1841734,family S: large isogeny degree forces special j and small models (T9/T10/T8)
n_kod_IIs,2,n_intpts_x,3,1,178.9,depleted,-75.4,1889364,U3 (likely via model size: T15)
n_split_mult,4,n_kod_II,2,0,173.5,forbidden,-75.4,1889364,same-group LOC
v7_tamagawa,2,log_j_height,b0,5,195.0,depleted,-75.3,1889364,T4 (local data and equation)
two_adic_label,X44,log_omega,b7,4,191.0,depleted,-75.2,1841734,family S: large isogeny degree forces special j and small models (T9/T10/T8)
torsion_structure,[2],max_isogeny_degree,13,0,173.1,forbidden,-75.2,1889364,same-group GAL
two_adic_label,X33,max_isogeny_degree,3,0,173.2,forbidden,-75.2,1841734,same-group GAL
two_adic_label,X5,two_adic_log_index,3,0,172.9,forbidden,-75.1,1837484,same-group GAL
two_adic_label,X13,is_cm,1,0,172.9,forbidden,-75.1,1841734,same-group GAL
v2_torsion,3,frac_even,b2,0,172.6,forbidden,-75.0,1889364,T18/T5 (mod-l image fixes a_p mod l; c4=0 or c6=0 is CM)
two_adic_label,X48,log_area,b7,0,172.5,forbidden,-74.9,1841734,family S: large isogeny degree forces special j and small models (T9/T10/T8)
two_adic_label,X48,log_abs_disc,b0,0,172.4,forbidden,-74.9,1841734,family L: torsion/isogeny constrains local data (T4/T13/T17 type)
v2_torsion,3,log_abs_disc,b0,24,249.6,depleted,-74.7,1889364,family L: torsion/isogeny constrains local data (T4/T13/T17 type)
two_adic_label,X13c,v2_moddeg,3,1,177.3,depleted,-74.7,1841734,"family E: Eisenstein congruence, rational torsion/isogeny divides the congruence number"
two_adic_label,X38,log_abs_disc,b0,5,193.2,depleted,-74.6,1841734,family L: torsion/isogeny constrains local data (T4/T13/T17 type)
two_adic_label,CM,v7_tamagawa,1,0,171.4,forbidden,-74.4,1841734,family L: torsion/isogeny constrains local data (T4/T13/T17 type)
two_adic_label,X38,frac_even,b3,0,171.4,forbidden,-74.4,1841734,T18/T5 (mod-l image fixes a_p mod l; c4=0 or c6=0 is CM)
two_adic_label,X44,frac_even,b3,0,171.4,forbidden,-74.4,1841734,T18/T5 (mod-l image fixes a_p mod l; c4=0 or c6=0 is CM)
two_adic_label,X32,log_j_height,b0,0,171.0,forbidden,-74.3,1841734,family L: torsion/isogeny constrains local data (T4/T13/T17 type)
two_adic_label,X25,two_adic_log_index,2,0,170.6,forbidden,-74.1,1837484,same-group GAL
two_adic_label,X48,log_omega,b7,0,170.2,forbidden,-73.9,1841734,family S: large isogeny degree forces special j and small models (T9/T10/T8)
v2_torsion,3,log_area,b7,24,247.5,depleted,-73.8,1889364,family S: large isogeny degree forces special j and small models (T9/T10/T8)
n_bad_primes,6+,n_kod_Ins,3+,0,169.6,forbidden,-73.7,1889364,same-group LOC
v5_tamagawa,3,n_intpts_x,1,9,204.3,depleted,-73.5,1889364,"U3 (likely via torsion: T13, T15)"
exceptional_image,1,n_bad_primes,6+,0,169.0,forbidden,-73.4,1889364,family L: torsion/isogeny constrains local data (T4/T13/T17 type)
max_isogeny_degree,15,disc_sign,1,0,168.5,forbidden,-73.2,1889364,family L: torsion/isogeny constrains local data (T4/T13/T17 type)
two_adic_label,X17,max_isogeny_degree,9,0,168.4,forbidden,-73.1,1841734,same-group GAL
torsion_structure,"[2,4]",max_isogeny_degree,4,0,168.3,forbidden,-73.1,1889364,same-group GAL
two_adic_label,X25,v2_tamagawa,0,0,168.4,forbidden,-73.1,1841734,family L: torsion/isogeny constrains local data (T4/T13/T17 type)
two_adic_label,X36l,v2_moddeg,7,2,178.0,depleted,-73.1,1841734,"family E: Eisenstein congruence, rational torsion/isogeny divides the congruence number"
two_adic_label,X16,max_isogeny_degree,9,0,168.4,forbidden,-73.1,1841734,same-group GAL
two_adic_label,X4,n_nonsplit_mult,4,1,173.3,depleted,-73.0,1841734,family L: torsion/isogeny constrains local data (T4/T13/T17 type)
v2_torsion,3,v2_tamagawa,0,0,168.0,forbidden,-73.0,1889364,family L: torsion/isogeny constrains local data (T4/T13/T17 type)
two_adic_label,X33,n_kod_Ins,3+,94,6.4,enriched,-72.9,1841734,family L: torsion/isogeny constrains local data (T4/T13/T17 type)
is_cm,1,v7_tamagawa,1,0,167.6,forbidden,-72.8,1889364,"T10 (CM: integral j, no multiplicative reduction)"
two_adic_label,X44,frac_zero,b1,2,176.5,depleted,-72.5,1841734,T18/T5 (mod-l image fixes a_p mod l; c4=0 or c6=0 is CM)
two_adic_label,X11,frac_even,b2,0,167.0,forbidden,-72.5,1841734,T18/T5 (mod-l image fixes a_p mod l; c4=0 or c6=0 is CM)
max_isogeny_degree,16,v3_tamagawa,2,0,167.0,forbidden,-72.5,1889364,family L: torsion/isogeny constrains local data (T4/T13/T17 type)
two_adic_label,X38,frac_zero,b1,2,176.5,depleted,-72.5,1841734,T18/T5 (mod-l image fixes a_p mod l; c4=0 or c6=0 is CM)
two_adic_log_index,6,frac_even,b2,0,166.5,forbidden,-72.3,1885114,T18/T5 (mod-l image fixes a_p mod l; c4=0 or c6=0 is CM)
two_adic_label,X34,v2_moddeg,5,4,184.1,depleted,-72.3,1841734,"family E: Eisenstein congruence, rational torsion/isogeny divides the congruence number"
v2_torsion,3,n_kod_In,1,3,180.1,depleted,-72.2,1889364,family L: torsion/isogeny constrains local data (T4/T13/T17 type)
class_size,4,max_isogeny_degree,15,92,6.2,enriched,-72.1,1311066,same-group GAL
two_adic_label,X36l,log_abs_c4,b1,20,232.6,depleted,-72.1,1841734,family L: torsion/isogeny constrains local data (T4/T13/T17 type)
class_size,1,max_isogeny_degree,18,0,165.9,forbidden,-72.0,1311066,same-group GAL
two_adic_label,X13,v3_moddeg,8+,9,200.7,depleted,-72.0,1841734,"family E: Eisenstein congruence, rational torsion/isogeny divides the congruence number"
has_7_isog,1,v2_torsion,2,0,165.6,forbidden,-71.9,1889364,same-group GAL
n_kod_In,1,v7_tamagawa,2,1,170.4,depleted,-71.8,1889364,same-group LOC
n_split_mult,4,n_kod_III,2,0,165.4,forbidden,-71.8,1889364,same-group LOC
two_adic_label,X36n,log_j_height,b2,16,220.9,depleted,-71.7,1841734,family L: torsion/isogeny constrains local data (T4/T13/T17 type)
two_adic_label,X38,log_area,b7,7,193.4,depleted,-71.7,1841734,family S: large isogeny degree forces special j and small models (T9/T10/T8)
two_adic_label,X36l,log_j_height,b2,16,220.9,depleted,-71.7,1841734,family L: torsion/isogeny constrains local data (T4/T13/T17 type)
two_adic_label,X38,frac_even,b2,0,164.6,forbidden,-71.5,1841734,T18/T5 (mod-l image fixes a_p mod l; c4=0 or c6=0 is CM)
two_adic_label,X44,frac_even,b2,0,164.6,forbidden,-71.5,1841734,T18/T5 (mod-l image fixes a_p mod l; c4=0 or c6=0 is CM)
n_bad_primes,2,n_nonsplit_mult,5+,0,164.6,forbidden,-71.5,1311066,I2
two_adic_label,X32,frac_even,b2,0,164.1,forbidden,-71.3,1841734,T18/T5 (mod-l image fixes a_p mod l; c4=0 or c6=0 is CM)
two_adic_label,X32,log_area,b7,2,173.6,depleted,-71.2,1841734,family S: large isogeny degree forces special j and small models (T9/T10/T8)
two_adic_label,X11,frac_zero,b1,4,181.6,depleted,-71.2,1841734,T18/T5 (mod-l image fixes a_p mod l; c4=0 or c6=0 is CM)
max_isogeny_degree,4,n_bad_primes,1,4,181.7,depleted,-71.2,1311066,family L: torsion/isogeny constrains local data (T4/T13/T17 type)
two_adic_label,X44,frac_zero,b2,0,163.8,forbidden,-71.1,1841734,T18/T5 (mod-l image fixes a_p mod l; c4=0 or c6=0 is CM)
two_adic_label,X7,class_size,4,0,163.6,forbidden,-71.1,1841734,same-group GAL
two_adic_label,X38,frac_zero,b2,0,163.8,forbidden,-71.1,1841734,T18/T5 (mod-l image fixes a_p mod l; c4=0 or c6=0 is CM)
two_adic_log_index,6,frac_even,b3,0,163.4,forbidden,-71.0,1885114,T18/T5 (mod-l image fixes a_p mod l; c4=0 or c6=0 is CM)
two_adic_label,X34,n_kod_IV,1,0,163.5,forbidden,-71.0,1841734,family L: torsion/isogeny constrains local data (T4/T13/T17 type)
v2_torsion,3,log_j_height,b1,8,195.1,depleted,-71.0,1889364,family L: torsion/isogeny constrains local data (T4/T13/T17 type)
two_adic_label,X44,log_abs_c4,b1,4,181.0,depleted,-71.0,1841734,family L: torsion/isogeny constrains local data (T4/T13/T17 type)
v5_moddeg,5,log_odd_moddeg,b5,0,163.2,forbidden,-70.9,1889364,same-group AN
v2_moddeg,0,n_kod_Ins,1,2,172.9,depleted,-70.9,1889364,"family P: Dummigan, Caro-Pasten bounds on v2(moddeg) from multiplicative primes"
two_adic_level,4,max_isogeny_degree,10,0,162.9,forbidden,-70.8,1885114,same-group GAL
two_adic_level,32,log_odd_tamagawa,b1,16,218.5,depleted,-70.8,1885114,family L: torsion/isogeny constrains local data (T4/T13/T17 type)
v5_moddeg,5,log_odd_moddeg,b4,0,163.0,forbidden,-70.8,1889364,same-group AN
v2_moddeg,2,n_intpts_x,7,15,215.3,depleted,-70.6,1889364,U3 (likely via model size: T15)
torsion_structure,"[2,4]",frac_even,b0,0,162.5,forbidden,-70.6,1889364,T5/T18
torsion_structure,"[2,4]",frac_even,b1,0,162.5,forbidden,-70.6,1889364,T5/T18
is_cm,1,st_m2,b7,22,233.7,depleted,-70.4,1311066,T10 (CM trace pattern)
two_adic_level,32,log_j_height,b1,0,162.2,forbidden,-70.4,1885114,family L: torsion/isogeny constrains local data (T4/T13/T17 type)
torsion_structure,[4],two_adic_label,X19,0,162.0,forbidden,-70.4,1841734,same-group GAL
torsion_structure,[4],two_adic_label,X15,0,162.0,forbidden,-70.4,1841734,same-group GAL
two_adic_label,X25,log_odd_moddeg,b7,12,205.5,depleted,-70.2,1841734,"family E: Eisenstein congruence, rational torsion/isogeny divides the congruence number"
max_isogeny_degree,15,v5_moddeg,0,16,216.9,depleted,-70.2,1889364,"family E: Eisenstein congruence, rational torsion/isogeny divides the congruence number"
v2_torsion,3,two_adic_log_index,2,0,161.5,forbidden,-70.1,1885114,same-group GAL
n_additive,4+,n_kod_II,2,102,8.7,enriched,-70.1,1889364,same-group LOC
two_adic_label,X11,max_isogeny_degree,4,0,161.2,forbidden,-70.0,1841734,same-group GAL
torsion_structure,[5],class_size,4,2,170.6,depleted,-69.9,1889364,same-group GAL
two_adic_label,X48,frac_even,b0,0,160.9,forbidden,-69.9,1841734,T18/T5 (mod-l image fixes a_p mod l; c4=0 or c6=0 is CM)
two_adic_label,X46,frac_even,b0,0,160.9,forbidden,-69.9,1841734,T18/T5 (mod-l image fixes a_p mod l; c4=0 or c6=0 is CM)
v2_torsion,3,log_regulator,b0,13,207.7,depleted,-69.9,1889364,family S: large isogeny degree forces special j and small models (T9/T10/T8)
two_adic_log_index,6,v2_tamagawa,0,7,189.1,depleted,-69.9,1885114,family L: torsion/isogeny constrains local data (T4/T13/T17 type)
max_isogeny_degree,12,bad_at_3,0,0,160.8,forbidden,-69.9,1311066,family L: torsion/isogeny constrains local data (T4/T13/T17 type)
two_adic_label,X48,log_abs_c4,b0,2,170.3,depleted,-69.8,1841734,family L: torsion/isogeny constrains local data (T4/T13/T17 type)
n_kod_Ins,1,v5_tamagawa,3,21,229.4,depleted,-69.8,1889364,same-group LOC
n_split_mult,4,n_kod_IIIs,2,0,160.4,forbidden,-69.7,1889364,same-group LOC
torsion_structure,"[2,4]",n_kod_I0s,1,0,160.6,forbidden,-69.7,1889364,family L: torsion/isogeny constrains local data (T4/T13/T17 type)
v2_torsion,2,v3_moddeg,8+,13,206.9,depleted,-69.5,1889364,"family E: Eisenstein congruence, rational torsion/isogeny divides the congruence number"
torsion_structure,"[2,4]",log_abs_c4,b0,14,209.7,depleted,-69.5,1889364,family L: torsion/isogeny constrains local data (T4/T13/T17 type)
two_adic_level,4,two_adic_label,X36l,0,159.8,forbidden,-69.4,1837484,same-group GAL
n_nonsplit_mult,5+,n_additive,3,0,159.7,forbidden,-69.4,1311066,same-group LOC
two_adic_log_index,6,log_regulator,b0,20,225.8,depleted,-69.4,1885114,family S: large isogeny degree forces special j and small models (T9/T10/T8)
two_adic_level,4,two_adic_label,X36n,0,159.8,forbidden,-69.4,1837484,same-group GAL
two_adic_label,X2,has_7_isog,1,86,5.5,enriched,-69.4,1841734,same-group GAL
two_adic_level,2,max_isogeny_degree,25,0,159.3,forbidden,-69.2,1885114,same-group GAL
torsion_structure,[3],class_size,8,0,159.2,forbidden,-69.1,1889364,same-group GAL
v7_tamagawa,2,log_regulator,b5,13,205.6,depleted,-69.0,1889364,"T4+T11 (Tamagawa tracks v_p(Delta), hence the period)"
torsion_structure,"[2,6]",v2_torsion,2,86,5.5,enriched,-68.9,1889364,I
torsion_structure,"[2,4]",frac_even,b3,0,158.7,forbidden,-68.9,1889364,T5/T18
two_adic_label,X9c,v2_torsion,2,0,158.7,forbidden,-68.9,1841734,same-group GAL
class_size,4,rank_c,3,5,179.8,depleted,-68.9,1311066,U5 (rank and isogeny structure beyond 2 and 3)
two_adic_label,X10a,v2_torsion,2,0,158.7,forbidden,-68.9,1841734,same-group GAL
two_adic_label,X13,n_bad_primes,1,0,158.5,forbidden,-68.8,1841734,family L: torsion/isogeny constrains local data (T4/T13/T17 type)
has_3_isog,1,v2_torsion,3,0,158.2,forbidden,-68.7,1889364,same-group GAL
v7_sha,2,log_odd_moddeg,b1,1,163.4,depleted,-68.7,1889364,same-group AN
v5_moddeg,5,log_odd_moddeg,b1,0,158.2,forbidden,-68.7,1889364,same-group AN
two_adic_label,X46,frac_even,b1,0,158.2,forbidden,-68.7,1841734,T18/T5 (mod-l image fixes a_p mod l; c4=0 or c6=0 is CM)
two_adic_label,X48,frac_even,b1,0,158.2,forbidden,-68.7,1841734,T18/T5 (mod-l image fixes a_p mod l; c4=0 or c6=0 is CM)
class_size,8,n_bad_primes,6+,98,8.1,enriched,-68.7,1311066,family L: torsion/isogeny constrains local data (T4/T13/T17 type)
v7_tamagawa,2,log_j_height,b1,11,197.9,depleted,-68.3,1889364,T4 (local data and equation)
two_adic_label,X25,log_abs_disc,b3,12,201.0,depleted,-68.3,1841734,family L: torsion/isogeny constrains local data (T4/T13/T17 type)
two_adic_log_index,3,n_kod_IIs,2,0,157.2,forbidden,-68.3,1885114,family L: torsion/isogeny constrains local data (T4/T13/T17 type)
two_adic_label,X13,v2_moddeg,1,0,157.1,forbidden,-68.2,1841734,"family E: Eisenstein congruence, rational torsion/isogeny divides the congruence number"
two_adic_label,X9d,n_kod_IV,1,0,156.8,forbidden,-68.1,1841734,family L: torsion/isogeny constrains local data (T4/T13/T17 type)
max_isogeny_degree,25,two_adic_log_index,1,0,156.8,forbidden,-68.1,1885114,same-group GAL
two_adic_label,X10d,n_kod_IV,1,0,156.8,forbidden,-68.1,1841734,family L: torsion/isogeny constrains local data (T4/T13/T17 type)
v7_sha,2,log_regulator,b3,0,156.4,forbidden,-67.9,1889364,same-group AN
two_adic_label,X25,v2_moddeg,7,0,156.1,forbidden,-67.8,1841734,"family E: Eisenstein congruence, rational torsion/isogeny divides the congruence number"
v2_moddeg,1,n_additive,3,0,155.6,forbidden,-67.6,1889364,"family P: Dummigan, Caro-Pasten bounds on v2(moddeg) from multiplicative primes"
v5_moddeg,5,log_odd_moddeg,b3,0,155.7,forbidden,-67.6,1889364,same-group AN
two_adic_label,X13h,class_size,3,0,155.5,forbidden,-67.6,1841734,same-group GAL
n_additive,4+,n_kod_IIIs,2,97,8.0,enriched,-67.6,1889364,same-group LOC
two_adic_label,X13d,class_size,3,0,155.5,forbidden,-67.6,1841734,same-group GAL
two_adic_label,X36l,v2_moddeg,6,0,155.7,forbidden,-67.6,1841734,"family E: Eisenstein congruence, rational torsion/isogeny divides the congruence number"
two_adic_label,X13f,class_size,3,0,155.5,forbidden,-67.6,1841734,same-group GAL
two_adic_label,X8d,class_size,3,0,155.5,forbidden,-67.6,1841734,same-group GAL
two_adic_label,X32,log_abs_c4,b1,5,176.5,depleted,-67.5,1841734,family L: torsion/isogeny constrains local data (T4/T13/T17 type)
two_adic_label,X44,n_kod_I0s,2,96,7.9,enriched,-67.5,1841734,family L: torsion/isogeny constrains local data (T4/T13/T17 type)
v2_moddeg,0,n_bad_primes,3,0,155.5,forbidden,-67.5,1889364,"family P: Dummigan, Caro-Pasten bounds on v2(moddeg) from multiplicative primes"
max_isogeny_degree,6,exceptional_image,1,0,155.4,forbidden,-67.5,1889364,same-group GAL
n_bad_primes,1,v7_tamagawa,1,0,155.1,forbidden,-67.4,1889364,same-group LOC
two_adic_label,X6,max_isogeny_degree,25,0,155.2,forbidden,-67.4,1841734,same-group GAL
n_nonsurj_primes,0,max_isogeny_degree,15,0,155.3,forbidden,-67.4,1889364,same-group GAL
torsion_structure,"[2,4]",log_abs_disc,b0,19,217.8,depleted,-67.3,1889364,family L: torsion/isogeny constrains local data (T4/T13/T17 type)
rank_c,3,n_additive,3,7,182.7,depleted,-67.2,1311066,U7 (rank and reduction types; T16 for n_bad_primes)
torsion_structure,"[2,4]",frac_even,b2,0,154.7,forbidden,-67.2,1889364,T5/T18
two_adic_label,X17,has_5_isog,1,0,154.7,forbidden,-67.2,1841734,same-group GAL
two_adic_label,X16,has_5_isog,1,0,154.7,forbidden,-67.2,1841734,same-group GAL
v2_torsion,2,rank_c,3,7,181.6,depleted,-66.7,1889364,"C6 (rank and 2-, 3-torsion structure)"
torsion_structure,"[2,4]",log_j_height,b1,5,174.3,depleted,-66.6,1889364,family L: torsion/isogeny constrains local data (T4/T13/T17 type)
torsion_structure,"[2,4]",log_area,b7,19,216.2,depleted,-66.6,1889364,family S: large isogeny degree forces special j and small models (T9/T10/T8)
two_adic_level,32,v2_sha,3+,86,5.9,enriched,-66.5,1885114,U4 (partly C4: Selmer heuristics with torsion; Fisher for isogenies)
has_3_isog,1,n_nonsplit_mult,5+,13,199.4,depleted,-66.5,1311066,family L: torsion/isogeny constrains local data (T4/T13/T17 type)
two_adic_label,X9c,v7_tamagawa,1,0,152.8,forbidden,-66.4,1841734,family L: torsion/isogeny constrains local data (T4/T13/T17 type)
two_adic_label,X10a,v7_tamagawa,1,0,152.8,forbidden,-66.4,1841734,family L: torsion/isogeny constrains local data (T4/T13/T17 type)
two_adic_label,X44,log_abs_disc,b1,7,180.7,depleted,-66.4,1841734,family L: torsion/isogeny constrains local data (T4/T13/T17 type)
two_adic_label,X46,log_abs_c4,b0,4,170.3,depleted,-66.4,1841734,family L: torsion/isogeny constrains local data (T4/T13/T17 type)
max_isogeny_degree,12,v2_moddeg,4,8,184.0,depleted,-66.4,1889364,"family E: Eisenstein congruence, rational torsion/isogeny divides the congruence number"
class_size,6,n_split_mult,5+,100,9.0,enriched,-66.3,1311066,family L: torsion/isogeny constrains local data (T4/T13/T17 type)
root_number,-1,v3_sha,3+,0,152.5,forbidden,-66.2,1889364,same-group AN
class_size,6,exceptional_image,1,0,152.5,forbidden,-66.2,1889364,same-group GAL
two_adic_label,X11,v2_tamagawa,0,0,151.9,forbidden,-66.0,1841734,family L: torsion/isogeny constrains local data (T4/T13/T17 type)
rank_c,1,v3_sha,3+,0,151.7,forbidden,-65.9,1889364,C4
two_adic_log_index,6,petersson_resid,b7,4,169.0,depleted,-65.9,1885114,family E/T10 (Eisenstein congruences; CM symmetric square)
v7_sha,2,log_omega,b6,0,151.8,forbidden,-65.9,1889364,same-group AN
two_adic_label,X44,v2_tamagawa,0,0,151.6,forbidden,-65.8,1841734,family L: torsion/isogeny constrains local data (T4/T13/T17 type)
two_adic_label,X46,log_area,b7,5,172.5,depleted,-65.8,1841734,family S: large isogeny degree forces special j and small models (T9/T10/T8)
two_adic_log_index,6,frac_even,b1,0,151.4,forbidden,-65.8,1885114,T18/T5 (mod-l image fixes a_p mod l; c4=0 or c6=0 is CM)
two_adic_label,X38,v2_tamagawa,0,0,151.6,forbidden,-65.8,1841734,family L: torsion/isogeny constrains local data (T4/T13/T17 type)
v7_sha,2,log_abs_c4,b1,0,151.5,forbidden,-65.8,1889364,"I1+T11 (large Sha needs a small period, hence large c4 and Delta)"
max_isogeny_degree,15,v2_torsion,1,0,151.2,forbidden,-65.7,1889364,same-group GAL
max_isogeny_degree,4,odd_torsion,5,0,151.4,forbidden,-65.7,1889364,same-group GAL
n_nonsplit_mult,4,v3_tamagawa,4+,1,156.1,depleted,-65.6,1889364,same-group LOC
has_5_isog,1,v3_tamagawa,3,2,160.2,depleted,-65.5,1889364,family L: torsion/isogeny constrains local data (T4/T13/T17 type)
v2_moddeg,0,is_opt,0,13,196.7,depleted,-65.4,1889364,T12 (non-optimal degrees carry the isogeny)
two_adic_label,X38,two_adic_log_index,2,0,150.5,forbidden,-65.4,1837484,same-group GAL
two_adic_label,X44,two_adic_log_index,2,0,150.5,forbidden,-65.4,1837484,same-group GAL
max_isogeny_degree,16,bad_at_3,0,0,150.3,forbidden,-65.3,1311066,family L: torsion/isogeny constrains local data (T4/T13/T17 type)
two_adic_label,X48,frac_even,b3,0,150.4,forbidden,-65.3,1841734,T18/T5 (mod-l image fixes a_p mod l; c4=0 or c6=0 is CM)
two_adic_label,X46,frac_even,b3,0,150.4,forbidden,-65.3,1841734,T18/T5 (mod-l image fixes a_p mod l; c4=0 or c6=0 is CM)
v7_sha,2,log_omega,b4,1,155.2,depleted,-65.2,1889364,same-group AN
torsion_structure,"[2,4]",n_kod_In,1,2,159.6,depleted,-65.2,1889364,family L: torsion/isogeny constrains local data (T4/T13/T17 type)
class_size,4,v7_tamagawa,2,20,215.0,depleted,-65.1,1889364,family L: torsion/isogeny constrains local data (T4/T13/T17 type)
two_adic_label,X32,two_adic_log_index,2,0,149.8,forbidden,-65.1,1837484,same-group GAL
c4_sign,0,n_kod_Ins,2,0,150.0,forbidden,-65.1,1889364,T4 (local data and equation)
max_isogeny_degree,15,has_3_isog,1,92,7.5,enriched,-65.0,1311066,same-group GAL
class_size,8,frac_even,b1,0,149.6,forbidden,-65.0,1311066,T18/T5 (mod-l image fixes a_p mod l; c4=0 or c6=0 is CM)
two_adic_label,X44,log_area,b6,8,180.8,depleted,-65.0,1841734,family S: large isogeny degree forces special j and small models (T9/T10/T8)
v7_sha,2,log_regulator,b0,0,149.5,forbidden,-64.9,1889364,same-group AN
v2_moddeg,0,n_nonsplit_mult,2,0,149.2,forbidden,-64.8,1889364,"family P: Dummigan, Caro-Pasten bounds on v2(moddeg) from multiplicative primes"
torsion_structure,[2],max_isogeny_degree,15,0,149.0,forbidden,-64.7,1889364,same-group GAL
v7_sha,2,log_omega,b5,1,153.9,depleted,-64.7,1889364,same-group AN
torsion_structure,"[2,4]",v2_tamagawa,0,0,149.0,forbidden,-64.7,1889364,family L: torsion/isogeny constrains local data (T4/T13/T17 type)
v7_sha,2,log_regulator,b4,2,158.1,depleted,-64.6,1889364,same-group AN
v2_moddeg,0,n_split_mult,2,0,148.8,forbidden,-64.6,1889364,"family P: Dummigan, Caro-Pasten bounds on v2(moddeg) from multiplicative primes"
two_adic_label,X3,n_torsion_gens,2,0,148.5,forbidden,-64.5,1841734,same-group GAL
max_isogeny_degree,2,v5_tamagawa,3,16,202.9,depleted,-64.5,1889364,family L: torsion/isogeny constrains local data (T4/T13/T17 type)
n_additive,4+,n_kod_III,2,95,8.2,enriched,-64.5,1889364,same-group LOC
class_size,8,frac_even,b0,0,148.6,forbidden,-64.5,1311066,T18/T5 (mod-l image fixes a_p mod l; c4=0 or c6=0 is CM)
max_isogeny_degree,3,n_nonsplit_mult,5+,5,169.1,depleted,-64.4,1311066,family L: torsion/isogeny constrains local data (T4/T13/T17 type)
two_adic_label,X13h,max_isogeny_degree,9,0,148.2,forbidden,-64.4,1841734,same-group GAL
two_adic_label,X25,has_3_isog,1,0,148.3,forbidden,-64.4,1841734,same-group GAL
two_adic_label,X32,v2_tamagawa,0,0,148.3,forbidden,-64.4,1841734,family L: torsion/isogeny constrains local data (T4/T13/T17 type)
two_adic_label,X32,log_odd_tamagawa,b2,6,172.5,depleted,-64.4,1841734,family L: torsion/isogeny constrains local data (T4/T13/T17 type)
odd_torsion,5,log_j_height,b0,8,179.3,depleted,-64.4,1889364,family L: torsion/isogeny constrains local data (T4/T13/T17 type)
two_adic_label,X13f,max_isogeny_degree,9,0,148.2,forbidden,-64.4,1841734,same-group GAL
two_adic_label,X8d,max_isogeny_degree,9,0,148.2,forbidden,-64.4,1841734,same-group GAL
two_adic_label,X19,v2_moddeg,2,0,148.3,forbidden,-64.4,1841734,"family E: Eisenstein congruence, rational torsion/isogeny divides the congruence number"
two_adic_label,X13d,max_isogeny_degree,9,0,148.2,forbidden,-64.4,1841734,same-group GAL
torsion_structure,"[2,2]",two_adic_label,X3,0,148.3,forbidden,-64.4,1841734,same-group GAL
torsion_structure,[3],two_adic_label,X8c,0,148.1,forbidden,-64.3,1841734,same-group GAL
torsion_structure,[3],two_adic_label,X13g,0,148.1,forbidden,-64.3,1841734,same-group GAL
two_adic_label,X46,log_abs_disc,b0,6,172.4,depleted,-64.3,1841734,family L: torsion/isogeny constrains local data (T4/T13/T17 type)
torsion_structure,[3],two_adic_label,X13e,0,148.1,forbidden,-64.3,1841734,same-group GAL
torsion_structure,[3],two_adic_label,X13c,0,148.1,forbidden,-64.3,1841734,same-group GAL
two_adic_label,X38,log_omega,b7,12,191.0,depleted,-64.3,1841734,family S: large isogeny degree forces special j and small models (T9/T10/T8)
max_isogeny_degree,16,v2_moddeg,4,7,175.4,depleted,-64.1,1889364,"family E: Eisenstein congruence, rational torsion/isogeny divides the congruence number"
max_isogeny_degree,10,bad_at_3,0,0,147.5,forbidden,-64.1,1311066,family L: torsion/isogeny constrains local data (T4/T13/T17 type)
n_bad_primes,1,n_additive,3,0,147.4,forbidden,-64.0,1311066,I2
two_adic_label,X10a,v3_tamagawa,2,12,190.3,depleted,-64.0,1841734,family L: torsion/isogeny constrains local data (T4/T13/T17 type)
two_adic_label,X9c,v3_tamagawa,2,12,190.3,depleted,-64.0,1841734,family L: torsion/isogeny constrains local data (T4/T13/T17 type)
two_adic_level,4,max_isogeny_degree,18,0,147.5,forbidden,-64.0,1885114,same-group GAL
v7_sha,2,st_mean,b0,2,156.4,depleted,-63.8,1889364,"C7 (trace summaries are rank proxies; Sha and integral points follow rank by C4, T15)"
n_additive,2,v5_tamagawa,3,5,167.2,depleted,-63.6,1889364,same-group LOC
two_adic_label,X36l,n_kod_IVs,1,0,146.5,forbidden,-63.6,1841734,family L: torsion/isogeny constrains local data (T4/T13/T17 type)
two_adic_label,X36n,n_kod_IVs,1,0,146.5,forbidden,-63.6,1841734,family L: torsion/isogeny constrains local data (T4/T13/T17 type)
torsion_structure,[4],max_isogeny_degree,5,0,146.2,forbidden,-63.5,1889364,same-group GAL
v7_sha,2,log_abs_c4,b0,0,146.2,forbidden,-63.5,1889364,"I1+T11 (large Sha needs a small period, hence large c4 and Delta)"
two_adic_label,X13f,v2_moddeg,2,7,173.9,depleted,-63.5,1841734,"family E: Eisenstein congruence, rational torsion/isogeny divides the congruence number"
v7_sha,2,log_omega,b7,0,145.9,forbidden,-63.4,1889364,same-group AN
torsion_structure,[5],max_isogeny_degree,4,0,146.0,forbidden,-63.4,1889364,same-group GAL
class_size,8,frac_zero,b0,0,145.7,forbidden,-63.3,1311066,T18/T5 (mod-l image fixes a_p mod l; c4=0 or c6=0 is CM)
two_adic_label,X32,n_kod_I0s,2,94,8.3,enriched,-63.2,1841734,family L: torsion/isogeny constrains local data (T4/T13/T17 type)
odd_torsion,3,n_kod_Ins,3+,0,145.3,forbidden,-63.1,1889364,family L: torsion/isogeny constrains local data (T4/T13/T17 type)
v7_tamagawa,2,log_abs_c4,b0,14,193.7,depleted,-63.1,1889364,T4 (local data and equation)
v7_tamagawa,2,log_j_height,b2,16,199.1,depleted,-63.0,1889364,T4 (local data and equation)
max_isogeny_degree,12,v7_tamagawa,1,0,145.0,forbidden,-63.0,1889364,family L: torsion/isogeny constrains local data (T4/T13/T17 type)
v7_sha,2,log_area,b7,0,144.8,forbidden,-62.9,1889364,same-group AN
two_adic_label,X48,frac_even,b2,0,144.6,forbidden,-62.8,1841734,T18/T5 (mod-l image fixes a_p mod l; c4=0 or c6=0 is CM)
two_adic_label,X46,frac_even,b2,0,144.6,forbidden,-62.8,1841734,T18/T5 (mod-l image fixes a_p mod l; c4=0 or c6=0 is CM)
torsion_structure,"[2,4]",two_adic_log_index,2,0,144.7,forbidden,-62.8,1885114,same-group GAL
n_torsion_gens,1,max_isogeny_degree,15,6,168.6,depleted,-62.7,1889364,same-group GAL
torsion_structure,[5],log_j_height,b0,7,171.7,depleted,-62.6,1889364,family L: torsion/isogeny constrains local data (T4/T13/T17 type)
two_adic_label,X13,rank_c,3,9,177.9,depleted,-62.6,1841734,"C6 (rank and 2-, 3-torsion structure)"
v2_moddeg,1,n_intpts_x,4,9,177.7,depleted,-62.5,1889364,U3 (likely via model size: T15)
max_isogeny_degree,7,v2_torsion,2,0,143.8,forbidden,-62.4,1889364,same-group GAL
two_adic_label,X8,max_isogeny_degree,5,0,143.6,forbidden,-62.4,1841734,same-group GAL
class_size,8,frac_even,b3,0,143.5,forbidden,-62.3,1311066,T18/T5 (mod-l image fixes a_p mod l; c4=0 or c6=0 is CM)
two_adic_label,X33,n_kod_IV,1,0,143.4,forbidden,-62.3,1841734,family L: torsion/isogeny constrains local data (T4/T13/T17 type)
max_isogeny_degree,8,exceptional_image,1,0,143.3,forbidden,-62.2,1889364,same-group GAL
v2_sha,3+,n_intpts_x,7,0,143.3,forbidden,-62.2,1889364,"U3 (likely via rank and period: T15, I1)"
two_adic_label,X13,two_adic_log_index,4,0,142.9,forbidden,-62.1,1837484,same-group GAL
class_size,8,frac_even,b2,0,142.7,forbidden,-62.0,1311066,T18/T5 (mod-l image fixes a_p mod l; c4=0 or c6=0 is CM)
two_adic_label,X10d,n_kod_IIs,1,0,142.9,forbidden,-62.0,1841734,family L: torsion/isogeny constrains local data (T4/T13/T17 type)
two_adic_label,X9d,n_kod_IIs,1,0,142.9,forbidden,-62.0,1841734,family L: torsion/isogeny constrains local data (T4/T13/T17 type)
two_adic_label,X48,frac_zero,b7,0,142.5,forbidden,-61.9,1841734,T18/T5 (mod-l image fixes a_p mod l; c4=0 or c6=0 is CM)
two_adic_label,X46,frac_zero,b7,0,142.5,forbidden,-61.9,1841734,T18/T5 (mod-l image fixes a_p mod l; c4=0 or c6=0 is CM)
odd_torsion,5,n_kod_I0s,1,0,142.6,forbidden,-61.9,1889364,family L: torsion/isogeny constrains local data (T4/T13/T17 type)
n_nonsplit_mult,4,n_kod_II,2,0,142.2,forbidden,-61.8,1889364,same-group LOC
two_adic_label,X48,log_omega,b6,4,158.9,depleted,-61.6,1841734,family S: large isogeny degree forces special j and small models (T9/T10/T8)
v2_moddeg,3,n_kod_Ins,3+,0,141.5,forbidden,-61.5,1889364,"family P: Dummigan, Caro-Pasten bounds on v2(moddeg) from multiplicative primes"
two_adic_label,X7,max_isogeny_degree,4,0,141.4,forbidden,-61.4,1841734,same-group GAL
two_adic_label,X7,n_split_mult,3,0,141.4,forbidden,-61.4,1841734,family L: torsion/isogeny constrains local data (T4/T13/T17 type)
n_bad_primes,6+,n_kod_IVs,2,0,141.2,forbidden,-61.3,1889364,same-group LOC
two_adic_level,32,frac_even,b0,0,141.2,forbidden,-61.3,1885114,T18/T5 (mod-l image fixes a_p mod l; c4=0 or c6=0 is CM)
max_isogeny_degree,8,n_split_mult,5+,93,8.6,enriched,-61.0,1311066,family L: torsion/isogeny constrains local data (T4/T13/T17 type)
max_isogeny_degree,10,two_adic_log_index,3,0,140.3,forbidden,-60.9,1885114,same-group GAL
max_isogeny_degree,4,rank_c,3,5,160.8,depleted,-60.9,1311066,U5 (rank and isogeny structure beyond 2 and 3)
v7_sha,2,log_regulator,b5,5,160.7,depleted,-60.8,1889364,same-group AN
v7_tamagawa,2,log_omega,b7,16,193.5,depleted,-60.8,1889364,"T4+T11 (Tamagawa tracks v_p(Delta), hence the period)"
torsion_structure,"[2,4]",log_regulator,b0,13,185.3,depleted,-60.8,1889364,family S: large isogeny degree forces special j and small models (T9/T10/T8)
two_adic_label,X36l,n_kod_IIIs,1,0,140.1,forbidden,-60.8,1841734,family L: torsion/isogeny constrains local data (T4/T13/T17 type)
two_adic_log_index,6,frac_even,b0,0,139.8,forbidden,-60.7,1885114,T18/T5 (mod-l image fixes a_p mod l; c4=0 or c6=0 is CM)
n_torsion_gens,2,n_bad_primes,1,4,156.8,depleted,-60.7,1889364,family L: torsion/isogeny constrains local data (T4/T13/T17 type)
torsion_structure,"[2,4]",has_3_isog,1,0,139.7,forbidden,-60.7,1889364,same-group GAL
two_adic_label,X36l,n_kod_III,1,0,139.4,forbidden,-60.6,1841734,family L: torsion/isogeny constrains local data (T4/T13/T17 type)
two_adic_level,32,log_odd_tamagawa,b2,0,139.6,forbidden,-60.6,1885114,family L: torsion/isogeny constrains local data (T4/T13/T17 type)
class_size,1,max_isogeny_degree,13,0,139.4,forbidden,-60.6,1311066,same-group GAL
two_adic_label,X25,log_omega,b5,19,200.5,depleted,-60.4,1841734,family S: large isogeny degree forces special j and small models (T9/T10/T8)
max_isogeny_degree,10,n_kod_IVs,1,0,139.2,forbidden,-60.4,1889364,family L: torsion/isogeny constrains local data (T4/T13/T17 type)
two_adic_label,X48,log_abs_disc,b1,5,159.6,depleted,-60.4,1841734,family L: torsion/isogeny constrains local data (T4/T13/T17 type)
two_adic_label,X48,log_area,b6,5,159.6,depleted,-60.4,1841734,family S: large isogeny degree forces special j and small models (T9/T10/T8)
n_split_mult,5+,n_additive,3,0,139.0,forbidden,-60.4,1311066,same-group LOC
torsion_structure,[5],n_kod_I0s,1,0,138.6,forbidden,-60.2,1889364,family L: torsion/isogeny constrains local data (T4/T13/T17 type)
n_kod_IV,2,n_kod_Ins,2,8,168.9,depleted,-60.1,1889364,same-group LOC
v7_sha,2,log_odd_moddeg,b0,0,138.4,forbidden,-60.1,1889364,same-group AN
two_adic_level,4,two_adic_log_index,6,0,138.2,forbidden,-60.0,1885114,same-group GAL
torsion_structure,[4],n_kod_I0s,2,0,138.1,forbidden,-60.0,1889364,family L: torsion/isogeny constrains local data (T4/T13/T17 type)
two_adic_label,X44,log_omega,b6,12,180.0,depleted,-59.8,1841734,family S: large isogeny degree forces special j and small models (T9/T10/T8)
max_isogeny_degree,25,v3_tamagawa,1,0,137.7,forbidden,-59.8,1889364,family L: torsion/isogeny constrains local data (T4/T13/T17 type)
n_bad_primes,2,n_split_mult,5+,0,137.5,forbidden,-59.7,1311066,I2
two_adic_label,X9c,n_additive,3,2,146.6,depleted,-59.6,1841734,family L: torsion/isogeny constrains local data (T4/T13/T17 type)
two_adic_label,X10a,n_additive,3,2,146.6,depleted,-59.6,1841734,family L: torsion/isogeny constrains local data (T4/T13/T17 type)
two_adic_label,X38,has_3_isog,1,0,137.1,forbidden,-59.5,1841734,same-group GAL
v7_sha,2,log_abs_c4,b2,4,153.9,depleted,-59.5,1889364,"I1+T11 (large Sha needs a small period, hence large c4 and Delta)"
two_adic_label,X44,has_3_isog,1,0,137.1,forbidden,-59.5,1841734,same-group GAL
two_adic_label,X11,log_abs_disc,b0,13,182.1,depleted,-59.5,1841734,family L: torsion/isogeny constrains local data (T4/T13/T17 type)
v7_sha,2,nagao_1000,b0,5,157.4,depleted,-59.5,1889364,"C7 (trace summaries are rank proxies; Sha and integral points follow rank by C4, T15)"
v2_moddeg,2,n_intpts_x,8,4,154.1,depleted,-59.5,1889364,U3 (likely via model size: T15)
two_adic_label,X13d,has_5_isog,1,0,136.8,forbidden,-59.4,1841734,same-group GAL
two_adic_label,X8d,has_5_isog,1,0,136.8,forbidden,-59.4,1841734,same-group GAL
two_adic_label,X13h,has_5_isog,1,0,136.8,forbidden,-59.4,1841734,same-group GAL
two_adic_label,X13f,has_5_isog,1,0,136.8,forbidden,-59.4,1841734,same-group GAL
v5_tamagawa,4+,log_odd_tamagawa,b3,87,7.5,enriched,-59.4,1889364,same-group LOC
v5_moddeg,5,log_odd_moddeg,b2,0,136.6,forbidden,-59.3,1889364,same-group AN
max_isogeny_degree,13,n_additive,3,88,7.8,enriched,-59.2,1311066,family L: torsion/isogeny constrains local data (T4/T13/T17 type)
two_adic_log_index,4,v3_moddeg,7,6,159.7,depleted,-59.0,1885114,"family E: Eisenstein congruence, rational torsion/isogeny divides the congruence number"
class_size,1,max_isogeny_degree,25,0,135.6,forbidden,-58.9,1311066,same-group GAL
two_adic_label,X13g,odd_torsion,3,10,172.0,depleted,-58.9,1841734,same-group GAL
two_adic_label,X13e,odd_torsion,3,10,172.0,depleted,-58.9,1841734,same-group GAL
two_adic_label,X13c,odd_torsion,3,10,172.0,depleted,-58.9,1841734,same-group GAL
two_adic_label,X8c,odd_torsion,3,10,172.0,depleted,-58.9,1841734,same-group GAL
n_nonsplit_mult,4,n_kod_III,2,0,135.4,forbidden,-58.8,1889364,same-group LOC
two_adic_label,X25,n_kod_IVs,1,0,135.4,forbidden,-58.8,1841734,family L: torsion/isogeny constrains local data (T4/T13/T17 type)
v2_torsion,3,log_j_height,b2,15,185.7,depleted,-58.7,1889364,family L: torsion/isogeny constrains local data (T4/T13/T17 type)
v2_torsion,2,c4_sign,0,0,135.2,forbidden,-58.7,1889364,family L: torsion/isogeny constrains local data (T4/T13/T17 type)
two_adic_label,X11,has_3_isog,1,0,135.3,forbidden,-58.7,1841734,same-group GAL
v7_sha,2,log_area,b6,4,151.7,depleted,-58.6,1889364,same-group AN
rank_c,2,v7_sha,2,0,135.0,forbidden,-58.6,1889364,same-group AN
two_adic_label,X8,class_size,6,0,134.8,forbidden,-58.6,1841734,same-group GAL
torsion_structure,"[2,2]",n_bad_primes,1,4,151.1,depleted,-58.3,1889364,family L: torsion/isogeny constrains local data (T4/T13/T17 type)
two_adic_level,2,v2_moddeg,0,0,134.2,forbidden,-58.3,1885114,"family E: Eisenstein congruence, rational torsion/isogeny divides the congruence number"
two_adic_label,X48,v2_tamagawa,0,0,133.8,forbidden,-58.1,1841734,family L: torsion/isogeny constrains local data (T4/T13/T17 type)
two_adic_label,X46,v2_tamagawa,0,0,133.8,forbidden,-58.1,1841734,family L: torsion/isogeny constrains local data (T4/T13/T17 type)
two_adic_label,X36n,n_kod_II,1,0,133.6,forbidden,-58.0,1841734,family L: torsion/isogeny constrains local data (T4/T13/T17 type)
max_isogeny_degree,16,v7_tamagawa,1,0,133.2,forbidden,-57.9,1889364,family L: torsion/isogeny constrains local data (T4/T13/T17 type)
v7_sha,2,log_area,b5,5,153.8,depleted,-57.9,1889364,same-group AN
v2_moddeg,0,v2_tamagawa,4+,0,133.0,forbidden,-57.8,1889364,"U1 (check Agashe-Ribet-Stein, Emerton: component groups and the congruence number)"
two_adic_label,X33,v2_moddeg,5,8,163.2,depleted,-57.8,1841734,"family E: Eisenstein congruence, rational torsion/isogeny divides the congruence number"
two_adic_label,X7,n_nonsplit_mult,3,0,132.8,forbidden,-57.7,1841734,family L: torsion/isogeny constrains local data (T4/T13/T17 type)
n_split_mult,0,v5_tamagawa,3,0,132.9,forbidden,-57.7,1889364,same-group LOC
two_adic_level,32,two_adic_log_index,2,0,132.7,forbidden,-57.6,1885114,same-group GAL
two_adic_label,X34,n_kod_Ins,3+,85,7.4,enriched,-57.5,1841734,family L: torsion/isogeny constrains local data (T4/T13/T17 type)
two_adic_label,X46,two_adic_log_index,2,0,132.4,forbidden,-57.5,1837484,same-group GAL
two_adic_label,X48,two_adic_log_index,2,0,132.4,forbidden,-57.5,1837484,same-group GAL
two_adic_label,X19,class_size,3,0,132.2,forbidden,-57.4,1841734,same-group GAL
two_adic_label,X36l,two_adic_log_index,3,0,132.3,forbidden,-57.4,1837484,same-group GAL
two_adic_label,X36n,two_adic_log_index,3,0,132.3,forbidden,-57.4,1837484,same-group GAL
two_adic_level,32,has_3_isog,1,0,132.1,forbidden,-57.4,1885114,same-group GAL
two_adic_label,X15,class_size,3,0,132.2,forbidden,-57.4,1841734,same-group GAL
two_adic_log_index,1,v2_moddeg,0,0,132.2,forbidden,-57.4,1885114,"family E: Eisenstein congruence, rational torsion/isogeny divides the congruence number"
rank_c,3,n_intpts_x,4,10,168.0,depleted,-57.3,1889364,T15
two_adic_label,X7,exceptional_image,1,80,6.4,enriched,-57.2,1841734,same-group GAL
v7_sha,2,log_abs_c4,b3,6,155.2,depleted,-57.1,1889364,"I1+T11 (large Sha needs a small period, hence large c4 and Delta)"
v2_torsion,2,n_kod_IV,2,0,131.5,forbidden,-57.1,1889364,family L: torsion/isogeny constrains local data (T4/T13/T17 type)
n_nonsplit_mult,4,n_kod_IIIs,2,0,131.4,forbidden,-57.1,1889364,same-group LOC
two_adic_label,X3,n_split_mult,4,4,148.2,depleted,-57.1,1841734,family L: torsion/isogeny constrains local data (T4/T13/T17 type)
v5_tamagawa,3,log_odd_tamagawa,b1,0,131.4,forbidden,-57.0,1889364,same-group LOC
two_adic_label,X25,v2_moddeg,6,0,131.2,forbidden,-57.0,1841734,"family E: Eisenstein congruence, rational torsion/isogeny divides the congruence number"
two_adic_label,X32,has_3_isog,1,0,131.2,forbidden,-57.0,1841734,same-group GAL
two_adic_label,X32,log_regulator,b0,13,175.8,depleted,-57.0,1841734,family S: large isogeny degree forces special j and small models (T9/T10/T8)
two_adic_label,X6,v2_moddeg,0,0,131.0,forbidden,-56.9,1841734,"family E: Eisenstein congruence, rational torsion/isogeny divides the congruence number"
torsion_structure,[4],exceptional_image,1,0,131.1,forbidden,-56.9,1889364,same-group GAL
two_adic_label,X25,n_kod_III,1,0,130.5,forbidden,-56.7,1841734,family L: torsion/isogeny constrains local data (T4/T13/T17 type)
v5_sha,2,n_intpts_x,5,0,130.6,forbidden,-56.7,1889364,"U3 (likely via rank and period: T15, I1)"
two_adic_level,8,two_adic_label,X25,0,130.4,forbidden,-56.6,1837484,same-group GAL
two_adic_log_index,6,log_odd_tamagawa,b2,6,153.6,depleted,-56.5,1885114,family L: torsion/isogeny constrains local data (T4/T13/T17 type)
v2_moddeg,3,n_split_mult,5+,0,130.2,forbidden,-56.5,1889364,"family P: Dummigan, Caro-Pasten bounds on v2(moddeg) from multiplicative primes"
odd_torsion,3,n_nonsplit_mult,5+,0,129.7,forbidden,-56.3,1889364,family L: torsion/isogeny constrains local data (T4/T13/T17 type)
two_adic_label,X2,v2_torsion,2,0,128.6,forbidden,-55.9,1841734,same-group GAL
two_adic_label,X44,log_area,b5,14,176.0,depleted,-55.9,1841734,family S: large isogeny degree forces special j and small models (T9/T10/T8)
n_torsion_gens,2,v3_moddeg,8+,8,158.1,depleted,-55.7,1889364,"family E: Eisenstein congruence, rational torsion/isogeny divides the congruence number"
two_adic_label,X38,log_abs_disc,b1,16,180.7,depleted,-55.7,1841734,family L: torsion/isogeny constrains local data (T4/T13/T17 type)
torsion_structure,[3],n_kod_Ins,3+,0,128.1,forbidden,-55.7,1889364,family L: torsion/isogeny constrains local data (T4/T13/T17 type)
max_isogeny_degree,18,two_adic_log_index,3,0,127.9,forbidden,-55.5,1885114,same-group GAL
two_adic_label,X11,n_split_mult,3,12,168.8,depleted,-55.3,1841734,family L: torsion/isogeny constrains local data (T4/T13/T17 type)
class_size,2,max_isogeny_degree,12,0,127.4,forbidden,-55.3,1311066,same-group GAL
two_adic_label,X7,frac_zero,b0,8,156.9,depleted,-55.2,1841734,T18/T5 (mod-l image fixes a_p mod l; c4=0 or c6=0 is CM)
max_isogeny_degree,15,v5_moddeg,3,76,5.9,enriched,-55.2,1889364,"family E: Eisenstein congruence, rational torsion/isogeny divides the congruence number"
max_isogeny_degree,18,n_kod_IVs,1,0,126.8,forbidden,-55.1,1889364,family L: torsion/isogeny constrains local data (T4/T13/T17 type)
two_adic_level,32,frac_even,b1,4,143.5,depleted,-55.1,1885114,T18/T5 (mod-l image fixes a_p mod l; c4=0 or c6=0 is CM)
max_isogeny_degree,10,n_kod_II,1,0,126.6,forbidden,-55.0,1889364,family L: torsion/isogeny constrains local data (T4/T13/T17 type)
v5_moddeg,5,log_odd_moddeg,b0,0,126.5,forbidden,-54.9,1889364,same-group AN
two_adic_label,X15,max_isogeny_degree,9,0,126.1,forbidden,-54.8,1841734,same-group GAL
two_adic_label,X44,log_abs_c4,b2,15,175.9,depleted,-54.8,1841734,family L: torsion/isogeny constrains local data (T4/T13/T17 type)
two_adic_label,X19,max_isogeny_degree,9,0,126.1,forbidden,-54.8,1841734,same-group GAL
two_adic_label,X36,v2_moddeg,4,0,125.9,forbidden,-54.7,1841734,"family E: Eisenstein congruence, rational torsion/isogeny divides the congruence number"
max_isogeny_degree,27,n_kod_I0s,0,16,178.2,depleted,-54.7,1889364,family L: torsion/isogeny constrains local data (T4/T13/T17 type)
v2_moddeg,3,n_nonsplit_mult,5+,0,126.0,forbidden,-54.7,1889364,"family P: Dummigan, Caro-Pasten bounds on v2(moddeg) from multiplicative primes"
two_adic_label,X46,log_omega,b7,13,170.2,depleted,-54.7,1841734,family S: large isogeny degree forces special j and small models (T9/T10/T8)
two_adic_label,X38,log_area,b6,17,180.8,depleted,-54.7,1841734,family S: large isogeny degree forces special j and small models (T9/T10/T8)
two_adic_label,X36l,max_isogeny_degree,3,0,125.8,forbidden,-54.6,1841734,same-group GAL
two_adic_label,X36n,max_isogeny_degree,3,0,125.8,forbidden,-54.6,1841734,same-group GAL
two_adic_label,X44,frac_zero,b3,17,180.4,depleted,-54.5,1841734,T18/T5 (mod-l image fixes a_p mod l; c4=0 or c6=0 is CM)
two_adic_label,X38,frac_zero,b3,17,180.4,depleted,-54.5,1841734,T18/T5 (mod-l image fixes a_p mod l; c4=0 or c6=0 is CM)
torsion_structure,"[2,2]",v3_moddeg,8+,8,155.3,depleted,-54.5,1889364,"family E: Eisenstein congruence, rational torsion/isogeny divides the congruence number"
torsion_structure,[5],two_adic_log_index,2,0,125.2,forbidden,-54.4,1885114,same-group GAL
two_adic_label,X25,n_kod_II,1,0,125.0,forbidden,-54.3,1841734,family L: torsion/isogeny constrains local data (T4/T13/T17 type)
two_adic_level,4,two_adic_label,X38,0,125.0,forbidden,-54.3,1837484,same-group GAL
two_adic_level,4,two_adic_label,X44,0,125.0,forbidden,-54.3,1837484,same-group GAL
two_adic_label,X36,v2_torsion,2,0,124.9,forbidden,-54.2,1841734,same-group GAL
two_adic_level,32,frac_even,b2,4,141.5,depleted,-54.2,1885114,T18/T5 (mod-l image fixes a_p mod l; c4=0 or c6=0 is CM)
v7_sha,2,st_mean,b1,7,151.4,depleted,-54.2,1889364,"C7 (trace summaries are rank proxies; Sha and integral points follow rank by C4, T15)"
v7_sha,2,log_omega,b2,9,157.6,depleted,-54.2,1889364,same-group AN
two_adic_label,X32,log_area,b6,16,176.6,depleted,-54.1,1841734,family S: large isogeny degree forces special j and small models (T9/T10/T8)
two_adic_label,X8,exceptional_image,1,0,124.5,forbidden,-54.0,1841734,same-group GAL
max_isogeny_degree,16,v3_moddeg,5,0,124.3,forbidden,-54.0,1889364,"family E: Eisenstein congruence, rational torsion/isogeny divides the congruence number"
max_isogeny_degree,18,n_kod_IIIs,1,0,124.2,forbidden,-53.9,1889364,family L: torsion/isogeny constrains local data (T4/T13/T17 type)
two_adic_label,X38,log_abs_c4,b1,18,181.0,depleted,-53.8,1841734,family L: torsion/isogeny constrains local data (T4/T13/T17 type)
two_adic_label,X44,log_abs_disc,b2,16,176.0,depleted,-53.8,1841734,family L: torsion/isogeny constrains local data (T4/T13/T17 type)
two_adic_label,X32,log_odd_moddeg,b7,16,175.9,depleted,-53.8,1841734,"family E: Eisenstein congruence, rational torsion/isogeny divides the congruence number"
c6_sign,0,log_j_height,b1,0,123.7,forbidden,-53.7,1889364,same-group EQ
two_adic_level,4,two_adic_label,X32,0,123.6,forbidden,-53.7,1837484,same-group GAL
two_adic_level,32,log_regulator,b0,16,175.7,depleted,-53.7,1885114,family S: large isogeny degree forces special j and small models (T9/T10/T8)
two_adic_label,X4,n_bad_primes,6+,0,123.6,forbidden,-53.7,1841734,family L: torsion/isogeny constrains local data (T4/T13/T17 type)
two_adic_label,X36n,v2_moddeg,7,17,178.0,depleted,-53.6,1841734,"family E: Eisenstein congruence, rational torsion/isogeny divides the congruence number"
two_adic_log_index,6,frac_zero,b0,10,159.0,depleted,-53.6,1885114,T18/T5 (mod-l image fixes a_p mod l; c4=0 or c6=0 is CM)
two_adic_label,X25,log_odd_tamagawa,b3,4,140.0,depleted,-53.6,1841734,family L: torsion/isogeny constrains local data (T4/T13/T17 type)
two_adic_label,X34,n_bad_primes,2,0,123.2,forbidden,-53.5,1841734,family L: torsion/isogeny constrains local data (T4/T13/T17 type)
torsion_structure,[4],two_adic_label,X10,0,122.9,forbidden,-53.4,1841734,same-group GAL
max_isogeny_degree,18,v5_tamagawa,1,0,123.0,forbidden,-53.4,1889364,family L: torsion/isogeny constrains local data (T4/T13/T17 type)
two_adic_label,X44,v2_moddeg,7,4,139.5,depleted,-53.4,1841734,"family E: Eisenstein congruence, rational torsion/isogeny divides the congruence number"
max_isogeny_degree,18,n_kod_III,1,0,123.0,forbidden,-53.4,1889364,family L: torsion/isogeny constrains local data (T4/T13/T17 type)
torsion_structure,[4],two_adic_label,X9,0,122.9,forbidden,-53.4,1841734,same-group GAL
two_adic_label,X34,v2_moddeg,4,0,122.4,forbidden,-53.2,1841734,"family E: Eisenstein congruence, rational torsion/isogeny divides the congruence number"
c6_sign,0,frac_zero,b6,0,122.5,forbidden,-53.2,1889364,T18/T5 (mod-l image fixes a_p mod l; c4=0 or c6=0 is CM)
two_adic_label,X32,log_odd_tamagawa,b3,0,122.2,forbidden,-53.1,1841734,family L: torsion/isogeny constrains local data (T4/T13/T17 type)
two_adic_label,X7,has_3_isog,1,0,122.4,forbidden,-53.1,1841734,same-group GAL
two_adic_label,X32,log_omega,b7,16,173.8,depleted,-53.0,1841734,family S: large isogeny degree forces special j and small models (T9/T10/T8)
two_adic_label,X8d,v2_moddeg,2,16,173.9,depleted,-53.0,1841734,"family E: Eisenstein congruence, rational torsion/isogeny divides the congruence number"
n_torsion_gens,2,has_7_isog,1,0,121.9,forbidden,-52.9,1889364,same-group GAL
two_adic_label,X36,n_bad_primes,2,0,121.7,forbidden,-52.8,1841734,family L: torsion/isogeny constrains local data (T4/T13/T17 type)
two_adic_label,X46,has_3_isog,1,0,121.5,forbidden,-52.7,1841734,same-group GAL
two_adic_label,X16,max_isogeny_degree,5,0,121.4,forbidden,-52.7,1841734,same-group GAL
n_kod_Ins,2,n_kod_IIs,2,6,144.6,depleted,-52.7,1889364,same-group LOC
two_adic_label,X17,max_isogeny_degree,5,0,121.4,forbidden,-52.7,1841734,same-group GAL
two_adic_label,X32,log_abs_disc,b0,16,173.1,depleted,-52.7,1841734,family L: torsion/isogeny constrains local data (T4/T13/T17 type)
two_adic_label,X48,has_3_isog,1,0,121.5,forbidden,-52.7,1841734,same-group GAL
c6_sign,0,frac_zero,b3,0,121.1,forbidden,-52.6,1889364,T18/T5 (mod-l image fixes a_p mod l; c4=0 or c6=0 is CM)
v7_sha,2,log_omega,b3,10,156.5,depleted,-52.6,1889364,same-group AN
v2_torsion,3,two_adic_log_index,3,0,120.8,forbidden,-52.5,1885114,same-group GAL
odd_torsion,5,n_nonsplit_mult,3,0,120.8,forbidden,-52.5,1889364,family L: torsion/isogeny constrains local data (T4/T13/T17 type)
c6_sign,0,frac_zero,b4,0,120.5,forbidden,-52.3,1889364,T18/T5 (mod-l image fixes a_p mod l; c4=0 or c6=0 is CM)
two_adic_label,X44,v2_moddeg,6,0,120.4,forbidden,-52.3,1841734,"family E: Eisenstein congruence, rational torsion/isogeny divides the congruence number"
odd_torsion,5,n_kod_In,1,7,146.7,depleted,-52.3,1889364,family L: torsion/isogeny constrains local data (T4/T13/T17 type)
n_torsion_gens,2,v2_moddeg,1,16,171.8,depleted,-52.2,1889364,"family E: Eisenstein congruence, rational torsion/isogeny divides the congruence number"
two_adic_label,X13,has_7_isog,1,0,120.3,forbidden,-52.2,1841734,same-group GAL
v2_torsion,3,n_kod_IVs,1,0,120.2,forbidden,-52.2,1889364,family L: torsion/isogeny constrains local data (T4/T13/T17 type)
odd_torsion,5,two_adic_log_index,2,2,129.2,depleted,-52.2,1885114,same-group GAL
v7_sha,2,log_area,b4,10,155.3,depleted,-52.1,1889364,same-group AN
n_additive,4+,v7_tamagawa,1,0,119.7,forbidden,-52.0,1889364,same-group LOC
two_adic_label,X48,log_abs_disc,b2,10,154.9,depleted,-51.9,1841734,family L: torsion/isogeny constrains local data (T4/T13/T17 type)
two_adic_label,CM,n_split_mult,4,0,119.5,forbidden,-51.9,1841734,family L: torsion/isogeny constrains local data (T4/T13/T17 type)
c6_sign,0,frac_zero,b1,0,119.2,forbidden,-51.8,1889364,T18/T5 (mod-l image fixes a_p mod l; c4=0 or c6=0 is CM)
n_torsion_gens,2,rank_c,3,5,139.0,depleted,-51.7,1889364,"C6 (rank and 2-, 3-torsion structure)"
two_adic_level,8,two_adic_label,X11,0,119.0,forbidden,-51.7,1837484,same-group GAL
n_kod_In,0,v5_tamagawa,2,0,119.1,forbidden,-51.7,1889364,same-group LOC
c6_sign,0,log_j_height,b2,0,118.9,forbidden,-51.6,1889364,same-group EQ
class_size,2,max_isogeny_degree,16,0,118.5,forbidden,-51.5,1311066,same-group GAL
max_isogeny_degree,5,v3_tamagawa,3,2,127.6,depleted,-51.5,1889364,family L: torsion/isogeny constrains local data (T4/T13/T17 type)
c6_sign,0,frac_zero,b0,0,118.4,forbidden,-51.4,1889364,T18/T5 (mod-l image fixes a_p mod l; c4=0 or c6=0 is CM)
two_adic_label,X3,n_nonsplit_mult,4,1,123.1,depleted,-51.4,1841734,family L: torsion/isogeny constrains local data (T4/T13/T17 type)
two_adic_label,X8c,max_isogeny_degree,6,0,118.5,forbidden,-51.4,1841734,same-group GAL
two_adic_label,X13e,max_isogeny_degree,6,0,118.5,forbidden,-51.4,1841734,same-group GAL
two_adic_label,X32,n_kod_IVs,1,0,118.4,forbidden,-51.4,1841734,family L: torsion/isogeny constrains local data (T4/T13/T17 type)
two_adic_label,X13c,max_isogeny_degree,6,0,118.5,forbidden,-51.4,1841734,same-group GAL
two_adic_label,X13g,max_isogeny_degree,6,0,118.5,forbidden,-51.4,1841734,same-group GAL
torsion_structure,"[2,2]",has_7_isog,1,0,118.2,forbidden,-51.3,1889364,same-group GAL
v2_torsion,3,n_kod_IIIs,1,0,118.1,forbidden,-51.3,1889364,family L: torsion/isogeny constrains local data (T4/T13/T17 type)
two_adic_level,32,petersson_resid,b7,8,147.5,depleted,-51.3,1885114,family E/T10 (Eisenstein congruences; CM symmetric square)
torsion_structure,[5],two_adic_level,8,3,131.0,depleted,-51.3,1885114,same-group GAL
two_adic_level,16,v3_tamagawa,3,0,118.0,forbidden,-51.2,1885114,family L: torsion/isogeny constrains local data (T4/T13/T17 type)
torsion_structure,[5],n_nonsplit_mult,3,0,117.7,forbidden,-51.1,1889364,family L: torsion/isogeny constrains local data (T4/T13/T17 type)
torsion_structure,"[2,4]",log_j_height,b2,15,166.5,depleted,-51.1,1889364,family L: torsion/isogeny constrains local data (T4/T13/T17 type)
two_adic_level,16,v3_moddeg,6,7,143.7,depleted,-51.0,1885114,"family E: Eisenstein congruence, rational torsion/isogeny divides the congruence number"
max_isogeny_degree,25,log_odd_tamagawa,b1,0,117.1,forbidden,-50.9,1889364,family L: torsion/isogeny constrains local data (T4/T13/T17 type)
two_adic_level,32,v2_tamagawa,0,6,140.2,depleted,-50.9,1885114,family L: torsion/isogeny constrains local data (T4/T13/T17 type)
class_size,2,max_isogeny_degree,10,0,117.2,forbidden,-50.9,1311066,same-group GAL
c6_sign,0,frac_even,b0,0,117.3,forbidden,-50.9,1889364,T18/T5 (mod-l image fixes a_p mod l; c4=0 or c6=0 is CM)
c6_sign,0,petersson_resid,b7,0,117.3,forbidden,-50.9,1889364,T10 (c4=0 or c6=0 is a CM curve with j=0 or 1728)
c6_sign,0,frac_even,b1,0,116.9,forbidden,-50.8,1889364,T18/T5 (mod-l image fixes a_p mod l; c4=0 or c6=0 is CM)
two_adic_label,X11,log_j_height,b7,16,168.4,depleted,-50.8,1841734,family L: torsion/isogeny constrains local data (T4/T13/T17 type)
two_adic_level,8,odd_torsion,5,5,136.7,depleted,-50.8,1885114,same-group GAL
two_adic_label,X13,n_kod_IV,2,0,117.0,forbidden,-50.8,1841734,family L: torsion/isogeny constrains local data (T4/T13/T17 type)
v2_torsion,3,n_kod_III,1,0,116.9,forbidden,-50.8,1889364,family L: torsion/isogeny constrains local data (T4/T13/T17 type)
two_adic_log_index,5,v3_tamagawa,3,0,116.8,forbidden,-50.7,1885114,family L: torsion/isogeny constrains local data (T4/T13/T17 type)
has_3_isog,1,odd_torsion,5,2,125.6,depleted,-50.7,1889364,same-group GAL
two_adic_label,X4,max_isogeny_degree,6,0,116.8,forbidden,-50.7,1841734,same-group GAL
torsion_structure,"[2,2]",rank_c,3,5,136.6,depleted,-50.7,1889364,"C6 (rank and 2-, 3-torsion structure)"
two_adic_label,X38,n_kod_IVs,1,0,116.6,forbidden,-50.6,1841734,family L: torsion/isogeny constrains local data (T4/T13/T17 type)
two_adic_label,X44,n_kod_IVs,1,0,116.6,forbidden,-50.6,1841734,family L: torsion/isogeny constrains local data (T4/T13/T17 type)
max_isogeny_degree,5,v3_moddeg,6,16,167.3,depleted,-50.4,1889364,"family E: Eisenstein congruence, rational torsion/isogeny divides the congruence number"
two_adic_label,X36,v7_tamagawa,1,4,132.1,depleted,-50.3,1841734,family L: torsion/isogeny constrains local data (T4/T13/T17 type)
c6_sign,0,log_j_height,b3,0,115.6,forbidden,-50.2,1889364,same-group EQ
two_adic_label,X10a,n_torsion_gens,2,0,115.7,forbidden,-50.2,1841734,same-group GAL
two_adic_label,X9c,n_torsion_gens,2,0,115.7,forbidden,-50.2,1841734,same-group GAL
torsion_structure,"[2,2]",two_adic_label,X10a,0,115.3,forbidden,-50.1,1841734,same-group GAL
torsion_structure,"[2,2]",two_adic_label,X9c,0,115.3,forbidden,-50.1,1841734,same-group GAL
torsion_structure,[5],n_kod_In,1,7,141.1,depleted,-50.0,1889364,family L: torsion/isogeny constrains local data (T4/T13/T17 type)
max_isogeny_degree,18,n_kod_II,1,0,114.9,forbidden,-49.9,1889364,family L: torsion/isogeny constrains local data (T4/T13/T17 type)
max_isogeny_degree,27,n_kod_In,3+,0,114.8,forbidden,-49.9,1889364,family L: torsion/isogeny constrains local data (T4/T13/T17 type)
n_bad_primes,6+,n_kod_II,2,0,114.9,forbidden,-49.9,1889364,same-group LOC
torsion_structure,"[2,2]",v2_moddeg,1,15,163.3,depleted,-49.8,1889364,"family E: Eisenstein congruence, rational torsion/isogeny divides the congruence number"
two_adic_label,X8,max_isogeny_degree,8,0,114.3,forbidden,-49.7,1841734,same-group GAL
torsion_structure,[3],n_nonsplit_mult,5+,0,114.4,forbidden,-49.7,1889364,family L: torsion/isogeny constrains local data (T4/T13/T17 type)
two_adic_label,X11,log_odd_tamagawa,b3,2,123.0,depleted,-49.5,1841734,family L: torsion/isogeny constrains local data (T4/T13/T17 type)
v2_moddeg,0,n_additive,2,2,122.5,depleted,-49.3,1889364,"family P: Dummigan, Caro-Pasten bounds on v2(moddeg) from multiplicative primes"
c6_sign,0,frac_even,b3,0,113.6,forbidden,-49.3,1889364,T18/T5 (mod-l image fixes a_p mod l; c4=0 or c6=0 is CM)
v7_sha,2,log_area,b3,13,156.6,depleted,-49.3,1889364,same-group AN
two_adic_label,X34,v2_torsion,2,0,113.2,forbidden,-49.2,1841734,same-group GAL
max_isogeny_degree,21,n_kod_In,3+,0,112.8,forbidden,-49.0,1889364,family L: torsion/isogeny constrains local data (T4/T13/T17 type)
class_size,8,frac_zero,b1,8,141.6,depleted,-48.9,1311066,T18/T5 (mod-l image fixes a_p mod l; c4=0 or c6=0 is CM)
c6_sign,0,log_j_height,b4,0,112.6,forbidden,-48.9,1889364,same-group EQ
odd_torsion,3,n_kod_II,2,0,112.2,forbidden,-48.7,1889364,family L: torsion/isogeny constrains local data (T4/T13/T17 type)
c6_sign,0,n_kod_In,1,0,111.9,forbidden,-48.6,1889364,T4 (local data and equation)
c6_sign,0,log_odd_tamagawa,b2,0,111.8,forbidden,-48.6,1889364,T4 (local data and equation)
two_adic_label,X44,n_kod_IIIs,1,0,111.9,forbidden,-48.6,1841734,family L: torsion/isogeny constrains local data (T4/T13/T17 type)
two_adic_level,4,odd_torsion,5,0,112.0,forbidden,-48.6,1885114,same-group GAL
torsion_structure,[5],has_3_isog,1,2,120.7,depleted,-48.5,1889364,same-group GAL
v7_sha,2,log_regulator,b2,0,111.6,forbidden,-48.5,1889364,same-group AN
v2_torsion,2,n_kod_IIs,2,0,111.4,forbidden,-48.4,1889364,family L: torsion/isogeny constrains local data (T4/T13/T17 type)
two_adic_label,X44,n_kod_III,1,0,111.5,forbidden,-48.4,1841734,family L: torsion/isogeny constrains local data (T4/T13/T17 type)
two_adic_label,X36,v3_tamagawa,2,16,162.0,depleted,-48.3,1841734,family L: torsion/isogeny constrains local data (T4/T13/T17 type)
two_adic_label,X48,log_omega,b5,13,154.1,depleted,-48.3,1841734,family S: large isogeny degree forces special j and small models (T9/T10/T8)
two_adic_label,X32,v2_moddeg,6,1,116.0,depleted,-48.3,1841734,"family E: Eisenstein congruence, rational torsion/isogeny divides the congruence number"
v7_sha,2,log_abs_c4,b4,14,156.4,depleted,-48.2,1889364,"I1+T11 (large Sha needs a small period, hence large c4 and Delta)"
n_kod_II,2,n_intpts_x,10+,2,119.6,depleted,-48.1,1889364,U3 (likely via model size: T15)
c6_sign,0,log_j_height,b5,0,110.8,forbidden,-48.1,1889364,same-group EQ
v5_sha,2,n_intpts_x,10+,0,110.6,forbidden,-48.0,1889364,"U3 (likely via rank and period: T15, I1)"
two_adic_label,X9d,v2_torsion,2,0,110.4,forbidden,-47.9,1841734,same-group GAL
two_adic_label,X10d,v2_torsion,2,0,110.4,forbidden,-47.9,1841734,same-group GAL
c6_sign,0,frac_even,b2,0,110.0,forbidden,-47.8,1889364,T18/T5 (mod-l image fixes a_p mod l; c4=0 or c6=0 is CM)
two_adic_level,4,two_adic_label,X48,0,110.1,forbidden,-47.8,1837484,same-group GAL
two_adic_level,4,two_adic_label,X46,0,110.1,forbidden,-47.8,1837484,same-group GAL
two_adic_label,X33,n_bad_primes,2,0,110.1,forbidden,-47.8,1841734,family L: torsion/isogeny constrains local data (T4/T13/T17 type)
two_adic_level,2,max_isogeny_degree,13,0,109.5,forbidden,-47.6,1885114,same-group GAL
odd_torsion,3,n_kod_III,2,0,109.4,forbidden,-47.5,1889364,family L: torsion/isogeny constrains local data (T4/T13/T17 type)
odd_torsion,7,log_odd_tamagawa,b3,65,5.0,enriched,-47.5,1889364,family L: torsion/isogeny constrains local data (T4/T13/T17 type)
torsion_structure,[7],log_odd_tamagawa,b3,65,5.0,enriched,-47.5,1889364,family L: torsion/isogeny constrains local data (T4/T13/T17 type)
v2_moddeg,1,n_split_mult,4,0,109.3,forbidden,-47.5,1889364,"family P: Dummigan, Caro-Pasten bounds on v2(moddeg) from multiplicative primes"
v2_torsion,3,n_kod_II,1,0,109.3,forbidden,-47.4,1889364,family L: torsion/isogeny constrains local data (T4/T13/T17 type)
two_adic_label,X36n,v2_moddeg,5,3,121.7,depleted,-47.4,1841734,"family E: Eisenstein congruence, rational torsion/isogeny divides the congruence number"
v7_sha,2,log_odd_moddeg,b2,8,137.9,depleted,-47.4,1889364,same-group AN
two_adic_label,X25,max_isogeny_degree,3,0,109.1,forbidden,-47.4,1841734,same-group GAL
two_adic_label,X33,v2_moddeg,4,0,109.0,forbidden,-47.3,1841734,"family E: Eisenstein congruence, rational torsion/isogeny divides the congruence number"
c6_sign,0,frac_zero,b2,0,108.8,forbidden,-47.3,1889364,T18/T5 (mod-l image fixes a_p mod l; c4=0 or c6=0 is CM)
v2_torsion,3,v2_moddeg,6,6,131.1,depleted,-47.1,1889364,"family E: Eisenstein congruence, rational torsion/isogeny divides the congruence number"
n_kod_In,3+,n_kod_I0s,3+,0,108.4,forbidden,-47.1,1889364,same-group LOC
torsion_structure,[5],two_adic_level,4,0,108.2,forbidden,-47.0,1885114,same-group GAL
two_adic_log_index,6,n_kod_IVs,1,0,108.2,forbidden,-47.0,1885114,family L: torsion/isogeny constrains local data (T4/T13/T17 type)
c6_sign,0,log_j_height,b6,0,108.1,forbidden,-47.0,1889364,same-group EQ
v7_sha,2,nagao_1000,b2,14,153.4,depleted,-47.0,1889364,"C7 (trace summaries are rank proxies; Sha and integral points follow rank by C4, T15)"
torsion_structure,"[2,4]",n_kod_IVs,1,0,108.0,forbidden,-46.9,1889364,family L: torsion/isogeny constrains local data (T4/T13/T17 type)
two_adic_label,X1,max_isogeny_degree,27,0,107.9,forbidden,-46.9,1841734,same-group GAL
two_adic_level,8,two_adic_label,X7,0,108.1,forbidden,-46.9,1837484,same-group GAL
max_isogeny_degree,25,v2_tamagawa,4+,15,155.5,depleted,-46.8,1889364,family L: torsion/isogeny constrains local data (T4/T13/T17 type)
n_nonsurj_primes,1,max_isogeny_degree,21,0,107.8,forbidden,-46.8,1889364,same-group GAL
two_adic_label,X13,c4_sign,0,0,107.5,forbidden,-46.7,1841734,family L: torsion/isogeny constrains local data (T4/T13/T17 type)
n_bad_primes,6+,n_kod_III,2,0,107.6,forbidden,-46.7,1889364,same-group LOC
two_adic_label,X13f,max_isogeny_degree,5,0,107.2,forbidden,-46.6,1841734,same-group GAL
two_adic_label,X8d,max_isogeny_degree,5,0,107.2,forbidden,-46.6,1841734,same-group GAL
c6_sign,0,frac_zero,b5,0,107.4,forbidden,-46.6,1889364,T18/T5 (mod-l image fixes a_p mod l; c4=0 or c6=0 is CM)
two_adic_label,X13d,max_isogeny_degree,5,0,107.2,forbidden,-46.6,1841734,same-group GAL
two_adic_label,X13h,max_isogeny_degree,5,0,107.2,forbidden,-46.6,1841734,same-group GAL
torsion_structure,[6],two_adic_log_index,4,0,107.1,forbidden,-46.5,1885114,same-group GAL
torsion_structure,"[2,4]",two_adic_log_index,3,0,107.1,forbidden,-46.5,1885114,same-group GAL
two_adic_label,X44,n_kod_II,1,0,106.7,forbidden,-46.4,1841734,family L: torsion/isogeny constrains local data (T4/T13/T17 type)
two_adic_label,X38,n_kod_II,1,0,106.7,forbidden,-46.4,1841734,family L: torsion/isogeny constrains local data (T4/T13/T17 type)
two_adic_label,X1,max_isogeny_degree,21,0,106.6,forbidden,-46.3,1841734,same-group GAL
c6_sign,0,n_split_mult,3,0,106.6,forbidden,-46.3,1889364,T4 (local data and equation)
two_adic_label,X6,max_isogeny_degree,13,0,106.5,forbidden,-46.2,1841734,same-group GAL
two_adic_label,X48,v2_moddeg,6,0,106.3,forbidden,-46.2,1841734,"family E: Eisenstein congruence, rational torsion/isogeny divides the congruence number"
torsion_structure,"[2,4]",n_kod_IIIs,1,0,106.3,forbidden,-46.1,1889364,family L: torsion/isogeny constrains local data (T4/T13/T17 type)
n_kod_IIIs,2,n_intpts_x,10+,1,110.9,depleted,-46.1,1889364,U3 (likely via model size: T15)
n_torsion_gens,2,max_isogeny_degree,7,0,106.0,forbidden,-46.0,1889364,same-group GAL
v5_moddeg,5,log_abs_c4,b0,10,140.2,depleted,-46.0,1889364,family M: valuations track the size of moddeg (T12)
two_adic_label,X13,max_isogeny_degree,7,0,105.9,forbidden,-46.0,1841734,same-group GAL
two_adic_label,X36l,v2_moddeg,5,4,121.7,depleted,-45.9,1841734,"family E: Eisenstein congruence, rational torsion/isogeny divides the congruence number"
n_bad_primes,6+,n_kod_IIIs,2,0,105.6,forbidden,-45.9,1889364,same-group LOC
two_adic_label,X13c,n_kod_In,0,0,105.2,forbidden,-45.7,1841734,family L: torsion/isogeny constrains local data (T4/T13/T17 type)
torsion_structure,"[2,4]",n_kod_III,1,0,105.2,forbidden,-45.7,1889364,family L: torsion/isogeny constrains local data (T4/T13/T17 type)
two_adic_label,X8c,n_kod_In,0,0,105.2,forbidden,-45.7,1841734,family L: torsion/isogeny constrains local data (T4/T13/T17 type)
two_adic_label,X13e,n_kod_In,0,0,105.2,forbidden,-45.7,1841734,family L: torsion/isogeny constrains local data (T4/T13/T17 type)
two_adic_label,X13g,n_kod_In,0,0,105.2,forbidden,-45.7,1841734,family L: torsion/isogeny constrains local data (T4/T13/T17 type)
two_adic_level,4,v7_tamagawa,2,12,144.6,depleted,-45.6,1885114,family L: torsion/isogeny constrains local data (T4/T13/T17 type)
two_adic_log_index,5,v2_moddeg,2,7,130.6,depleted,-45.6,1885114,"family E: Eisenstein congruence, rational torsion/isogeny divides the congruence number"
max_isogeny_degree,3,v2_torsion,3,0,104.8,forbidden,-45.5,1889364,same-group GAL
two_adic_label,X38,v2_moddeg,6,4,120.4,depleted,-45.4,1841734,"family E: Eisenstein congruence, rational torsion/isogeny divides the congruence number"
odd_torsion,3,n_kod_IIIs,2,0,104.5,forbidden,-45.4,1889364,family L: torsion/isogeny constrains local data (T4/T13/T17 type)
torsion_structure,[5],log_j_height,b2,12,144.0,depleted,-45.3,1889364,family L: torsion/isogeny constrains local data (T4/T13/T17 type)
class_size,3,two_adic_log_index,5,0,104.4,forbidden,-45.3,1885114,same-group GAL
v2_moddeg,3,n_kod_III,2,1,108.7,depleted,-45.2,1889364,"family P: Dummigan, Caro-Pasten bounds on v2(moddeg) from multiplicative primes"
c6_sign,0,log_j_height,b7,0,104.1,forbidden,-45.2,1889364,same-group EQ
c4_sign,0,v7_tamagawa,1,0,104.1,forbidden,-45.2,1889364,T4 (local data and equation)
max_isogeny_degree,15,n_kod_In,2,0,104.0,forbidden,-45.2,1889364,family L: torsion/isogeny constrains local data (T4/T13/T17 type)
two_adic_label,X10,v2_moddeg,2,0,104.0,forbidden,-45.2,1841734,"family E: Eisenstein congruence, rational torsion/isogeny divides the congruence number"
odd_torsion,5,log_j_height,b2,14,148.7,depleted,-45.1,1889364,family L: torsion/isogeny constrains local data (T4/T13/T17 type)
torsion_structure,"[2,4]",n_intpts_x,3,0,103.6,forbidden,-45.0,1889364,T15
v2_sha,3+,n_intpts_x,8,0,103.6,forbidden,-45.0,1889364,"U3 (likely via rank and period: T15, I1)"
v2_moddeg,3,n_kod_IIIs,2,0,103.5,forbidden,-44.9,1889364,"family P: Dummigan, Caro-Pasten bounds on v2(moddeg) from multiplicative primes"
two_adic_label,X32,v2_moddeg,7,10,137.5,depleted,-44.9,1841734,"family E: Eisenstein congruence, rational torsion/isogeny divides the congruence number"
v2_moddeg,2,n_intpts_x,9,3,115.5,depleted,-44.8,1889364,U3 (likely via model size: T15)
two_adic_level,16,class_size,3,0,103.2,forbidden,-44.8,1885114,same-group GAL
torsion_structure,"[2,2]",max_isogeny_degree,7,0,103.1,forbidden,-44.8,1889364,same-group GAL
two_adic_label,X10d,n_additive,3,0,103.1,forbidden,-44.8,1841734,family L: torsion/isogeny constrains local data (T4/T13/T17 type)
two_adic_label,X9d,n_additive,3,0,103.1,forbidden,-44.8,1841734,family L: torsion/isogeny constrains local data (T4/T13/T17 type)
two_adic_label,X36l,n_kod_IV,1,0,102.9,forbidden,-44.7,1841734,family L: torsion/isogeny constrains local data (T4/T13/T17 type)
two_adic_label,X36n,n_kod_IV,1,0,102.9,forbidden,-44.7,1841734,family L: torsion/isogeny constrains local data (T4/T13/T17 type)
max_isogeny_degree,21,two_adic_log_index,0,0,102.7,forbidden,-44.6,1885114,same-group GAL
two_adic_level,1,max_isogeny_degree,21,0,102.7,forbidden,-44.6,1885114,same-group GAL
two_adic_log_index,4,v5_tamagawa,2,6,124.9,depleted,-44.5,1885114,family L: torsion/isogeny constrains local data (T4/T13/T17 type)
two_adic_label,X46,n_kod_IVs,1,0,102.1,forbidden,-44.4,1841734,family L: torsion/isogeny constrains local data (T4/T13/T17 type)
two_adic_label,X48,n_kod_IVs,1,0,102.1,forbidden,-44.4,1841734,family L: torsion/isogeny constrains local data (T4/T13/T17 type)
two_adic_level,32,two_adic_log_index,3,0,102.0,forbidden,-44.3,1885114,same-group GAL
has_3_isog,1,v7_tamagawa,2,14,146.7,depleted,-44.3,1889364,family L: torsion/isogeny constrains local data (T4/T13/T17 type)
two_adic_level,32,frac_even,b3,12,141.5,depleted,-44.3,1885114,T18/T5 (mod-l image fixes a_p mod l; c4=0 or c6=0 is CM)
max_isogeny_degree,3,two_adic_log_index,6,0,101.6,forbidden,-44.1,1885114,same-group GAL
max_isogeny_degree,8,v3_moddeg,7,12,140.5,depleted,-43.9,1889364,"family E: Eisenstein congruence, rational torsion/isogeny divides the congruence number"
c6_sign,0,log_abs_c4,b7,0,101.1,forbidden,-43.9,1889364,same-group EQ
c6_sign,0,v2_tamagawa,0,1,105.2,depleted,-43.7,1889364,T4 (local data and equation)
two_adic_label,X13,n_kod_IIs,2,0,100.5,forbidden,-43.7,1841734,family L: torsion/isogeny constrains local data (T4/T13/T17 type)
n_torsion_gens,2,c4_sign,0,0,100.3,forbidden,-43.5,1889364,family L: torsion/isogeny constrains local data (T4/T13/T17 type)
v2_moddeg,0,n_bad_primes,5,0,100.1,forbidden,-43.5,1889364,"family P: Dummigan, Caro-Pasten bounds on v2(moddeg) from multiplicative primes"
two_adic_label,X33,v2_torsion,2,0,99.8,forbidden,-43.4,1841734,same-group GAL
max_isogeny_degree,6,n_kod_IVs,2,0,99.9,forbidden,-43.4,1889364,family L: torsion/isogeny constrains local data (T4/T13/T17 type)
max_isogeny_degree,6,v5_tamagawa,2,4,115.4,depleted,-43.3,1889364,family L: torsion/isogeny constrains local data (T4/T13/T17 type)
two_adic_log_index,5,v3_moddeg,6,12,139.0,depleted,-43.3,1885114,"family E: Eisenstein congruence, rational torsion/isogeny divides the congruence number"
two_adic_label,CM,n_nonsplit_mult,4,0,99.6,forbidden,-43.2,1841734,family L: torsion/isogeny constrains local data (T4/T13/T17 type)
v5_sha,2,n_kod_IIs,2,67,6.4,enriched,-43.2,1889364,C9/I1 (Sha and Tamagawa enter BSD as a product)
v5_moddeg,5,log_j_height,b0,14,143.9,depleted,-43.2,1889364,family M: valuations track the size of moddeg (T12)
n_torsion_gens,2,n_kod_IV,2,0,99.2,forbidden,-43.1,1889364,family L: torsion/isogeny constrains local data (T4/T13/T17 type)
n_nonsurj_primes,2,max_isogeny_degree,16,0,99.1,forbidden,-43.0,1889364,same-group GAL
two_adic_label,X5,v2_torsion,2,0,98.9,forbidden,-43.0,1841734,same-group GAL
c6_sign,0,n_kod_I0s,2,62,5.3,enriched,-42.8,1889364,T4 (local data and equation)
two_adic_label,X11,max_isogeny_degree,3,0,98.7,forbidden,-42.8,1841734,same-group GAL
max_isogeny_degree,9,two_adic_log_index,5,0,98.5,forbidden,-42.8,1885114,same-group GAL
two_adic_label,X11,two_adic_log_index,3,0,98.6,forbidden,-42.8,1837484,same-group GAL
two_adic_label,X13f,n_kod_I0s,2,0,98.5,forbidden,-42.8,1841734,family L: torsion/isogeny constrains local data (T4/T13/T17 type)
two_adic_label,X8d,n_kod_I0s,2,0,98.5,forbidden,-42.8,1841734,family L: torsion/isogeny constrains local data (T4/T13/T17 type)
two_adic_label,X13h,n_kod_I0s,2,0,98.5,forbidden,-42.8,1841734,family L: torsion/isogeny constrains local data (T4/T13/T17 type)
two_adic_label,X13d,n_kod_I0s,2,0,98.5,forbidden,-42.8,1841734,family L: torsion/isogeny constrains local data (T4/T13/T17 type)
n_kod_IIs,2,n_intpts_x,4,0,98.6,forbidden,-42.8,1889364,U3 (likely via model size: T15)
two_adic_log_index,6,log_odd_tamagawa,b3,0,98.6,forbidden,-42.8,1885114,family L: torsion/isogeny constrains local data (T4/T13/T17 type)
torsion_structure,"[2,4]",n_kod_II,1,0,98.4,forbidden,-42.7,1889364,family L: torsion/isogeny constrains local data (T4/T13/T17 type)
c6_sign,0,n_nonsplit_mult,3,0,98.4,forbidden,-42.7,1889364,T4 (local data and equation)
torsion_structure,[4],v3_moddeg,7,10,132.1,depleted,-42.7,1889364,"family E: Eisenstein congruence, rational torsion/isogeny divides the congruence number"
n_split_mult,4,n_nonsplit_mult,5+,0,98.3,forbidden,-42.7,1311066,same-group LOC
torsion_structure,[3],n_kod_II,2,0,98.4,forbidden,-42.7,1889364,family L: torsion/isogeny constrains local data (T4/T13/T17 type)
two_adic_label,X44,max_isogeny_degree,3,0,98.1,forbidden,-42.6,1841734,same-group GAL
two_adic_label,X38,max_isogeny_degree,3,0,98.1,forbidden,-42.6,1841734,same-group GAL
v5_moddeg,5,log_omega,b7,13,139.8,depleted,-42.6,1889364,same-group AN
v2_moddeg,1,n_intpts_x,5,4,113.8,depleted,-42.6,1889364,U3 (likely via model size: T15)
two_adic_label,X38,v2_moddeg,7,13,139.5,depleted,-42.5,1841734,"family E: Eisenstein congruence, rational torsion/isogeny divides the congruence number"
two_adic_label,X48,n_kod_IIIs,1,0,98.0,forbidden,-42.5,1841734,family L: torsion/isogeny constrains local data (T4/T13/T17 type)
two_adic_label,X10,class_size,3,0,97.6,forbidden,-42.4,1841734,same-group GAL
two_adic_level,16,max_isogeny_degree,9,0,97.6,forbidden,-42.4,1885114,same-group GAL
max_isogeny_degree,10,n_kod_IV,1,0,97.7,forbidden,-42.4,1889364,family L: torsion/isogeny constrains local data (T4/T13/T17 type)
max_isogeny_degree,12,bad_at_2,0,0,97.5,forbidden,-42.4,1311066,family L: torsion/isogeny constrains local data (T4/T13/T17 type)
two_adic_label,X48,n_kod_III,1,0,97.6,forbidden,-42.4,1841734,family L: torsion/isogeny constrains local data (T4/T13/T17 type)
two_adic_label,X9,class_size,3,0,97.6,forbidden,-42.4,1841734,same-group GAL
has_3_isog,1,c6_sign,0,0,97.6,forbidden,-42.4,1889364,family L: torsion/isogeny constrains local data (T4/T13/T17 type)
two_adic_label,X25,v2_moddeg,5,0,97.6,forbidden,-42.4,1841734,"family E: Eisenstein congruence, rational torsion/isogeny divides the congruence number"
torsion_structure,"[2,2]",c4_sign,0,0,97.5,forbidden,-42.3,1889364,family L: torsion/isogeny constrains local data (T4/T13/T17 type)
torsion_structure,"[2,2]",n_kod_IV,2,0,97.2,forbidden,-42.2,1889364,family L: torsion/isogeny constrains local data (T4/T13/T17 type)
class_size,6,n_kod_IVs,2,0,96.9,forbidden,-42.1,1889364,family L: torsion/isogeny constrains local data (T4/T13/T17 type)
two_adic_label,X2,n_split_mult,4,0,96.8,forbidden,-42.0,1841734,family L: torsion/isogeny constrains local data (T4/T13/T17 type)
odd_torsion,5,two_adic_log_index,3,0,96.5,forbidden,-41.9,1885114,same-group GAL
two_adic_label,X8,n_kod_IVs,2,0,96.4,forbidden,-41.9,1841734,family L: torsion/isogeny constrains local data (T4/T13/T17 type)
two_adic_label,X48,frac_zero,b5,12,135.3,depleted,-41.9,1841734,T18/T5 (mod-l image fixes a_p mod l; c4=0 or c6=0 is CM)
v5_moddeg,5,log_area,b7,13,138.0,depleted,-41.9,1889364,same-group AN
two_adic_label,X46,frac_zero,b5,12,135.3,depleted,-41.9,1841734,T18/T5 (mod-l image fixes a_p mod l; c4=0 or c6=0 is CM)
two_adic_label,X13f,class_size,6,0,96.4,forbidden,-41.8,1841734,same-group GAL
two_adic_label,X13h,class_size,6,0,96.4,forbidden,-41.8,1841734,same-group GAL
two_adic_label,X8d,class_size,6,0,96.4,forbidden,-41.8,1841734,same-group GAL
odd_torsion,5,n_kod_IVs,1,0,96.2,forbidden,-41.8,1889364,family L: torsion/isogeny constrains local data (T4/T13/T17 type)
two_adic_label,X13d,class_size,6,0,96.4,forbidden,-41.8,1841734,same-group GAL
two_adic_label,X32,max_isogeny_degree,3,0,96.2,forbidden,-41.8,1841734,same-group GAL
max_isogeny_degree,16,odd_torsion,3,0,95.8,forbidden,-41.6,1889364,same-group GAL
torsion_structure,[3],n_kod_III,2,0,95.7,forbidden,-41.6,1889364,family L: torsion/isogeny constrains local data (T4/T13/T17 type)
two_adic_label,X32,v5_tamagawa,1,6,117.7,depleted,-41.5,1841734,family L: torsion/isogeny constrains local data (T4/T13/T17 type)
two_adic_log_index,3,v7_tamagawa,2,4,111.3,depleted,-41.5,1885114,family L: torsion/isogeny constrains local data (T4/T13/T17 type)
two_adic_label,X48,v2_moddeg,7,8,123.1,depleted,-41.4,1841734,"family E: Eisenstein congruence, rational torsion/isogeny divides the congruence number"
torsion_structure,"[2,4]",v2_moddeg,6,6,117.3,depleted,-41.4,1889364,"family E: Eisenstein congruence, rational torsion/isogeny divides the congruence number"
two_adic_label,X2,n_torsion_gens,2,0,95.0,forbidden,-41.3,1841734,same-group GAL
torsion_structure,"[2,2]",two_adic_label,X2,0,94.9,forbidden,-41.2,1841734,same-group GAL
two_adic_label,X25,n_kod_IV,1,0,94.8,forbidden,-41.2,1841734,family L: torsion/isogeny constrains local data (T4/T13/T17 type)
odd_torsion,5,n_kod_IIIs,1,0,94.7,forbidden,-41.1,1889364,family L: torsion/isogeny constrains local data (T4/T13/T17 type)
max_isogeny_degree,12,v2_moddeg,3,4,110.2,depleted,-41.1,1889364,"family E: Eisenstein congruence, rational torsion/isogeny divides the congruence number"
two_adic_level,32,log_odd_tamagawa,b3,0,94.3,forbidden,-41.0,1885114,family L: torsion/isogeny constrains local data (T4/T13/T17 type)
two_adic_log_index,4,n_kod_IVs,2,2,103.1,depleted,-41.0,1885114,family L: torsion/isogeny constrains local data (T4/T13/T17 type)
two_adic_label,X33,v3_tamagawa,2,8,121.9,depleted,-40.9,1841734,family L: torsion/isogeny constrains local data (T4/T13/T17 type)
torsion_structure,"[2,4]",max_isogeny_degree,3,0,93.9,forbidden,-40.8,1889364,same-group GAL
max_isogeny_degree,27,disc_sign,1,0,93.8,forbidden,-40.8,1889364,family L: torsion/isogeny constrains local data (T4/T13/T17 type)
v7_moddeg,4,log_odd_moddeg,b4,0,93.7,forbidden,-40.7,1889364,same-group AN
two_adic_label,X36n,n_kod_IIs,1,0,93.6,forbidden,-40.7,1841734,family L: torsion/isogeny constrains local data (T4/T13/T17 type)
max_isogeny_degree,10,v2_torsion,2,0,93.5,forbidden,-40.6,1889364,same-group GAL
two_adic_label,X48,n_kod_II,1,0,93.4,forbidden,-40.6,1841734,family L: torsion/isogeny constrains local data (T4/T13/T17 type)
two_adic_label,X46,n_kod_II,1,0,93.4,forbidden,-40.6,1841734,family L: torsion/isogeny constrains local data (T4/T13/T17 type)
two_adic_level,32,v5_tamagawa,1,0,93.4,forbidden,-40.6,1885114,family L: torsion/isogeny constrains local data (T4/T13/T17 type)
two_adic_label,X10,max_isogeny_degree,9,0,93.3,forbidden,-40.5,1841734,same-group GAL
two_adic_label,X9,max_isogeny_degree,9,0,93.3,forbidden,-40.5,1841734,same-group GAL
class_size,8,v5_moddeg,3,8,121.1,depleted,-40.5,1889364,"family E: Eisenstein congruence, rational torsion/isogeny divides the congruence number"
two_adic_label,X36,n_torsion_gens,2,0,93.1,forbidden,-40.5,1841734,same-group GAL
torsion_structure,[5],n_kod_IVs,1,0,93.3,forbidden,-40.5,1889364,family L: torsion/isogeny constrains local data (T4/T13/T17 type)
max_isogeny_degree,14,n_kod_In,3+,0,93.2,forbidden,-40.5,1889364,family L: torsion/isogeny constrains local data (T4/T13/T17 type)
max_isogeny_degree,11,n_kod_In,3+,0,93.0,forbidden,-40.4,1889364,family L: torsion/isogeny constrains local data (T4/T13/T17 type)
torsion_structure,"[2,2]",two_adic_label,X36,0,93.0,forbidden,-40.4,1841734,same-group GAL
has_5_isog,1,two_adic_log_index,5,0,93.0,forbidden,-40.4,1885114,same-group GAL
v2_torsion,3,v2_moddeg,5,3,104.8,depleted,-40.2,1889364,"family E: Eisenstein congruence, rational torsion/isogeny divides the congruence number"
torsion_structure,[5],two_adic_log_index,3,0,92.6,forbidden,-40.2,1885114,same-group GAL
two_adic_label,X36l,n_kod_Ins,2,0,92.4,forbidden,-40.1,1841734,family L: torsion/isogeny constrains local data (T4/T13/T17 type)
v5_tamagawa,3,log_abs_disc,b0,0,92.3,forbidden,-40.1,1889364,T4 (local data and equation)
two_adic_label,X36n,n_kod_Ins,2,0,92.4,forbidden,-40.1,1841734,family L: torsion/isogeny constrains local data (T4/T13/T17 type)
v5_tamagawa,3,log_area,b7,0,92.1,forbidden,-40.0,1889364,"T11 (area is the covolume, a function of c4, c6)"
two_adic_label,X44,v2_moddeg,5,0,92.0,forbidden,-40.0,1841734,"family E: Eisenstein congruence, rational torsion/isogeny divides the congruence number"
two_adic_label,X38,v2_moddeg,5,0,92.0,forbidden,-40.0,1841734,"family E: Eisenstein congruence, rational torsion/isogeny divides the congruence number"
max_isogeny_degree,21,disc_sign,1,0,91.9,forbidden,-39.9,1889364,family L: torsion/isogeny constrains local data (T4/T13/T17 type)
torsion_structure,[5],n_kod_IIIs,1,0,91.9,forbidden,-39.9,1889364,family L: torsion/isogeny constrains local data (T4/T13/T17 type)
torsion_structure,[3],n_kod_IIIs,2,0,91.6,forbidden,-39.8,1889364,family L: torsion/isogeny constrains local data (T4/T13/T17 type)
v5_tamagawa,3,log_omega,b7,0,91.6,forbidden,-39.8,1889364,"T4+T11 (Tamagawa tracks v_p(Delta), hence the period)"
n_bad_primes,1,n_split_mult,4,0,91.7,forbidden,-39.8,1311066,I2
two_adic_label,X15,max_isogeny_degree,5,0,91.5,forbidden,-39.8,1841734,same-group GAL
two_adic_label,X19,max_isogeny_degree,5,0,91.5,forbidden,-39.8,1841734,same-group GAL
two_adic_level,16,has_5_isog,1,0,91.7,forbidden,-39.8,1885114,same-group GAL
n_split_mult,5+,n_kod_In,0,0,91.6,forbidden,-39.8,1889364,same-group LOC
torsion_structure,[6],n_kod_In,0,2,100.2,depleted,-39.8,1889364,family L: torsion/isogeny constrains local data (T4/T13/T17 type)
two_adic_log_index,4,v3_tamagawa,4+,0,91.4,forbidden,-39.7,1885114,family L: torsion/isogeny constrains local data (T4/T13/T17 type)
max_isogeny_degree,8,n_kod_IVs,2,0,91.5,forbidden,-39.7,1889364,family L: torsion/isogeny constrains local data (T4/T13/T17 type)
v7_moddeg,4,log_odd_moddeg,b1,0,91.3,forbidden,-39.7,1889364,same-group AN
n_nonsurj_primes,2,n_bad_primes,1,4,106.6,depleted,-39.6,1889364,family L: torsion/isogeny constrains local data (T4/T13/T17 type)
two_adic_level,2,max_isogeny_degree,15,0,91.1,forbidden,-39.6,1885114,same-group GAL
max_isogeny_degree,15,has_5_isog,0,0,91.1,forbidden,-39.5,1311066,same-group GAL
n_kod_Ins,3+,v3_tamagawa,3,0,90.7,forbidden,-39.4,1889364,same-group LOC
two_adic_label,X16,max_isogeny_degree,8,0,90.6,forbidden,-39.4,1841734,same-group GAL
two_adic_label,X17,max_isogeny_degree,8,0,90.6,forbidden,-39.4,1841734,same-group GAL
v5_tamagawa,3,log_j_height,b0,0,90.4,forbidden,-39.3,1889364,T4 (local data and equation)
max_isogeny_degree,7,has_3_isog,1,0,90.6,forbidden,-39.3,1311066,same-group GAL
c6_sign,0,log_regulator,b0,13,131.4,depleted,-39.3,1889364,family S
two_adic_label,X9c,n_split_mult,4,5,108.6,depleted,-39.1,1841734,family L: torsion/isogeny constrains local data (T4/T13/T17 type)
two_adic_label,X46,v2_moddeg,7,10,123.1,depleted,-39.1,1841734,"family E: Eisenstein congruence, rational torsion/isogeny divides the congruence number"
class_size,6,v5_tamagawa,2,6,111.7,depleted,-39.1,1889364,family L: torsion/isogeny constrains local data (T4/T13/T17 type)
two_adic_label,X7,two_adic_log_index,3,0,89.9,forbidden,-39.1,1837484,same-group GAL
two_adic_label,X10a,n_split_mult,4,5,108.6,depleted,-39.1,1841734,family L: torsion/isogeny constrains local data (T4/T13/T17 type)
two_adic_label,X11,v2_moddeg,5,0,89.8,forbidden,-39.0,1841734,"family E: Eisenstein congruence, rational torsion/isogeny divides the congruence number"
v2_moddeg,1,n_nonsplit_mult,4,0,89.7,forbidden,-39.0,1889364,"family P: Dummigan, Caro-Pasten bounds on v2(moddeg) from multiplicative primes"
v7_moddeg,4,log_odd_moddeg,b3,0,89.7,forbidden,-38.9,1889364,same-group AN
two_adic_label,X1,max_isogeny_degree,14,0,89.5,forbidden,-38.9,1841734,same-group GAL
two_adic_label,X13f,exceptional_image,1,0,89.4,forbidden,-38.8,1841734,same-group GAL
max_isogeny_degree,10,bad_at_2,0,0,89.3,forbidden,-38.8,1311066,family L: torsion/isogeny constrains local data (T4/T13/T17 type)
class_size,6,v5_moddeg,4,0,89.4,forbidden,-38.8,1889364,"family E: Eisenstein congruence, rational torsion/isogeny divides the congruence number"
max_isogeny_degree,10,n_kod_IIs,1,0,89.4,forbidden,-38.8,1889364,family L: torsion/isogeny constrains local data (T4/T13/T17 type)
two_adic_label,X13d,exceptional_image,1,0,89.4,forbidden,-38.8,1841734,same-group GAL
rank_c,3,log_odd_sha,b1,0,89.4,forbidden,-38.8,1889364,C4
v2_moddeg,0,v2_tamagawa,3,3,101.4,depleted,-38.8,1889364,"U1 (check Agashe-Ribet-Stein, Emerton: component groups and the congruence number)"
max_isogeny_degree,18,n_kod_IV,1,0,89.4,forbidden,-38.8,1889364,family L: torsion/isogeny constrains local data (T4/T13/T17 type)
two_adic_label,X8d,exceptional_image,1,0,89.4,forbidden,-38.8,1841734,same-group GAL
two_adic_label,X13h,exceptional_image,1,0,89.4,forbidden,-38.8,1841734,same-group GAL
two_adic_label,X3,n_bad_primes,6+,0,89.1,forbidden,-38.7,1841734,family L: torsion/isogeny constrains local data (T4/T13/T17 type)
v5_sha,2,n_intpts_x,6,0,89.0,forbidden,-38.7,1889364,"U3 (likely via rank and period: T15, I1)"
max_isogeny_degree,15,v2_tamagawa,4+,0,88.9,forbidden,-38.6,1889364,family L: torsion/isogeny constrains local data (T4/T13/T17 type)
two_adic_label,X6,max_isogeny_degree,15,0,88.9,forbidden,-38.6,1841734,same-group GAL
max_isogeny_degree,12,v7_moddeg,2,8,116.3,depleted,-38.6,1889364,"family E: Eisenstein congruence, rational torsion/isogeny divides the congruence number"
n_nonsplit_mult,5+,n_kod_In,0,0,88.7,forbidden,-38.5,1889364,same-group LOC
two_adic_label,X38,log_odd_tamagawa,b3,9,118.8,depleted,-38.5,1841734,family L: torsion/isogeny constrains local data (T4/T13/T17 type)
two_adic_label,X44,log_odd_tamagawa,b3,9,118.8,depleted,-38.5,1841734,family L: torsion/isogeny constrains local data (T4/T13/T17 type)
max_isogeny_degree,14,v2_torsion,0,0,88.5,forbidden,-38.4,1889364,same-group GAL
n_split_mult,4,n_kod_IV,2,0,88.5,forbidden,-38.4,1889364,same-group LOC
torsion_structure,[6],max_isogeny_degree,8,0,87.8,forbidden,-38.1,1889364,same-group GAL
n_kod_In,0,v3_tamagawa,4+,0,87.7,forbidden,-38.1,1889364,same-group LOC
v5_tamagawa,3,log_odd_moddeg,b0,2,95.8,depleted,-37.9,1889364,"U1 (check Agashe-Ribet-Stein, Emerton: component groups and the congruence number)"
two_adic_label,X25,n_kod_IIs,1,0,87.1,forbidden,-37.8,1841734,family L: torsion/isogeny constrains local data (T4/T13/T17 type)
max_isogeny_degree,16,v2_moddeg,3,5,105.5,depleted,-37.8,1889364,"family E: Eisenstein congruence, rational torsion/isogeny divides the congruence number"
two_adic_label,X7,max_isogeny_degree,3,0,87.0,forbidden,-37.8,1841734,same-group GAL
two_adic_label,X36n,n_bad_primes,2,0,86.8,forbidden,-37.7,1841734,family L: torsion/isogeny constrains local data (T4/T13/T17 type)
two_adic_label,X36l,n_bad_primes,2,0,86.8,forbidden,-37.7,1841734,family L: torsion/isogeny constrains local data (T4/T13/T17 type)
two_adic_label,X48,max_isogeny_degree,3,0,86.6,forbidden,-37.6,1841734,same-group GAL
two_adic_label,X46,max_isogeny_degree,3,0,86.6,forbidden,-37.6,1841734,same-group GAL
two_adic_label,X32,v2_moddeg,5,0,86.7,forbidden,-37.6,1841734,"family E: Eisenstein congruence, rational torsion/isogeny divides the congruence number"
max_isogeny_degree,18,v2_torsion,2,0,86.0,forbidden,-37.4,1889364,same-group GAL
n_nonsurj_primes,0,max_isogeny_degree,21,0,85.6,forbidden,-37.2,1889364,same-group GAL
two_adic_label,X9,has_5_isog,1,0,85.4,forbidden,-37.1,1841734,same-group GAL
two_adic_label,X10,has_5_isog,1,0,85.4,forbidden,-37.1,1841734,same-group GAL
class_size,3,exceptional_image,1,0,85.5,forbidden,-37.1,1889364,same-group GAL
v3_moddeg,8+,c4_sign,0,58,5.7,enriched,-37.1,1889364,T10 (c4=0 or c6=0 is a CM curve with j=0 or 1728)
two_adic_label,X1,max_isogeny_degree,11,0,85.4,forbidden,-37.1,1841734,same-group GAL
two_adic_level,32,max_isogeny_degree,3,0,85.0,forbidden,-36.9,1885114,same-group GAL
v3_moddeg,6,n_kod_III,2,2,93.3,depleted,-36.9,1889364,family M: valuations track the size of moddeg (T12)
max_isogeny_degree,4,v5_tamagawa,3,0,84.9,forbidden,-36.9,1889364,family L: torsion/isogeny constrains local data (T4/T13/T17 type)
torsion_structure,[4],n_kod_IVs,2,0,84.8,forbidden,-36.8,1889364,family L: torsion/isogeny constrains local data (T4/T13/T17 type)
v2_moddeg,1,n_intpts_x,10+,0,84.8,forbidden,-36.8,1889364,U3 (likely via model size: T15)
max_isogeny_degree,8,v5_moddeg,4,0,84.6,forbidden,-36.8,1889364,"family E: Eisenstein congruence, rational torsion/isogeny divides the congruence number"
v5_tamagawa,3,log_odd_tamagawa,b2,0,84.8,forbidden,-36.8,1889364,same-group LOC
v2_torsion,3,n_kod_IV,1,0,84.5,forbidden,-36.7,1889364,family L: torsion/isogeny constrains local data (T4/T13/T17 type)
max_isogeny_degree,15,has_3_isog,0,0,84.5,forbidden,-36.7,1311066,same-group GAL
n_torsion_gens,2,n_kod_IIs,2,0,84.1,forbidden,-36.5,1889364,family L: torsion/isogeny constrains local data (T4/T13/T17 type)
max_isogeny_degree,3,odd_torsion,5,0,84.0,forbidden,-36.5,1889364,same-group GAL
max_isogeny_degree,8,v5_tamagawa,2,6,105.4,depleted,-36.5,1889364,family L: torsion/isogeny constrains local data (T4/T13/T17 type)
v5_tamagawa,3,log_j_height,b1,1,88.3,depleted,-36.4,1889364,T4 (local data and equation)
max_isogeny_degree,27,v2_torsion,1,0,83.5,forbidden,-36.3,1889364,same-group GAL
n_torsion_gens,0,max_isogeny_degree,14,0,83.7,forbidden,-36.3,1889364,same-group GAL
torsion_structure,[],max_isogeny_degree,14,0,83.7,forbidden,-36.3,1889364,same-group GAL
two_adic_label,X19,class_size,6,0,83.3,forbidden,-36.2,1841734,same-group GAL
two_adic_label,X15,class_size,6,0,83.3,forbidden,-36.2,1841734,same-group GAL
has_3_isog,1,v5_moddeg,5,8,110.1,depleted,-36.1,1889364,"family E: Eisenstein congruence, rational torsion/isogeny divides the congruence number"
torsion_structure,"[2,2]",two_adic_label,X34,0,83.1,forbidden,-36.1,1841734,same-group GAL
v5_tamagawa,3,log_abs_c4,b0,2,91.6,depleted,-36.1,1889364,T4 (local data and equation)
two_adic_label,X34,n_torsion_gens,2,0,83.2,forbidden,-36.1,1841734,same-group GAL
two_adic_label,X36l,v2_moddeg,4,0,83.1,forbidden,-36.1,1841734,"family E: Eisenstein congruence, rational torsion/isogeny divides the congruence number"
torsion_structure,"[2,6]",odd_torsion,1,0,82.9,forbidden,-36.0,1889364,I
c6_sign,0,log_omega,b0,5,101.3,depleted,-36.0,1889364,family S
two_adic_label,X32,n_kod_IV,1,0,83.0,forbidden,-36.0,1841734,family L: torsion/isogeny constrains local data (T4/T13/T17 type)
v5_tamagawa,3,log_j_height,b2,1,87.4,depleted,-36.0,1889364,T4 (local data and equation)
max_isogeny_degree,10,v3_tamagawa,2,0,82.6,forbidden,-35.9,1889364,family L: torsion/isogeny constrains local data (T4/T13/T17 type)
torsion_structure,"[2,2]",n_kod_IIs,2,0,82.5,forbidden,-35.8,1889364,family L: torsion/isogeny constrains local data (T4/T13/T17 type)
torsion_structure,[2],max_isogeny_degree,27,0,82.3,forbidden,-35.7,1889364,same-group GAL
max_isogeny_degree,21,v2_torsion,1,0,81.9,forbidden,-35.6,1889364,same-group GAL
two_adic_label,X44,n_kod_IV,1,0,81.8,forbidden,-35.5,1841734,family L: torsion/isogeny constrains local data (T4/T13/T17 type)
two_adic_label,X38,n_kod_IV,1,0,81.8,forbidden,-35.5,1841734,family L: torsion/isogeny constrains local data (T4/T13/T17 type)
two_adic_label,X48,v2_moddeg,5,0,81.6,forbidden,-35.4,1841734,"family E: Eisenstein congruence, rational torsion/isogeny divides the congruence number"
two_adic_label,X46,v2_moddeg,5,0,81.6,forbidden,-35.4,1841734,"family E: Eisenstein congruence, rational torsion/isogeny divides the congruence number"
max_isogeny_degree,9,exceptional_image,1,0,81.6,forbidden,-35.4,1889364,same-group GAL
torsion_structure,"[2,4]",v2_moddeg,5,3,93.3,depleted,-35.4,1889364,"family E: Eisenstein congruence, rational torsion/isogeny divides the congruence number"
n_torsion_gens,1,max_isogeny_degree,27,3,93.1,depleted,-35.3,1889364,same-group GAL
torsion_structure,[5],max_isogeny_degree,3,0,81.3,forbidden,-35.3,1889364,same-group GAL
torsion_structure,[3],max_isogeny_degree,12,0,81.2,forbidden,-35.3,1889364,same-group GAL
max_isogeny_degree,18,n_kod_IIs,1,0,81.0,forbidden,-35.2,1889364,family L: torsion/isogeny constrains local data (T4/T13/T17 type)
n_bad_primes,2,n_additive,4+,0,81.0,forbidden,-35.2,1311066,I2
n_nonsplit_mult,5+,v3_tamagawa,3,0,80.8,forbidden,-35.1,1889364,same-group LOC
v7_sha,2,log_odd_tamagawa,b3,8,107.6,depleted,-35.1,1889364,C9/I1 (Sha and Tamagawa enter BSD as a product)
torsion_structure,[2],max_isogeny_degree,21,0,80.8,forbidden,-35.1,1889364,same-group GAL
two_adic_label,X2,n_nonsplit_mult,4,0,80.5,forbidden,-35.0,1841734,family L: torsion/isogeny constrains local data (T4/T13/T17 type)
torsion_structure,"[2,2]",two_adic_label,X10d,0,80.5,forbidden,-35.0,1841734,same-group GAL
two_adic_label,X10d,n_torsion_gens,2,0,80.6,forbidden,-35.0,1841734,same-group GAL
torsion_structure,"[2,2]",two_adic_label,X9d,0,80.5,forbidden,-35.0,1841734,same-group GAL
two_adic_label,X9d,n_torsion_gens,2,0,80.6,forbidden,-35.0,1841734,same-group GAL
v2_torsion,3,n_kod_Ins,2,0,80.1,forbidden,-34.8,1889364,family L: torsion/isogeny constrains local data (T4/T13/T17 type)
max_isogeny_degree,13,v2_tamagawa,4+,8,107.0,depleted,-34.8,1889364,family L: torsion/isogeny constrains local data (T4/T13/T17 type)
torsion_structure,[4],two_adic_label,X8c,0,79.9,forbidden,-34.7,1841734,same-group GAL
torsion_structure,[4],two_adic_label,X13g,0,79.9,forbidden,-34.7,1841734,same-group GAL
torsion_structure,[4],two_adic_label,X13e,0,79.9,forbidden,-34.7,1841734,same-group GAL
torsion_structure,[4],two_adic_label,X13c,0,79.9,forbidden,-34.7,1841734,same-group GAL
two_adic_label,X46,v2_moddeg,6,8,106.3,depleted,-34.6,1841734,"family E: Eisenstein congruence, rational torsion/isogeny divides the congruence number"
torsion_structure,[3],two_adic_label,X9c,0,79.7,forbidden,-34.6,1841734,same-group GAL
torsion_structure,[3],two_adic_label,X10a,0,79.7,forbidden,-34.6,1841734,same-group GAL
n_bad_primes,1,n_nonsplit_mult,4,0,79.4,forbidden,-34.5,1311066,I2
two_adic_label,X13f,max_isogeny_degree,8,0,79.1,forbidden,-34.3,1841734,same-group GAL
two_adic_log_index,6,v5_tamagawa,1,6,100.1,depleted,-34.3,1885114,family L: torsion/isogeny constrains local data (T4/T13/T17 type)
two_adic_label,X8d,max_isogeny_degree,8,0,79.1,forbidden,-34.3,1841734,same-group GAL
two_adic_label,X13h,max_isogeny_degree,8,0,79.1,forbidden,-34.3,1841734,same-group GAL
two_adic_label,X13d,max_isogeny_degree,8,0,79.1,forbidden,-34.3,1841734,same-group GAL
v2_sha,3+,n_intpts_x,9,0,78.8,forbidden,-34.2,1889364,"U3 (likely via rank and period: T15, I1)"
v7_moddeg,4,log_odd_moddeg,b2,0,78.8,forbidden,-34.2,1889364,same-group AN
two_adic_label,X3,max_isogeny_degree,6,0,78.4,forbidden,-34.1,1841734,same-group GAL
two_adic_label,CM,n_intpts_x,10+,4,93.4,depleted,-34.1,1841734,T15 (torsion points are integral)
max_isogeny_degree,12,frac_even,b1,0,78.0,forbidden,-33.9,1311066,T18/T5 (mod-l image fixes a_p mod l; c4=0 or c6=0 is CM)
two_adic_log_index,4,n_kod_II,2,0,78.0,forbidden,-33.9,1885114,family L: torsion/isogeny constrains local data (T4/T13/T17 type)
torsion_structure,[3],max_isogeny_degree,16,0,78.0,forbidden,-33.9,1889364,same-group GAL
max_isogeny_degree,3,has_7_isog,1,0,78.1,forbidden,-33.9,1311066,same-group GAL
n_additive,1,n_kod_I0s,3+,0,78.1,forbidden,-33.9,1889364,same-group LOC
torsion_structure,[8],has_2_isog,0,0,77.6,forbidden,-33.7,1889364,same-group GAL
torsion_structure,[8],v2_torsion,0,0,77.6,forbidden,-33.7,1889364,I
max_isogeny_degree,8,v3_tamagawa,4+,0,77.6,forbidden,-33.7,1889364,family L: torsion/isogeny constrains local data (T4/T13/T17 type)
is_cm,1,n_intpts_x,10+,4,92.6,depleted,-33.7,1889364,U3 (likely via model size: T15)
max_isogeny_degree,12,two_adic_log_index,4,0,77.6,forbidden,-33.7,1885114,same-group GAL
max_isogeny_degree,12,frac_even,b0,0,77.6,forbidden,-33.7,1311066,T18/T5 (mod-l image fixes a_p mod l; c4=0 or c6=0 is CM)
n_kod_In,1,v5_tamagawa,3,0,77.3,forbidden,-33.6,1889364,same-group LOC
torsion_structure,[4],two_adic_label,X4,0,77.3,forbidden,-33.6,1841734,same-group GAL
two_adic_label,X11,n_kod_IIs,1,0,77.1,forbidden,-33.5,1841734,family L: torsion/isogeny constrains local data (T4/T13/T17 type)
n_torsion_gens,1,max_isogeny_degree,11,0,77.2,forbidden,-33.5,1889364,same-group GAL
max_isogeny_degree,11,disc_sign,1,0,77.0,forbidden,-33.5,1889364,family L: torsion/isogeny constrains local data (T4/T13/T17 type)
v2_sha,3+,v2_moddeg,2,2,85.1,depleted,-33.4,1889364,T14
c6_sign,0,n_kod_IVs,1,0,77.0,forbidden,-33.4,1889364,T4 (local data and equation)
v5_tamagawa,3,log_abs_disc,b1,3,88.6,depleted,-33.4,1889364,T4 (local data and equation)
v2_torsion,3,n_kod_IIs,1,0,77.0,forbidden,-33.4,1889364,family L: torsion/isogeny constrains local data (T4/T13/T17 type)
two_adic_log_index,4,v2_moddeg,1,2,85.2,depleted,-33.4,1885114,"family E: Eisenstein congruence, rational torsion/isogeny divides the congruence number"
c6_sign,0,log_odd_tamagawa,b3,0,76.8,forbidden,-33.3,1889364,T4 (local data and equation)
two_adic_label,X19,exceptional_image,1,0,76.8,forbidden,-33.3,1841734,same-group GAL
two_adic_log_index,4,n_bad_primes,1,0,76.6,forbidden,-33.3,1885114,family L: torsion/isogeny constrains local data (T4/T13/T17 type)
two_adic_log_index,6,n_kod_IV,1,0,76.7,forbidden,-33.3,1885114,family L: torsion/isogeny constrains local data (T4/T13/T17 type)
two_adic_label,X15,exceptional_image,1,0,76.8,forbidden,-33.3,1841734,same-group GAL
c4_sign,0,n_split_mult,4,0,76.4,forbidden,-33.2,1889364,T4 (local data and equation)
two_adic_level,8,max_isogeny_degree,25,0,76.5,forbidden,-33.2,1885114,same-group GAL
v2_moddeg,0,log_regulator,b0,0,76.5,forbidden,-33.2,1889364,same-group AN
class_size,8,v2_moddeg,2,8,102.8,depleted,-33.2,1889364,"family E: Eisenstein congruence, rational torsion/isogeny divides the congruence number"
two_adic_label,X8,n_kod_II,2,0,76.2,forbidden,-33.1,1841734,family L: torsion/isogeny constrains local data (T4/T13/T17 type)
two_adic_label,X32,n_kod_IIs,1,0,76.2,forbidden,-33.1,1841734,family L: torsion/isogeny constrains local data (T4/T13/T17 type)
max_isogeny_degree,6,n_kod_II,2,0,76.3,forbidden,-33.1,1889364,family L: torsion/isogeny constrains local data (T4/T13/T17 type)
class_size,4,max_isogeny_degree,7,0,75.8,forbidden,-32.9,1311066,same-group GAL
two_adic_label,X8d,v3_moddeg,7,8,102.2,depleted,-32.9,1841734,"family E: Eisenstein congruence, rational torsion/isogeny divides the congruence number"
n_split_mult,4,n_kod_IIs,2,0,75.8,forbidden,-32.9,1889364,same-group LOC
two_adic_label,X13f,v3_moddeg,7,8,102.2,depleted,-32.9,1841734,"family E: Eisenstein congruence, rational torsion/isogeny divides the congruence number"
two_adic_label,X13d,v3_moddeg,7,8,102.2,depleted,-32.9,1841734,"family E: Eisenstein congruence, rational torsion/isogeny divides the congruence number"
odd_torsion,3,n_bad_primes,1,9,104.8,depleted,-32.9,1889364,family L: torsion/isogeny constrains local data (T4/T13/T17 type)
torsion_structure,"[2,4]",n_kod_IV,1,0,75.8,forbidden,-32.9,1889364,family L: torsion/isogeny constrains local data (T4/T13/T17 type)
two_adic_label,X13h,v3_moddeg,7,8,102.2,depleted,-32.9,1841734,"family E: Eisenstein congruence, rational torsion/isogeny divides the congruence number"
max_isogeny_degree,12,frac_zero,b0,0,75.8,forbidden,-32.9,1311066,T18/T5 (mod-l image fixes a_p mod l; c4=0 or c6=0 is CM)
torsion_structure,"[2,6]",has_3_isog,0,0,75.7,forbidden,-32.9,1889364,same-group GAL
n_torsion_gens,1,max_isogeny_degree,21,4,90.6,depleted,-32.9,1889364,same-group GAL
two_adic_label,X5,n_split_mult,4,0,75.5,forbidden,-32.8,1841734,family L: torsion/isogeny constrains local data (T4/T13/T17 type)
c6_sign,0,v5_tamagawa,1,0,75.2,forbidden,-32.7,1889364,T4 (local data and equation)
torsion_structure,[8],two_adic_level,1,0,75.2,forbidden,-32.7,1885114,same-group GAL
torsion_structure,[8],two_adic_log_index,0,0,75.2,forbidden,-32.7,1885114,same-group GAL
two_adic_log_index,2,v5_tamagawa,3,0,75.4,forbidden,-32.7,1885114,family L: torsion/isogeny constrains local data (T4/T13/T17 type)
v5_tamagawa,3,log_odd_moddeg,b1,7,98.6,depleted,-32.6,1889364,"U1 (check Agashe-Ribet-Stein, Emerton: component groups and the congruence number)"
n_split_mult,5+,n_nonsplit_mult,4,0,74.7,forbidden,-32.4,1311066,same-group LOC
two_adic_label,X38,n_kod_IIs,1,0,74.7,forbidden,-32.4,1841734,family L: torsion/isogeny constrains local data (T4/T13/T17 type)
n_kod_In,3+,n_kod_IVs,3+,0,74.7,forbidden,-32.4,1889364,same-group LOC
max_isogeny_degree,6,n_kod_III,2,0,74.7,forbidden,-32.4,1889364,family L: torsion/isogeny constrains local data (T4/T13/T17 type)
max_isogeny_degree,12,frac_even,b3,0,74.4,forbidden,-32.3,1311066,T18/T5 (mod-l image fixes a_p mod l; c4=0 or c6=0 is CM)
c6_sign,0,log_area,b0,8,100.3,depleted,-32.2,1889364,"T11 (area is the covolume, a function of c4, c6)"
max_isogeny_degree,12,frac_even,b2,0,73.8,forbidden,-32.1,1311066,T18/T5 (mod-l image fixes a_p mod l; c4=0 or c6=0 is CM)
class_size,6,n_kod_II,2,0,73.7,forbidden,-32.0,1889364,family L: torsion/isogeny constrains local data (T4/T13/T17 type)
two_adic_label,X17,n_kod_IVs,2,0,73.7,forbidden,-32.0,1841734,family L: torsion/isogeny constrains local data (T4/T13/T17 type)
two_adic_label,X16,n_kod_IVs,2,0,73.7,forbidden,-32.0,1841734,family L: torsion/isogeny constrains local data (T4/T13/T17 type)
two_adic_label,X5,n_torsion_gens,2,0,73.3,forbidden,-31.8,1841734,same-group GAL
two_adic_label,X33,n_torsion_gens,2,0,73.3,forbidden,-31.8,1841734,same-group GAL
torsion_structure,"[2,2]",two_adic_label,X5,0,73.2,forbidden,-31.8,1841734,same-group GAL
v7_moddeg,4,log_odd_moddeg,b0,0,73.3,forbidden,-31.8,1889364,same-group AN
n_additive,3,v7_tamagawa,2,0,73.1,forbidden,-31.8,1889364,same-group LOC
torsion_structure,"[2,2]",two_adic_label,X33,0,73.1,forbidden,-31.8,1841734,same-group GAL
two_adic_label,X36l,v2_torsion,2,0,73.2,forbidden,-31.8,1841734,same-group GAL
torsion_structure,[8],n_torsion_gens,0,0,73.1,forbidden,-31.8,1889364,I
max_isogeny_degree,12,frac_zero,b1,0,73.3,forbidden,-31.8,1311066,T18/T5 (mod-l image fixes a_p mod l; c4=0 or c6=0 is CM)
rank_c,3,v3_sha,2,0,73.1,forbidden,-31.7,1889364,C4
torsion_structure,"[2,4]",n_kod_Ins,2,0,72.4,forbidden,-31.5,1889364,family L: torsion/isogeny constrains local data (T4/T13/T17 type)
two_adic_log_index,4,v5_moddeg,4,8,98.5,depleted,-31.4,1885114,"family E: Eisenstein congruence, rational torsion/isogeny divides the congruence number"
class_size,6,n_kod_III,2,0,72.2,forbidden,-31.4,1889364,family L: torsion/isogeny constrains local data (T4/T13/T17 type)
n_nonsplit_mult,4,n_kod_IV,2,0,72.3,forbidden,-31.4,1889364,same-group LOC
torsion_structure,[4],v3_tamagawa,4+,0,72.0,forbidden,-31.3,1889364,T13
two_adic_label,X13c,v2_moddeg,2,0,72.2,forbidden,-31.3,1841734,"family E: Eisenstein congruence, rational torsion/isogeny divides the congruence number"
max_isogeny_degree,13,v3_moddeg,0,0,72.0,forbidden,-31.3,1889364,"family E: Eisenstein congruence, rational torsion/isogeny divides the congruence number"
two_adic_label,X13e,v2_moddeg,2,0,72.2,forbidden,-31.3,1841734,"family E: Eisenstein congruence, rational torsion/isogeny divides the congruence number"
two_adic_label,X13g,v2_moddeg,2,0,72.2,forbidden,-31.3,1841734,"family E: Eisenstein congruence, rational torsion/isogeny divides the congruence number"
two_adic_label,X10a,odd_torsion,3,7,95.5,depleted,-31.3,1841734,same-group GAL
two_adic_label,X9c,odd_torsion,3,7,95.5,depleted,-31.3,1841734,same-group GAL
has_5_isog,0,v5_tamagawa,4+,4,86.4,depleted,-31.2,1889364,family L: torsion/isogeny constrains local data (T4/T13/T17 type)
two_adic_label,X36n,v2_moddeg,4,3,83.1,depleted,-31.1,1841734,"family E: Eisenstein congruence, rational torsion/isogeny divides the congruence number"
two_adic_label,X48,n_kod_IV,1,0,71.7,forbidden,-31.1,1841734,family L: torsion/isogeny constrains local data (T4/T13/T17 type)
two_adic_label,X46,n_kod_IV,1,0,71.7,forbidden,-31.1,1841734,family L: torsion/isogeny constrains local data (T4/T13/T17 type)
max_isogeny_degree,16,frac_even,b1,0,71.6,forbidden,-31.1,1311066,T18/T5 (mod-l image fixes a_p mod l; c4=0 or c6=0 is CM)
torsion_structure,"[2,4]",v2_torsion,2,0,71.7,forbidden,-31.1,1889364,I
two_adic_log_index,6,log_odd_moddeg,b6,8,97.5,depleted,-31.0,1885114,"family E: Eisenstein congruence, rational torsion/isogeny divides the congruence number"
max_isogeny_degree,6,n_kod_IIIs,2,0,71.2,forbidden,-30.9,1889364,family L: torsion/isogeny constrains local data (T4/T13/T17 type)
class_size,2,max_isogeny_degree,18,0,71.1,forbidden,-30.9,1311066,same-group GAL
max_isogeny_degree,10,frac_even,b1,0,70.9,forbidden,-30.8,1311066,T18/T5 (mod-l image fixes a_p mod l; c4=0 or c6=0 is CM)
max_isogeny_degree,16,frac_even,b0,0,71.0,forbidden,-30.8,1311066,T18/T5 (mod-l image fixes a_p mod l; c4=0 or c6=0 is CM)
two_adic_label,X32,v3_tamagawa,2,0,70.9,forbidden,-30.8,1841734,family L: torsion/isogeny constrains local data (T4/T13/T17 type)
n_nonsurj_primes,0,max_isogeny_degree,14,0,70.7,forbidden,-30.7,1889364,same-group GAL
max_isogeny_degree,25,two_adic_log_index,2,0,70.7,forbidden,-30.7,1885114,same-group GAL
n_nonsurj_primes,0,max_isogeny_degree,11,0,70.5,forbidden,-30.6,1889364,same-group GAL
odd_torsion,1,v5_tamagawa,4+,4,85.1,depleted,-30.6,1889364,family L: torsion/isogeny constrains local data (T4/T13/T17 type)
max_isogeny_degree,10,frac_even,b0,0,70.3,forbidden,-30.5,1311066,T18/T5 (mod-l image fixes a_p mod l; c4=0 or c6=0 is CM)
max_isogeny_degree,16,frac_zero,b0,0,69.9,forbidden,-30.4,1311066,T18/T5 (mod-l image fixes a_p mod l; c4=0 or c6=0 is CM)
max_isogeny_degree,4,has_7_isog,1,0,70.0,forbidden,-30.4,1311066,same-group GAL
max_isogeny_degree,8,n_kod_II,2,0,69.7,forbidden,-30.3,1889364,family L: torsion/isogeny constrains local data (T4/T13/T17 type)
max_isogeny_degree,11,v2_torsion,1,0,69.7,forbidden,-30.3,1889364,same-group GAL
n_nonsurj_primes,2,two_adic_log_index,6,0,69.4,forbidden,-30.1,1885114,same-group GAL
torsion_structure,"[2,4]",n_kod_IIs,1,0,69.3,forbidden,-30.1,1889364,family L: torsion/isogeny constrains local data (T4/T13/T17 type)
max_isogeny_degree,10,frac_zero,b0,0,69.2,forbidden,-30.0,1311066,T18/T5 (mod-l image fixes a_p mod l; c4=0 or c6=0 is CM)
two_adic_label,X10d,v2_moddeg,3,0,69.1,forbidden,-30.0,1841734,"family E: Eisenstein congruence, rational torsion/isogeny divides the congruence number"
max_isogeny_degree,16,frac_even,b3,0,69.1,forbidden,-30.0,1311066,T18/T5 (mod-l image fixes a_p mod l; c4=0 or c6=0 is CM)
max_isogeny_degree,5,two_adic_log_index,5,0,69.0,forbidden,-30.0,1885114,same-group GAL
class_size,6,n_kod_IIIs,2,0,68.8,forbidden,-29.9,1889364,family L: torsion/isogeny constrains local data (T4/T13/T17 type)
max_isogeny_degree,16,frac_even,b2,0,68.8,forbidden,-29.9,1311066,T18/T5 (mod-l image fixes a_p mod l; c4=0 or c6=0 is CM)
torsion_structure,[6],two_adic_label,X8,0,68.7,forbidden,-29.8,1841734,same-group GAL
torsion_structure,[2],max_isogeny_degree,11,0,68.7,forbidden,-29.8,1889364,same-group GAL
two_adic_label,X15,max_isogeny_degree,8,0,68.6,forbidden,-29.8,1841734,same-group GAL
two_adic_label,X19,max_isogeny_degree,8,0,68.6,forbidden,-29.8,1841734,same-group GAL
n_torsion_gens,2,max_isogeny_degree,10,0,68.4,forbidden,-29.7,1889364,same-group GAL
max_isogeny_degree,8,n_kod_III,2,0,68.2,forbidden,-29.6,1889364,family L: torsion/isogeny constrains local data (T4/T13/T17 type)
v5_tamagawa,3,log_area,b6,6,88.5,depleted,-29.6,1889364,"T11 (area is the covolume, a function of c4, c6)"
max_isogeny_degree,25,frac_even,b4,1,72.4,depleted,-29.6,1311066,T18/T5 (mod-l image fixes a_p mod l; c4=0 or c6=0 is CM)
two_adic_label,X9,max_isogeny_degree,5,0,68.2,forbidden,-29.6,1841734,same-group GAL
two_adic_label,X10,max_isogeny_degree,5,0,68.2,forbidden,-29.6,1841734,same-group GAL
max_isogeny_degree,7,odd_torsion,3,0,68.2,forbidden,-29.6,1889364,same-group GAL
two_adic_level,16,max_isogeny_degree,5,0,67.9,forbidden,-29.5,1885114,same-group GAL
max_isogeny_degree,10,frac_even,b2,0,67.9,forbidden,-29.5,1311066,T18/T5 (mod-l image fixes a_p mod l; c4=0 or c6=0 is CM)
max_isogeny_degree,10,frac_even,b3,0,68.0,forbidden,-29.5,1311066,T18/T5 (mod-l image fixes a_p mod l; c4=0 or c6=0 is CM)
two_adic_level,32,n_kod_IV,1,0,67.7,forbidden,-29.4,1885114,family L: torsion/isogeny constrains local data (T4/T13/T17 type)
max_isogeny_degree,3,v5_moddeg,5,4,82.1,depleted,-29.4,1889364,"family E: Eisenstein congruence, rational torsion/isogeny divides the congruence number"
odd_torsion,5,n_kod_IV,1,0,67.5,forbidden,-29.3,1889364,family L: torsion/isogeny constrains local data (T4/T13/T17 type)
max_isogeny_degree,6,v5_moddeg,4,8,92.8,depleted,-29.2,1889364,"family E: Eisenstein congruence, rational torsion/isogeny divides the congruence number"
v2_moddeg,1,n_intpts_x,6,2,75.2,depleted,-29.2,1889364,U3 (likely via model size: T15)
two_adic_label,X36,odd_torsion,3,0,66.9,forbidden,-29.1,1841734,same-group GAL
two_adic_label,X36l,n_additive,3,0,66.9,forbidden,-29.1,1841734,family L: torsion/isogeny constrains local data (T4/T13/T17 type)
two_adic_label,X36n,n_additive,3,0,66.9,forbidden,-29.1,1841734,family L: torsion/isogeny constrains local data (T4/T13/T17 type)
two_adic_label,CM,n_bad_primes,6+,0,66.8,forbidden,-29.0,1841734,family L: torsion/isogeny constrains local data (T4/T13/T17 type)
v2_torsion,3,n_bad_primes,2,8,92.0,depleted,-28.9,1889364,family L: torsion/isogeny constrains local data (T4/T13/T17 type)
max_isogeny_degree,3,c6_sign,0,0,66.5,forbidden,-28.9,1889364,family L: torsion/isogeny constrains local data (T4/T13/T17 type)
two_adic_label,X8,n_kod_III,2,0,66.6,forbidden,-28.9,1841734,family L: torsion/isogeny constrains local data (T4/T13/T17 type)
two_adic_label,X4,class_size,3,0,66.3,forbidden,-28.8,1841734,same-group GAL
torsion_structure,"[2,2]",max_isogeny_degree,10,0,66.2,forbidden,-28.8,1889364,same-group GAL
two_adic_label,X34,v2_moddeg,3,0,66.3,forbidden,-28.8,1841734,"family E: Eisenstein congruence, rational torsion/isogeny divides the congruence number"
max_isogeny_degree,10,v7_tamagawa,1,0,65.9,forbidden,-28.6,1889364,family L: torsion/isogeny constrains local data (T4/T13/T17 type)
torsion_structure,[7],has_7_isog,0,0,65.7,forbidden,-28.5,1889364,same-group GAL
has_7_isog,0,odd_torsion,7,0,65.7,forbidden,-28.5,1889364,same-group GAL
two_adic_label,X36,v2_moddeg,3,0,65.7,forbidden,-28.5,1841734,"family E: Eisenstein congruence, rational torsion/isogeny divides the congruence number"
v2_moddeg,0,n_kod_I0s,1,0,65.5,forbidden,-28.4,1889364,"family P: Dummigan, Caro-Pasten bounds on v2(moddeg) from multiplicative primes"
two_adic_label,X46,n_kod_IIs,1,0,65.5,forbidden,-28.4,1841734,family L: torsion/isogeny constrains local data (T4/T13/T17 type)
has_7_isog,1,odd_torsion,3,4,79.6,depleted,-28.4,1889364,same-group GAL
torsion_structure,[5],n_kod_IV,1,0,65.5,forbidden,-28.4,1889364,family L: torsion/isogeny constrains local data (T4/T13/T17 type)
two_adic_label,X8,n_kod_IIIs,2,0,65.1,forbidden,-28.3,1841734,family L: torsion/isogeny constrains local data (T4/T13/T17 type)
two_adic_label,X13g,class_size,3,0,65.2,forbidden,-28.3,1841734,same-group GAL
two_adic_label,X8c,class_size,3,0,65.2,forbidden,-28.3,1841734,same-group GAL
v5_sha,2,n_intpts_x,7,0,65.2,forbidden,-28.3,1889364,"U3 (likely via rank and period: T15, I1)"
two_adic_label,X13c,class_size,3,0,65.2,forbidden,-28.3,1841734,same-group GAL
two_adic_label,X13e,class_size,3,0,65.2,forbidden,-28.3,1841734,same-group GAL
torsion_structure,[4],n_kod_II,2,0,64.9,forbidden,-28.2,1889364,family L: torsion/isogeny constrains local data (T4/T13/T17 type)
v2_torsion,2,odd_torsion,5,0,64.8,forbidden,-28.2,1889364,same-group GAL
max_isogeny_degree,8,n_kod_IIIs,2,0,65.0,forbidden,-28.2,1889364,family L: torsion/isogeny constrains local data (T4/T13/T17 type)
max_isogeny_degree,27,n_kod_Ins,1,0,64.4,forbidden,-28.0,1889364,family L: torsion/isogeny constrains local data (T4/T13/T17 type)
v7_sha,2,n_intpts_x,3,9,92.1,depleted,-27.9,1889364,"U3 (likely via rank and period: T15, I1)"
two_adic_level,4,v5_tamagawa,3,0,64.2,forbidden,-27.9,1885114,family L: torsion/isogeny constrains local data (T4/T13/T17 type)
odd_torsion,5,n_kod_Ins,2,0,64.2,forbidden,-27.9,1889364,family L: torsion/isogeny constrains local data (T4/T13/T17 type)
n_nonsurj_primes,2,rank_c,3,1,68.5,depleted,-27.9,1889364,U5 (rank and isogeny structure beyond 2 and 3)
two_adic_label,X34,odd_torsion,3,0,64.2,forbidden,-27.9,1841734,same-group GAL
two_adic_label,X13f,n_kod_IVs,2,0,63.8,forbidden,-27.7,1841734,family L: torsion/isogeny constrains local data (T4/T13/T17 type)
two_adic_label,X8d,n_kod_IVs,2,0,63.8,forbidden,-27.7,1841734,family L: torsion/isogeny constrains local data (T4/T13/T17 type)
two_adic_label,X13d,n_kod_IVs,2,0,63.8,forbidden,-27.7,1841734,family L: torsion/isogeny constrains local data (T4/T13/T17 type)
two_adic_label,X13h,n_kod_IVs,2,0,63.8,forbidden,-27.7,1841734,family L: torsion/isogeny constrains local data (T4/T13/T17 type)
odd_torsion,7,v7_tamagawa,0,0,63.5,forbidden,-27.6,1889364,family L: torsion/isogeny constrains local data (T4/T13/T17 type)
torsion_structure,[7],v7_tamagawa,0,0,63.5,forbidden,-27.6,1889364,T13
two_adic_label,X10d,n_nonsplit_mult,4,0,63.7,forbidden,-27.6,1841734,family L: torsion/isogeny constrains local data (T4/T13/T17 type)
two_adic_label,X9d,n_nonsplit_mult,4,0,63.7,forbidden,-27.6,1841734,family L: torsion/isogeny constrains local data (T4/T13/T17 type)
max_isogeny_degree,12,v5_moddeg,3,0,63.4,forbidden,-27.5,1889364,"family E: Eisenstein congruence, rational torsion/isogeny divides the congruence number"
torsion_structure,[7],odd_torsion,1,0,63.4,forbidden,-27.5,1889364,I
n_kod_I0s,1,v5_tamagawa,3,8,88.6,depleted,-27.5,1889364,same-group LOC
torsion_structure,[4],n_kod_III,2,0,63.4,forbidden,-27.5,1889364,family L: torsion/isogeny constrains local data (T4/T13/T17 type)
two_adic_label,X13,max_isogeny_degree,10,0,63.2,forbidden,-27.5,1841734,same-group GAL
two_adic_label,X4,max_isogeny_degree,9,0,63.4,forbidden,-27.5,1841734,same-group GAL
max_isogeny_degree,12,frac_zero,b3,0,63.1,forbidden,-27.4,1311066,T18/T5 (mod-l image fixes a_p mod l; c4=0 or c6=0 is CM)
v2_moddeg,2,n_kod_I0s,2,9,90.7,depleted,-27.3,1889364,"family P: Dummigan, Caro-Pasten bounds on v2(moddeg) from multiplicative primes"
two_adic_label,X10,class_size,6,0,62.9,forbidden,-27.3,1841734,same-group GAL
two_adic_label,X25,v2_moddeg,4,0,62.9,forbidden,-27.3,1841734,"family E: Eisenstein congruence, rational torsion/isogeny divides the congruence number"
two_adic_label,X9,class_size,6,0,62.9,forbidden,-27.3,1841734,same-group GAL
v2_torsion,3,v2_moddeg,4,3,73.9,depleted,-27.3,1889364,"family E: Eisenstein congruence, rational torsion/isogeny divides the congruence number"
two_adic_log_index,6,v3_tamagawa,2,0,62.8,forbidden,-27.3,1885114,family L: torsion/isogeny constrains local data (T4/T13/T17 type)
n_torsion_gens,2,max_isogeny_degree,18,0,62.7,forbidden,-27.2,1889364,same-group GAL
n_kod_IIs,2,n_intpts_x,5,0,62.5,forbidden,-27.1,1889364,U3 (likely via model size: T15)
torsion_structure,[5],n_kod_Ins,2,0,62.5,forbidden,-27.1,1889364,family L: torsion/isogeny constrains local data (T4/T13/T17 type)
two_adic_label,X13g,max_isogeny_degree,9,0,62.2,forbidden,-27.0,1841734,same-group GAL
c4_sign,0,n_nonsplit_mult,4,0,62.2,forbidden,-27.0,1889364,T4 (local data and equation)
two_adic_label,X8c,max_isogeny_degree,9,0,62.2,forbidden,-27.0,1841734,same-group GAL
two_adic_level,8,v5_tamagawa,3,2,70.0,depleted,-27.0,1885114,family L: torsion/isogeny constrains local data (T4/T13/T17 type)
two_adic_label,X13e,max_isogeny_degree,9,0,62.2,forbidden,-27.0,1841734,same-group GAL
torsion_structure,"[2,6]",v3_tamagawa,0,0,62.1,forbidden,-27.0,1889364,T13
max_isogeny_degree,8,v2_moddeg,1,7,84.6,depleted,-27.0,1889364,"family E: Eisenstein congruence, rational torsion/isogeny divides the congruence number"
two_adic_label,X13c,max_isogeny_degree,9,0,62.2,forbidden,-27.0,1841734,same-group GAL
v2_moddeg,0,log_regulator,b3,0,62.2,forbidden,-27.0,1889364,same-group AN
n_nonsplit_mult,4,n_kod_IIs,2,0,62.1,forbidden,-27.0,1889364,same-group LOC
v5_tamagawa,3,petersson_resid,b0,8,87.1,depleted,-26.9,1889364,"T4+T12 (Tamagawa tracks v_p(Delta), hence the covolume in the residual)"
max_isogeny_degree,10,v2_moddeg,4,8,87.1,depleted,-26.9,1889364,"family E: Eisenstein congruence, rational torsion/isogeny divides the congruence number"
torsion_structure,[8],class_size,1,0,61.9,forbidden,-26.9,1889364,same-group GAL
torsion_structure,[8],max_isogeny_degree,1,0,61.9,forbidden,-26.9,1889364,same-group GAL
torsion_structure,[5],v2_torsion,2,0,62.0,forbidden,-26.9,1889364,I
two_adic_label,X44,n_bad_primes,2,0,61.6,forbidden,-26.8,1841734,family L: torsion/isogeny constrains local data (T4/T13/T17 type)
two_adic_label,X38,n_bad_primes,2,0,61.6,forbidden,-26.8,1841734,family L: torsion/isogeny constrains local data (T4/T13/T17 type)
odd_torsion,5,n_kod_IIs,1,0,61.8,forbidden,-26.8,1889364,family L: torsion/isogeny constrains local data (T4/T13/T17 type)
torsion_structure,[8],n_nonsurj_primes,0,0,61.7,forbidden,-26.8,1889364,same-group GAL
max_isogeny_degree,10,v3_moddeg,5,0,61.5,forbidden,-26.7,1889364,"family E: Eisenstein congruence, rational torsion/isogeny divides the congruence number"
torsion_structure,[8],v2_torsion,1,0,61.4,forbidden,-26.7,1889364,I
torsion_structure,"[2,4]",n_bad_primes,2,5,78.5,depleted,-26.7,1889364,family L: torsion/isogeny constrains local data (T4/T13/T17 type)
two_adic_label,X13,max_isogeny_degree,18,0,61.4,forbidden,-26.7,1841734,same-group GAL
two_adic_log_index,4,v3_moddeg,8+,0,61.5,forbidden,-26.7,1885114,"family E: Eisenstein congruence, rational torsion/isogeny divides the congruence number"
max_isogeny_degree,16,petersson_resid,b7,0,61.6,forbidden,-26.7,1311066,family E/T10 (Eisenstein congruences; CM symmetric square)
v2_moddeg,1,n_bad_primes,6+,0,61.5,forbidden,-26.7,1889364,"family P: Dummigan, Caro-Pasten bounds on v2(moddeg) from multiplicative primes"
two_adic_level,32,n_kod_IIs,1,0,61.2,forbidden,-26.6,1885114,family L: torsion/isogeny constrains local data (T4/T13/T17 type)
max_isogeny_degree,13,n_additive,0,0,61.2,forbidden,-26.6,1311066,family L: torsion/isogeny constrains local data (T4/T13/T17 type)
two_adic_level,4,max_isogeny_degree,25,0,61.3,forbidden,-26.6,1885114,same-group GAL
two_adic_label,X44,v2_moddeg,4,0,61.2,forbidden,-26.6,1841734,"family E: Eisenstein congruence, rational torsion/isogeny divides the congruence number"
two_adic_label,X38,v2_moddeg,4,0,61.2,forbidden,-26.6,1841734,"family E: Eisenstein congruence, rational torsion/isogeny divides the congruence number"
max_isogeny_degree,12,frac_zero,b2,0,61.0,forbidden,-26.5,1311066,T18/T5 (mod-l image fixes a_p mod l; c4=0 or c6=0 is CM)
two_adic_label,X25,n_bad_primes,2,0,60.8,forbidden,-26.4,1841734,family L: torsion/isogeny constrains local data (T4/T13/T17 type)
torsion_structure,"[2,2]",max_isogeny_degree,18,0,60.5,forbidden,-26.3,1889364,same-group GAL
torsion_structure,[4],n_kod_IIIs,2,0,60.5,forbidden,-26.3,1889364,family L: torsion/isogeny constrains local data (T4/T13/T17 type)
n_nonsplit_mult,3,v5_tamagawa,3,5,77.5,depleted,-26.3,1889364,same-group LOC
two_adic_label,X36,n_nonsurj_primes,2,0,60.6,forbidden,-26.3,1841734,same-group GAL
torsion_structure,[4],n_nonsplit_mult,5+,4,74.5,depleted,-26.2,1889364,family L: torsion/isogeny constrains local data (T4/T13/T17 type)
v2_moddeg,0,n_split_mult,3,0,60.4,forbidden,-26.2,1889364,"family P: Dummigan, Caro-Pasten bounds on v2(moddeg) from multiplicative primes"
two_adic_label,X34,n_nonsurj_primes,2,0,60.4,forbidden,-26.2,1841734,same-group GAL
two_adic_label,X2,n_bad_primes,6+,0,60.4,forbidden,-26.2,1841734,family L: torsion/isogeny constrains local data (T4/T13/T17 type)
torsion_structure,[5],n_kod_IIs,1,0,59.9,forbidden,-26.0,1889364,family L: torsion/isogeny constrains local data (T4/T13/T17 type)
max_isogeny_degree,13,has_2_isog,1,0,59.8,forbidden,-26.0,1311066,same-group GAL
v2_moddeg,0,log_regulator,b4,0,59.9,forbidden,-26.0,1889364,same-group AN
max_isogeny_degree,18,v7_tamagawa,1,0,59.6,forbidden,-25.9,1889364,family L: torsion/isogeny constrains local data (T4/T13/T17 type)
exceptional_image,1,two_adic_log_index,5,0,59.6,forbidden,-25.9,1885114,same-group GAL
max_isogeny_degree,6,v2_moddeg,1,8,84.4,depleted,-25.8,1889364,"family E: Eisenstein congruence, rational torsion/isogeny divides the congruence number"
max_isogeny_degree,25,has_2_isog,1,0,59.4,forbidden,-25.8,1311066,same-group GAL
two_adic_label,X33,v2_moddeg,3,0,59.4,forbidden,-25.8,1841734,"family E: Eisenstein congruence, rational torsion/isogeny divides the congruence number"
max_isogeny_degree,13,frac_even,b4,4,73.2,depleted,-25.7,1311066,T18/T5 (mod-l image fixes a_p mod l; c4=0 or c6=0 is CM)
max_isogeny_degree,9,v5_tamagawa,2,0,59.1,forbidden,-25.7,1889364,family L: torsion/isogeny constrains local data (T4/T13/T17 type)
has_3_isog,1,v5_tamagawa,3,2,66.6,depleted,-25.6,1889364,family L: torsion/isogeny constrains local data (T4/T13/T17 type)
class_size,2,max_isogeny_degree,25,0,59.0,forbidden,-25.6,1311066,same-group GAL
two_adic_label,X5,n_nonsplit_mult,4,1,62.8,depleted,-25.5,1841734,family L: torsion/isogeny constrains local data (T4/T13/T17 type)
v2_moddeg,0,log_abs_c4,b6,0,58.7,forbidden,-25.5,1889364,family M: valuations track the size of moddeg (T12)
v2_moddeg,0,frac_zero,b3,3,69.7,depleted,-25.5,1889364,C7/T3 via conductor and bad primes
torsion_structure,[3],two_adic_label,X36,0,58.7,forbidden,-25.5,1841734,same-group GAL
n_bad_primes,2,v7_tamagawa,2,1,62.7,depleted,-25.4,1889364,same-group LOC
odd_torsion,3,two_adic_log_index,6,0,58.6,forbidden,-25.4,1885114,same-group GAL
two_adic_label,X9,exceptional_image,1,0,58.4,forbidden,-25.4,1841734,same-group GAL
two_adic_label,X10,exceptional_image,1,0,58.4,forbidden,-25.4,1841734,same-group GAL
two_adic_label,X11,v2_moddeg,4,0,58.4,forbidden,-25.4,1841734,"family E: Eisenstein congruence, rational torsion/isogeny divides the congruence number"
two_adic_label,X25,v7_tamagawa,1,2,66.0,depleted,-25.3,1841734,family L: torsion/isogeny constrains local data (T4/T13/T17 type)
max_isogeny_degree,27,n_kod_In,2,0,58.3,forbidden,-25.3,1889364,family L: torsion/isogeny constrains local data (T4/T13/T17 type)
two_adic_label,X11,v7_tamagawa,1,0,58.2,forbidden,-25.3,1841734,family L: torsion/isogeny constrains local data (T4/T13/T17 type)
two_adic_label,X36,v3_moddeg,6,0,58.1,forbidden,-25.2,1841734,"family E: Eisenstein congruence, rational torsion/isogeny divides the congruence number"
class_size,1,max_isogeny_degree,15,0,58.1,forbidden,-25.2,1311066,same-group GAL
has_5_isog,1,v3_moddeg,7,4,71.6,depleted,-25.1,1889364,"family E: Eisenstein congruence, rational torsion/isogeny divides the congruence number"
two_adic_label,X32,v7_tamagawa,1,0,57.7,forbidden,-25.1,1841734,family L: torsion/isogeny constrains local data (T4/T13/T17 type)
torsion_structure,[3],max_isogeny_degree,7,0,57.7,forbidden,-25.1,1889364,same-group GAL
v2_torsion,2,v7_tamagawa,2,5,74.4,depleted,-25.0,1889364,family L: torsion/isogeny constrains local data (T4/T13/T17 type)
two_adic_label,X8,is_cm,1,0,57.6,forbidden,-25.0,1841734,same-group GAL
torsion_structure,"[2,4]",v2_moddeg,4,2,65.3,depleted,-25.0,1889364,"family E: Eisenstein congruence, rational torsion/isogeny divides the congruence number"
two_adic_label,X9c,n_kod_In,0,0,57.2,forbidden,-24.9,1841734,family L: torsion/isogeny constrains local data (T4/T13/T17 type)
two_adic_label,X10a,n_kod_In,0,0,57.2,forbidden,-24.9,1841734,family L: torsion/isogeny constrains local data (T4/T13/T17 type)
two_adic_label,X13e,has_5_isog,1,0,57.0,forbidden,-24.8,1841734,same-group GAL
two_adic_label,X11,n_bad_primes,2,0,57.0,forbidden,-24.8,1841734,family L: torsion/isogeny constrains local data (T4/T13/T17 type)
two_adic_label,X17,n_kod_II,2,0,57.2,forbidden,-24.8,1841734,family L: torsion/isogeny constrains local data (T4/T13/T17 type)
two_adic_label,X16,n_kod_II,2,0,57.2,forbidden,-24.8,1841734,family L: torsion/isogeny constrains local data (T4/T13/T17 type)
max_isogeny_degree,21,n_kod_In,2,0,57.1,forbidden,-24.8,1889364,family L: torsion/isogeny constrains local data (T4/T13/T17 type)
rank_c,3,n_bad_primes,6+,2,64.8,depleted,-24.8,1311066,U7 (rank and reduction types; T16 for n_bad_primes)
torsion_structure,"[2,2]",v2_torsion,3,0,57.0,forbidden,-24.8,1889364,I
two_adic_label,X33,odd_torsion,3,0,57.2,forbidden,-24.8,1841734,same-group GAL
n_bad_primes,6+,n_kod_IV,2,0,57.1,forbidden,-24.8,1889364,same-group LOC
two_adic_label,X13c,has_5_isog,1,0,57.0,forbidden,-24.8,1841734,same-group GAL
two_adic_label,X13g,has_5_isog,1,0,57.0,forbidden,-24.8,1841734,same-group GAL
two_adic_label,X8c,has_5_isog,1,0,57.0,forbidden,-24.8,1841734,same-group GAL
two_adic_level,1,max_isogeny_degree,11,0,57.0,forbidden,-24.7,1885114,same-group GAL
max_isogeny_degree,11,two_adic_log_index,0,0,57.0,forbidden,-24.7,1885114,same-group GAL
v2_moddeg,0,log_regulator,b5,0,56.8,forbidden,-24.7,1889364,same-group AN
two_adic_label,X34,n_split_mult,4,8,81.5,depleted,-24.7,1841734,family L: torsion/isogeny constrains local data (T4/T13/T17 type)
two_adic_level,32,v3_tamagawa,2,0,56.9,forbidden,-24.7,1885114,family L: torsion/isogeny constrains local data (T4/T13/T17 type)
v2_torsion,3,n_additive,3,0,56.9,forbidden,-24.7,1889364,family L: torsion/isogeny constrains local data (T4/T13/T17 type)
two_adic_label,X44,v2_torsion,2,0,56.6,forbidden,-24.6,1841734,same-group GAL
two_adic_label,X11,v2_torsion,2,0,56.5,forbidden,-24.5,1841734,same-group GAL
odd_torsion,3,rank_c,3,7,78.4,depleted,-24.5,1889364,"C6 (rank and 2-, 3-torsion structure)"
two_adic_label,X25,v3_tamagawa,2,8,81.0,depleted,-24.5,1841734,family L: torsion/isogeny constrains local data (T4/T13/T17 type)
torsion_structure,[6],two_adic_label,X13h,0,56.1,forbidden,-24.4,1841734,same-group GAL
torsion_structure,[6],two_adic_label,X8d,0,56.1,forbidden,-24.4,1841734,same-group GAL
torsion_structure,"[2,6]",is_opt,1,0,56.2,forbidden,-24.4,1889364,T8
two_adic_label,X8,v3_moddeg,8+,3,66.9,depleted,-24.4,1841734,"family E: Eisenstein congruence, rational torsion/isogeny divides the congruence number"
max_isogeny_degree,25,log_j_height,b2,8,80.8,depleted,-24.4,1889364,family L: torsion/isogeny constrains local data (T4/T13/T17 type)
two_adic_label,X32,v2_moddeg,4,0,56.1,forbidden,-24.4,1841734,"family E: Eisenstein congruence, rational torsion/isogeny divides the congruence number"
v2_moddeg,0,log_abs_disc,b7,0,55.6,forbidden,-24.2,1889364,family M: valuations track the size of moddeg (T12)
max_isogeny_degree,25,log_j_height,b4,6,75.0,depleted,-24.2,1889364,family L: torsion/isogeny constrains local data (T4/T13/T17 type)
two_adic_label,X15,n_kod_IVs,2,0,55.8,forbidden,-24.2,1841734,family L: torsion/isogeny constrains local data (T4/T13/T17 type)
v2_moddeg,0,log_area,b0,0,55.7,forbidden,-24.2,1889364,same-group AN
v2_moddeg,0,log_odd_moddeg,b1,8,80.2,depleted,-24.2,1889364,same-group AN
two_adic_label,X19,n_kod_IVs,2,0,55.8,forbidden,-24.2,1841734,family L: torsion/isogeny constrains local data (T4/T13/T17 type)
torsion_structure,[3],two_adic_label,X34,0,55.3,forbidden,-24.0,1841734,same-group GAL
torsion_structure,[3],two_adic_label,X9d,0,55.2,forbidden,-24.0,1841734,same-group GAL
torsion_structure,[3],two_adic_label,X10d,0,55.2,forbidden,-24.0,1841734,same-group GAL
v3_moddeg,4,c6_sign,0,6,74.6,depleted,-24.0,1889364,T10 (c4=0 or c6=0 is a CM curve with j=0 or 1728)
two_adic_label,X9c,n_bad_primes,6+,2,62.5,depleted,-23.9,1841734,family L: torsion/isogeny constrains local data (T4/T13/T17 type)
two_adic_label,X10a,n_bad_primes,6+,2,62.5,depleted,-23.9,1841734,family L: torsion/isogeny constrains local data (T4/T13/T17 type)
two_adic_label,X32,v2_torsion,2,0,55.1,forbidden,-23.9,1841734,same-group GAL
two_adic_label,X48,n_bad_primes,2,0,55.1,forbidden,-23.9,1841734,family L: torsion/isogeny constrains local data (T4/T13/T17 type)
v2_moddeg,0,n_nonsplit_mult,3,0,54.9,forbidden,-23.9,1889364,"family P: Dummigan, Caro-Pasten bounds on v2(moddeg) from multiplicative primes"
class_size,8,n_bad_primes,2,4,68.7,depleted,-23.9,1311066,family L: torsion/isogeny constrains local data (T4/T13/T17 type)
two_adic_label,X46,n_bad_primes,2,0,55.1,forbidden,-23.9,1841734,family L: torsion/isogeny constrains local data (T4/T13/T17 type)
max_isogeny_degree,15,v3_moddeg,0,4,68.6,depleted,-23.8,1889364,"family E: Eisenstein congruence, rational torsion/isogeny divides the congruence number"
max_isogeny_degree,18,bad_at_2,0,0,54.7,forbidden,-23.8,1311066,family L: torsion/isogeny constrains local data (T4/T13/T17 type)
two_adic_label,X46,v2_moddeg,4,0,54.5,forbidden,-23.7,1841734,"family E: Eisenstein congruence, rational torsion/isogeny divides the congruence number"
two_adic_label,X48,v2_moddeg,4,0,54.5,forbidden,-23.7,1841734,"family E: Eisenstein congruence, rational torsion/isogeny divides the congruence number"
n_additive,1,n_kod_IVs,3+,0,54.6,forbidden,-23.7,1889364,same-group LOC
max_isogeny_degree,8,v3_moddeg,8+,0,54.4,forbidden,-23.6,1889364,"family E: Eisenstein congruence, rational torsion/isogeny divides the congruence number"
torsion_structure,[8],class_size,2,0,54.2,forbidden,-23.6,1889364,same-group GAL
two_adic_label,X32,n_bad_primes,2,0,54.3,forbidden,-23.6,1841734,family L: torsion/isogeny constrains local data (T4/T13/T17 type)
torsion_structure,[4],is_cm,1,3,65.0,depleted,-23.6,1889364,same-group GAL
torsion_structure,[6],class_size,3,0,54.1,forbidden,-23.5,1889364,same-group GAL
has_2_isog,1,n_kod_IVs,3+,0,54.0,forbidden,-23.5,1889364,family L: torsion/isogeny constrains local data (T4/T13/T17 type)
c6_sign,0,n_kod_IV,1,0,54.0,forbidden,-23.5,1889364,T4 (local data and equation)
v2_moddeg,0,log_odd_tamagawa,b2,3,64.9,depleted,-23.5,1889364,"U1 (check Agashe-Ribet-Stein, Emerton: component groups and the congruence number)"
v2_moddeg,0,log_abs_disc,b6,1,58.1,depleted,-23.5,1889364,family M: valuations track the size of moddeg (T12)
v2_moddeg,2,n_kod_Ins,3+,0,54.1,forbidden,-23.5,1889364,"family P: Dummigan, Caro-Pasten bounds on v2(moddeg) from multiplicative primes"
v2_moddeg,0,log_area,b1,1,58.2,depleted,-23.5,1889364,same-group AN
two_adic_label,X33,n_nonsurj_primes,2,0,54.1,forbidden,-23.5,1841734,same-group GAL
v2_moddeg,1,n_intpts_x,7,0,54.0,forbidden,-23.5,1889364,U3 (likely via model size: T15)
v2_moddeg,0,log_j_height,b7,1,57.9,depleted,-23.4,1889364,family M: valuations track the size of moddeg (T12)
max_isogeny_degree,25,two_adic_log_index,3,0,53.7,forbidden,-23.3,1885114,same-group GAL
torsion_structure,"[2,6]",log_odd_tamagawa,b0,0,53.4,forbidden,-23.2,1889364,family L: torsion/isogeny constrains local data (T4/T13/T17 type)
class_size,3,n_kod_IVs,2,0,53.5,forbidden,-23.2,1889364,family L: torsion/isogeny constrains local data (T4/T13/T17 type)
two_adic_label,X36n,n_torsion_gens,2,0,53.3,forbidden,-23.2,1841734,same-group GAL
torsion_structure,[3],has_7_isog,1,4,67.0,depleted,-23.2,1889364,same-group GAL
two_adic_label,X36l,n_torsion_gens,2,0,53.3,forbidden,-23.2,1841734,same-group GAL
two_adic_label,X13d,n_nonsplit_mult,5+,1,57.3,depleted,-23.1,1841734,family L: torsion/isogeny constrains local data (T4/T13/T17 type)
two_adic_label,X8d,n_nonsplit_mult,5+,1,57.3,depleted,-23.1,1841734,family L: torsion/isogeny constrains local data (T4/T13/T17 type)
two_adic_label,X13f,n_nonsplit_mult,5+,1,57.3,depleted,-23.1,1841734,family L: torsion/isogeny constrains local data (T4/T13/T17 type)
torsion_structure,"[2,2]",two_adic_label,X36l,0,53.2,forbidden,-23.1,1841734,same-group GAL
two_adic_label,X13h,n_nonsplit_mult,5+,1,57.3,depleted,-23.1,1841734,family L: torsion/isogeny constrains local data (T4/T13/T17 type)
class_size,1,max_isogeny_degree,11,0,53.2,forbidden,-23.1,1311066,same-group GAL
torsion_structure,"[2,2]",two_adic_label,X36n,0,53.2,forbidden,-23.1,1841734,same-group GAL
torsion_structure,[4],two_adic_label,X3,0,52.9,forbidden,-23.0,1841734,same-group GAL
two_adic_label,X9,max_isogeny_degree,8,0,52.7,forbidden,-22.9,1841734,same-group GAL
two_adic_label,X8,n_bad_primes,1,0,52.8,forbidden,-22.9,1841734,family L: torsion/isogeny constrains local data (T4/T13/T17 type)
two_adic_label,X10,max_isogeny_degree,8,0,52.7,forbidden,-22.9,1841734,same-group GAL
n_kod_IIs,2,n_intpts_x,10+,0,52.6,forbidden,-22.8,1889364,U3 (likely via model size: T15)
two_adic_label,X8,v2_moddeg,1,0,52.4,forbidden,-22.7,1841734,"family E: Eisenstein congruence, rational torsion/isogeny divides the congruence number"
max_isogeny_degree,10,v7_moddeg,2,0,52.3,forbidden,-22.7,1889364,"family E: Eisenstein congruence, rational torsion/isogeny divides the congruence number"
v5_tamagawa,4+,log_odd_tamagawa,b0,0,52.4,forbidden,-22.7,1889364,same-group LOC
v2_moddeg,0,log_omega,b0,1,56.3,depleted,-22.7,1889364,same-group AN
c6_sign,0,n_kod_Ins,2,0,52.1,forbidden,-22.6,1889364,T4 (local data and equation)
v2_moddeg,0,log_abs_c4,b7,1,56.2,depleted,-22.6,1889364,family M: valuations track the size of moddeg (T12)
two_adic_label,X17,is_cm,1,0,51.8,forbidden,-22.5,1841734,same-group GAL
two_adic_label,X16,is_cm,1,0,51.8,forbidden,-22.5,1841734,same-group GAL
n_split_mult,4,n_additive,4+,0,51.9,forbidden,-22.5,1311066,same-group LOC
max_isogeny_degree,25,n_kod_IVs,1,0,51.9,forbidden,-22.5,1889364,family L: torsion/isogeny constrains local data (T4/T13/T17 type)
torsion_structure,"[2,4]",n_additive,3,0,51.6,forbidden,-22.4,1889364,family L: torsion/isogeny constrains local data (T4/T13/T17 type)
max_isogeny_degree,13,log_odd_tamagawa,b2,0,51.4,forbidden,-22.3,1889364,family L: torsion/isogeny constrains local data (T4/T13/T17 type)
max_isogeny_degree,9,n_kod_IVs,2,0,51.3,forbidden,-22.3,1889364,family L: torsion/isogeny constrains local data (T4/T13/T17 type)
torsion_structure,[6],max_isogeny_degree,9,0,51.1,forbidden,-22.2,1889364,same-group GAL
two_adic_log_index,3,v5_tamagawa,3,0,50.9,forbidden,-22.1,1885114,family L: torsion/isogeny constrains local data (T4/T13/T17 type)
v7_sha,2,n_intpts_x,4,0,50.8,forbidden,-22.1,1889364,"U3 (likely via rank and period: T15, I1)"
max_isogeny_degree,27,is_cm,0,0,50.6,forbidden,-22.0,1311066,same-group GAL
n_nonsplit_mult,2,n_kod_I0s,3+,0,50.5,forbidden,-21.9,1889364,same-group LOC
two_adic_label,X16,n_kod_III,2,0,50.3,forbidden,-21.8,1841734,family L: torsion/isogeny constrains local data (T4/T13/T17 type)
two_adic_label,X7,v2_torsion,2,0,50.3,forbidden,-21.8,1841734,same-group GAL
two_adic_level,2,max_isogeny_degree,21,0,50.1,forbidden,-21.8,1885114,same-group GAL
two_adic_label,X5,n_nonsurj_primes,2,0,50.2,forbidden,-21.8,1841734,same-group GAL
two_adic_level,32,n_torsion_gens,2,0,50.2,forbidden,-21.8,1885114,same-group GAL
two_adic_label,X17,n_kod_III,2,0,50.3,forbidden,-21.8,1841734,family L: torsion/isogeny constrains local data (T4/T13/T17 type)
torsion_structure,[6],v2_moddeg,2,7,71.3,depleted,-21.7,1889364,"family E: Eisenstein congruence, rational torsion/isogeny divides the congruence number"
two_adic_label,X48,v2_torsion,2,0,49.9,forbidden,-21.7,1841734,same-group GAL
max_isogeny_degree,16,v3_moddeg,6,0,50.1,forbidden,-21.7,1889364,"family E: Eisenstein congruence, rational torsion/isogeny divides the congruence number"
c4_sign,0,n_intpts_x,10+,2,57.3,depleted,-21.7,1889364,U3 (likely via model size: T15)
max_isogeny_degree,21,has_7_isog,0,0,49.9,forbidden,-21.7,1311066,same-group GAL
max_isogeny_degree,27,v2_tamagawa,4+,0,49.6,forbidden,-21.6,1889364,family L: torsion/isogeny constrains local data (T4/T13/T17 type)
v2_moddeg,2,n_split_mult,5+,0,49.7,forbidden,-21.6,1889364,"family P: Dummigan, Caro-Pasten bounds on v2(moddeg) from multiplicative primes"
odd_torsion,3,n_kod_IIs,2,0,49.7,forbidden,-21.6,1889364,family L: torsion/isogeny constrains local data (T4/T13/T17 type)
c6_sign,0,n_kod_IIs,1,0,49.8,forbidden,-21.6,1889364,T4 (local data and equation)
torsion_structure,[8],n_intpts_x,0,0,49.6,forbidden,-21.6,1889364,T15
two_adic_label,X6,max_isogeny_degree,27,0,49.6,forbidden,-21.5,1841734,same-group GAL
two_adic_label,X13h,n_kod_II,2,0,49.4,forbidden,-21.5,1841734,family L: torsion/isogeny constrains local data (T4/T13/T17 type)
two_adic_label,X8d,n_kod_II,2,0,49.4,forbidden,-21.5,1841734,family L: torsion/isogeny constrains local data (T4/T13/T17 type)
n_bad_primes,6+,n_kod_IIs,2,0,49.5,forbidden,-21.5,1889364,same-group LOC
two_adic_label,X13d,n_kod_II,2,0,49.4,forbidden,-21.5,1841734,family L: torsion/isogeny constrains local data (T4/T13/T17 type)
two_adic_label,X13f,n_kod_II,2,0,49.4,forbidden,-21.5,1841734,family L: torsion/isogeny constrains local data (T4/T13/T17 type)
v2_moddeg,0,log_area,b2,3,60.0,depleted,-21.5,1889364,same-group AN
two_adic_label,X2,max_isogeny_degree,6,0,49.3,forbidden,-21.4,1841734,same-group GAL
two_adic_level,16,v3_moddeg,7,0,49.3,forbidden,-21.4,1885114,"family E: Eisenstein congruence, rational torsion/isogeny divides the congruence number"
torsion_structure,[3],two_adic_label,X33,0,49.2,forbidden,-21.4,1841734,same-group GAL
max_isogeny_degree,21,v2_tamagawa,4+,0,49.1,forbidden,-21.3,1889364,family L: torsion/isogeny constrains local data (T4/T13/T17 type)
two_adic_label,X6,max_isogeny_degree,21,0,48.9,forbidden,-21.3,1841734,same-group GAL
class_size,8,max_isogeny_degree,3,0,48.8,forbidden,-21.2,1311066,same-group GAL
rank_c,2,v2_moddeg,0,0,48.8,forbidden,-21.2,1889364,C1
two_adic_label,X16,n_kod_IIIs,2,0,48.8,forbidden,-21.2,1841734,family L: torsion/isogeny constrains local data (T4/T13/T17 type)
two_adic_label,X8,rank_c,3,3,59.3,depleted,-21.2,1841734,"C6 (rank and 2-, 3-torsion structure)"
two_adic_label,X17,n_kod_IIIs,2,0,48.8,forbidden,-21.2,1841734,family L: torsion/isogeny constrains local data (T4/T13/T17 type)
max_isogeny_degree,11,n_kod_In,2,0,48.3,forbidden,-21.0,1889364,family L: torsion/isogeny constrains local data (T4/T13/T17 type)
v5_moddeg,0,v5_tamagawa,4+,0,48.4,forbidden,-21.0,1889364,"U1 (check Agashe-Ribet-Stein, Emerton: component groups and the congruence number)"
n_kod_III,2,v3_tamagawa,3,5,64.3,depleted,-21.0,1889364,same-group LOC
v2_torsion,1,n_kod_IVs,3+,0,48.3,forbidden,-21.0,1889364,family L: torsion/isogeny constrains local data (T4/T13/T17 type)
two_adic_level,32,v2_moddeg,4,5,64.1,depleted,-20.9,1885114,"family E: Eisenstein congruence, rational torsion/isogeny divides the congruence number"
torsion_structure,[6],has_5_isog,1,0,48.1,forbidden,-20.9,1889364,same-group GAL
torsion_structure,"[2,2]",two_adic_level,32,0,48.1,forbidden,-20.9,1885114,same-group GAL
v2_moddeg,2,n_nonsplit_mult,5+,0,48.2,forbidden,-20.9,1889364,"family P: Dummigan, Caro-Pasten bounds on v2(moddeg) from multiplicative primes"
torsion_structure,[2],n_kod_IVs,3+,0,48.0,forbidden,-20.8,1889364,family L: torsion/isogeny constrains local data (T4/T13/T17 type)
two_adic_log_index,6,v7_tamagawa,1,0,48.0,forbidden,-20.8,1885114,family L: torsion/isogeny constrains local data (T4/T13/T17 type)
torsion_structure,[8],bad_at_3,0,0,47.9,forbidden,-20.8,1889364,T17
two_adic_label,X17,n_bad_primes,1,0,47.9,forbidden,-20.8,1841734,family L: torsion/isogeny constrains local data (T4/T13/T17 type)
two_adic_label,X16,n_bad_primes,1,0,47.9,forbidden,-20.8,1841734,family L: torsion/isogeny constrains local data (T4/T13/T17 type)
n_kod_I0s,2,n_kod_Ins,3+,0,47.9,forbidden,-20.8,1889364,same-group LOC
max_isogeny_degree,13,two_adic_log_index,2,0,47.8,forbidden,-20.8,1885114,same-group GAL
two_adic_label,X13d,v3_tamagawa,4+,2,55.0,depleted,-20.7,1841734,family L: torsion/isogeny constrains local data (T4/T13/T17 type)
n_bad_primes,1,v3_tamagawa,3,0,47.7,forbidden,-20.7,1889364,same-group LOC
two_adic_label,X13h,v3_tamagawa,4+,2,55.0,depleted,-20.7,1841734,family L: torsion/isogeny constrains local data (T4/T13/T17 type)
two_adic_label,X13f,v3_tamagawa,4+,2,55.0,depleted,-20.7,1841734,family L: torsion/isogeny constrains local data (T4/T13/T17 type)
two_adic_label,CM,class_size,3,0,47.7,forbidden,-20.7,1841734,same-group GAL
two_adic_label,X8d,v3_tamagawa,4+,2,55.0,depleted,-20.7,1841734,family L: torsion/isogeny constrains local data (T4/T13/T17 type)
two_adic_label,X8,two_adic_log_index,4,0,47.6,forbidden,-20.7,1837484,same-group GAL
max_isogeny_degree,14,n_kod_In,2,0,47.7,forbidden,-20.7,1889364,family L: torsion/isogeny constrains local data (T4/T13/T17 type)
two_adic_label,X48,v3_tamagawa,2,4,61.0,depleted,-20.7,1841734,family L: torsion/isogeny constrains local data (T4/T13/T17 type)
two_adic_label,X46,v3_tamagawa,2,4,61.0,depleted,-20.7,1841734,family L: torsion/isogeny constrains local data (T4/T13/T17 type)
two_adic_log_index,5,v3_moddeg,7,0,47.5,forbidden,-20.6,1885114,"family E: Eisenstein congruence, rational torsion/isogeny divides the congruence number"
two_adic_label,X5,n_bad_primes,6+,0,47.3,forbidden,-20.6,1841734,family L: torsion/isogeny constrains local data (T4/T13/T17 type)
max_isogeny_degree,15,log_j_height,b2,0,47.5,forbidden,-20.6,1889364,family L: torsion/isogeny constrains local data (T4/T13/T17 type)
n_split_mult,2,n_kod_I0s,3+,1,51.0,depleted,-20.5,1889364,same-group LOC
n_torsion_gens,2,odd_torsion,5,0,47.3,forbidden,-20.5,1889364,same-group GAL
odd_torsion,7,v7_moddeg,0,1,51.1,depleted,-20.5,1889364,"family E: Eisenstein congruence, rational torsion/isogeny divides the congruence number"
has_5_isog,1,n_kod_IVs,2,0,47.3,forbidden,-20.5,1889364,family L: torsion/isogeny constrains local data (T4/T13/T17 type)
torsion_structure,[7],v7_moddeg,0,1,51.1,depleted,-20.5,1889364,"family E: Eisenstein congruence, rational torsion/isogeny divides the congruence number"
v5_sha,2,n_intpts_x,8,0,47.2,forbidden,-20.5,1889364,"U3 (likely via rank and period: T15, I1)"
max_isogeny_degree,27,has_3_isog,0,0,47.1,forbidden,-20.4,1311066,same-group GAL
torsion_structure,"[2,6]",n_nonsurj_primes,1,0,46.9,forbidden,-20.4,1889364,same-group GAL
torsion_structure,[4],has_7_isog,1,0,47.0,forbidden,-20.4,1889364,same-group GAL
two_adic_label,X13,odd_torsion,5,0,46.8,forbidden,-20.3,1841734,same-group GAL
two_adic_label,X36l,v2_moddeg,3,0,46.6,forbidden,-20.2,1841734,"family E: Eisenstein congruence, rational torsion/isogeny divides the congruence number"
two_adic_label,X36n,v2_moddeg,3,0,46.6,forbidden,-20.2,1841734,"family E: Eisenstein congruence, rational torsion/isogeny divides the congruence number"
torsion_structure,"[2,6]",disc_sign,-1,0,46.4,forbidden,-20.1,1889364,T7
max_isogeny_degree,21,has_3_isog,0,0,46.3,forbidden,-20.1,1311066,same-group GAL
v2_moddeg,0,log_regulator,b2,0,46.4,forbidden,-20.1,1889364,same-group AN
two_adic_label,X13f,is_cm,1,0,46.0,forbidden,-20.0,1841734,same-group GAL
max_isogeny_degree,21,v3_moddeg,1,4,59.2,depleted,-20.0,1889364,"family E: Eisenstein congruence, rational torsion/isogeny divides the congruence number"
two_adic_label,X13d,is_cm,1,0,46.0,forbidden,-20.0,1841734,same-group GAL
two_adic_label,X13h,is_cm,1,0,46.0,forbidden,-20.0,1841734,same-group GAL
max_isogeny_degree,25,n_additive,0,5,62.0,depleted,-20.0,1311066,family L: torsion/isogeny constrains local data (T4/T13/T17 type)
two_adic_label,X8d,is_cm,1,0,46.0,forbidden,-20.0,1841734,same-group GAL
v2_moddeg,0,log_omega,b1,4,58.9,depleted,-19.9,1889364,same-group AN
torsion_structure,"[2,2]",odd_torsion,5,0,45.8,forbidden,-19.9,1889364,I
odd_torsion,5,n_additive,3,0,45.5,forbidden,-19.8,1889364,family L: torsion/isogeny constrains local data (T4/T13/T17 type)
two_adic_label,X36,max_isogeny_degree,6,0,45.7,forbidden,-19.8,1841734,same-group GAL
c6_sign,0,v3_tamagawa,2,0,45.7,forbidden,-19.8,1889364,T4 (local data and equation)
torsion_structure,[5],two_adic_label,X13,0,45.5,forbidden,-19.8,1841734,same-group GAL
n_kod_In,3+,n_kod_IIIs,3+,0,45.6,forbidden,-19.8,1889364,same-group LOC
torsion_structure,[5],n_torsion_gens,2,0,45.4,forbidden,-19.7,1889364,I
n_additive,0,n_kod_I0s,3+,0,45.3,forbidden,-19.7,1889364,same-group LOC
n_nonsplit_mult,4,n_additive,4+,0,45.3,forbidden,-19.7,1311066,same-group LOC
two_adic_level,32,v7_tamagawa,1,0,45.3,forbidden,-19.7,1885114,family L: torsion/isogeny constrains local data (T4/T13/T17 type)
max_isogeny_degree,10,odd_torsion,3,0,45.3,forbidden,-19.7,1889364,same-group GAL
v7_moddeg,0,v7_tamagawa,3,0,45.0,forbidden,-19.6,1889364,"U1 (check Agashe-Ribet-Stein, Emerton: component groups and the congruence number)"
is_cm,1,n_split_mult,4,0,45.2,forbidden,-19.6,1311066,T10
torsion_structure,"[2,6]",two_adic_label,X1,0,45.2,forbidden,-19.6,1841734,same-group GAL
n_split_mult,5+,n_kod_I0s,2,0,45.1,forbidden,-19.6,1889364,same-group LOC
two_adic_label,CM,max_isogeny_degree,9,0,45.1,forbidden,-19.6,1841734,same-group GAL
max_isogeny_degree,5,v3_moddeg,7,4,58.3,depleted,-19.6,1889364,"family E: Eisenstein congruence, rational torsion/isogeny divides the congruence number"
two_adic_label,X8c,max_isogeny_degree,5,0,45.0,forbidden,-19.5,1841734,same-group GAL
two_adic_label,X13c,max_isogeny_degree,5,0,45.0,forbidden,-19.5,1841734,same-group GAL
two_adic_label,X13e,max_isogeny_degree,5,0,45.0,forbidden,-19.5,1841734,same-group GAL
v2_moddeg,0,log_abs_c4,b5,5,60.7,depleted,-19.5,1889364,family M: valuations track the size of moddeg (T12)
two_adic_label,X13g,max_isogeny_degree,5,0,45.0,forbidden,-19.5,1841734,same-group GAL
torsion_structure,"[2,6]",has_2_isog,0,0,44.8,forbidden,-19.4,1889364,same-group GAL
torsion_structure,"[2,6]",v2_torsion,0,0,44.8,forbidden,-19.4,1889364,I
two_adic_label,X34,max_isogeny_degree,6,0,44.6,forbidden,-19.4,1841734,same-group GAL
class_size,6,c4_sign,0,0,44.4,forbidden,-19.3,1889364,family L: torsion/isogeny constrains local data (T4/T13/T17 type)
max_isogeny_degree,15,log_j_height,b3,0,44.4,forbidden,-19.3,1889364,family L: torsion/isogeny constrains local data (T4/T13/T17 type)
torsion_structure,[5],n_additive,3,0,44.4,forbidden,-19.3,1889364,family L: torsion/isogeny constrains local data (T4/T13/T17 type)
v7_sha,2,v3_tamagawa,2,6,62.3,depleted,-19.2,1889364,C9/I1 (Sha and Tamagawa enter BSD as a product)
max_isogeny_degree,12,v2_moddeg,2,2,51.5,depleted,-19.2,1889364,"family E: Eisenstein congruence, rational torsion/isogeny divides the congruence number"
two_adic_label,X17,class_size,8,0,44.3,forbidden,-19.2,1841734,same-group GAL
v2_moddeg,0,log_abs_disc,b5,5,59.9,depleted,-19.2,1889364,family M: valuations track the size of moddeg (T12)
two_adic_label,X16,max_isogeny_degree,12,0,44.3,forbidden,-19.2,1841734,same-group GAL
two_adic_label,X16,class_size,8,0,44.3,forbidden,-19.2,1841734,same-group GAL
class_size,8,max_isogeny_degree,4,0,44.1,forbidden,-19.2,1311066,same-group GAL
two_adic_label,X17,max_isogeny_degree,12,0,44.3,forbidden,-19.2,1841734,same-group GAL
max_isogeny_degree,12,petersson_resid,b0,5,59.9,depleted,-19.2,1311066,family E/T10 (Eisenstein congruences; CM symmetric square)
v2_moddeg,0,log_area,b3,6,62.1,depleted,-19.1,1889364,same-group AN
torsion_structure,[8],n_split_mult,1,4,56.9,depleted,-19.1,1889364,family L: torsion/isogeny constrains local data (T4/T13/T17 type)
c4_sign,0,n_bad_primes,6+,0,43.9,forbidden,-19.1,1889364,T4 (local data and equation)
n_kod_II,2,n_intpts_x,8,2,51.1,depleted,-19.1,1889364,U3 (likely via model size: T15)
max_isogeny_degree,13,n_split_mult,2,5,59.4,depleted,-19.0,1311066,family L: torsion/isogeny constrains local data (T4/T13/T17 type)
torsion_structure,[4],n_bad_primes,1,6,62.0,depleted,-19.0,1889364,family L: torsion/isogeny constrains local data (T4/T13/T17 type)
v3_moddeg,6,n_bad_primes,1,6,62.0,depleted,-19.0,1889364,family M: valuations track the size of moddeg (T12)
v5_sha,2,v3_tamagawa,3,6,61.9,depleted,-19.0,1889364,C9/I1 (Sha and Tamagawa enter BSD as a product)
torsion_structure,"[2,6]",two_adic_level,1,0,43.5,forbidden,-18.9,1885114,same-group GAL
two_adic_label,X13h,n_kod_III,2,0,43.4,forbidden,-18.9,1841734,family L: torsion/isogeny constrains local data (T4/T13/T17 type)
torsion_structure,"[2,6]",two_adic_log_index,0,0,43.5,forbidden,-18.9,1885114,same-group GAL
n_kod_IIIs,2,n_intpts_x,8,1,47.4,depleted,-18.9,1889364,U3 (likely via model size: T15)
two_adic_label,X15,n_kod_II,2,0,43.4,forbidden,-18.9,1841734,family L: torsion/isogeny constrains local data (T4/T13/T17 type)
two_adic_label,X13f,n_kod_III,2,0,43.4,forbidden,-18.9,1841734,family L: torsion/isogeny constrains local data (T4/T13/T17 type)
two_adic_label,X10,n_kod_IVs,2,0,43.6,forbidden,-18.9,1841734,family L: torsion/isogeny constrains local data (T4/T13/T17 type)
torsion_structure,[3],n_kod_IIs,2,0,43.5,forbidden,-18.9,1889364,family L: torsion/isogeny constrains local data (T4/T13/T17 type)
two_adic_label,X13d,n_kod_III,2,0,43.4,forbidden,-18.9,1841734,family L: torsion/isogeny constrains local data (T4/T13/T17 type)
two_adic_label,X8d,n_kod_III,2,0,43.4,forbidden,-18.9,1841734,family L: torsion/isogeny constrains local data (T4/T13/T17 type)
two_adic_label,X19,n_kod_II,2,0,43.4,forbidden,-18.9,1841734,family L: torsion/isogeny constrains local data (T4/T13/T17 type)
two_adic_label,X9,n_kod_IVs,2,0,43.6,forbidden,-18.9,1841734,family L: torsion/isogeny constrains local data (T4/T13/T17 type)
max_isogeny_degree,10,st_m2,b6,3,53.5,depleted,-18.8,1311066,T18/T5 (mod-l image fixes a_p mod l)
two_adic_label,X36l,odd_torsion,3,0,43.2,forbidden,-18.8,1841734,same-group GAL
two_adic_label,X32,n_split_mult,4,0,43.3,forbidden,-18.8,1841734,family L: torsion/isogeny constrains local data (T4/T13/T17 type)
two_adic_label,X10a,v3_tamagawa,3,1,47.2,depleted,-18.8,1841734,family L: torsion/isogeny constrains local data (T4/T13/T17 type)
two_adic_label,X36n,odd_torsion,3,0,43.2,forbidden,-18.8,1841734,same-group GAL
two_adic_label,X9c,v3_tamagawa,3,1,47.2,depleted,-18.8,1841734,family L: torsion/isogeny constrains local data (T4/T13/T17 type)
n_additive,2,n_kod_I0s,3+,0,43.0,forbidden,-18.7,1889364,same-group LOC
max_isogeny_degree,15,log_j_height,b4,0,43.0,forbidden,-18.7,1889364,family L: torsion/isogeny constrains local data (T4/T13/T17 type)
two_adic_label,X11,n_split_mult,4,0,43.0,forbidden,-18.7,1841734,family L: torsion/isogeny constrains local data (T4/T13/T17 type)
torsion_structure,[8],n_intpts_x,1,0,43.2,forbidden,-18.7,1889364,T15
v2_moddeg,0,log_odd_tamagawa,b3,0,43.2,forbidden,-18.7,1889364,"U1 (check Agashe-Ribet-Stein, Emerton: component groups and the congruence number)"
max_isogeny_degree,13,n_nonsplit_mult,2,5,58.6,depleted,-18.7,1311066,family L: torsion/isogeny constrains local data (T4/T13/T17 type)
n_kod_I0s,3+,n_kod_Ins,1,5,58.3,depleted,-18.6,1889364,same-group LOC
torsion_structure,[4],two_adic_label,X10a,0,42.9,forbidden,-18.6,1841734,same-group GAL
torsion_structure,[4],two_adic_label,X9c,0,42.9,forbidden,-18.6,1841734,same-group GAL
max_isogeny_degree,18,frac_even,b1,0,42.9,forbidden,-18.6,1311066,T18/T5 (mod-l image fixes a_p mod l; c4=0 or c6=0 is CM)
two_adic_label,X13e,n_kod_I0s,2,0,42.6,forbidden,-18.5,1841734,family L: torsion/isogeny constrains local data (T4/T13/T17 type)
two_adic_label,X13c,n_kod_I0s,2,0,42.6,forbidden,-18.5,1841734,family L: torsion/isogeny constrains local data (T4/T13/T17 type)
n_kod_IIs,2,n_intpts_x,6,0,42.5,forbidden,-18.5,1889364,U3 (likely via model size: T15)
two_adic_label,X3,class_size,3,0,42.7,forbidden,-18.5,1841734,same-group GAL
max_isogeny_degree,18,frac_even,b0,0,42.6,forbidden,-18.5,1311066,T18/T5 (mod-l image fixes a_p mod l; c4=0 or c6=0 is CM)
two_adic_label,X13g,n_kod_I0s,2,0,42.6,forbidden,-18.5,1841734,family L: torsion/isogeny constrains local data (T4/T13/T17 type)
two_adic_label,X8c,n_kod_I0s,2,0,42.6,forbidden,-18.5,1841734,family L: torsion/isogeny constrains local data (T4/T13/T17 type)
class_size,8,exceptional_image,1,0,42.6,forbidden,-18.5,1889364,same-group GAL
n_nonsplit_mult,5+,n_kod_I0s,2,0,42.6,forbidden,-18.5,1889364,same-group LOC
v2_moddeg,2,n_kod_III,2,0,42.3,forbidden,-18.4,1889364,"family P: Dummigan, Caro-Pasten bounds on v2(moddeg) from multiplicative primes"
torsion_structure,"[2,6]",n_torsion_gens,0,0,42.4,forbidden,-18.4,1889364,I
torsion_structure,[3],two_adic_log_index,6,0,42.3,forbidden,-18.4,1885114,same-group GAL
max_isogeny_degree,27,c4_sign,-1,0,42.0,forbidden,-18.3,1889364,family L: torsion/isogeny constrains local data (T4/T13/T17 type)
two_adic_label,X13d,n_kod_IIIs,2,0,42.1,forbidden,-18.3,1841734,family L: torsion/isogeny constrains local data (T4/T13/T17 type)
two_adic_label,X13h,n_kod_IIIs,2,0,42.1,forbidden,-18.3,1841734,family L: torsion/isogeny constrains local data (T4/T13/T17 type)
two_adic_label,X13f,n_kod_IIIs,2,0,42.1,forbidden,-18.3,1841734,family L: torsion/isogeny constrains local data (T4/T13/T17 type)
two_adic_label,X8d,n_kod_IIIs,2,0,42.1,forbidden,-18.3,1841734,family L: torsion/isogeny constrains local data (T4/T13/T17 type)
two_adic_label,X11,n_torsion_gens,2,0,41.9,forbidden,-18.2,1841734,same-group GAL
two_adic_label,X36l,n_nonsurj_primes,2,0,41.9,forbidden,-18.2,1841734,same-group GAL
max_isogeny_degree,14,has_7_isog,0,0,41.9,forbidden,-18.2,1311066,same-group GAL
torsion_structure,"[2,2]",two_adic_label,X11,0,41.9,forbidden,-18.2,1841734,same-group GAL
max_isogeny_degree,14,is_cm,0,0,41.8,forbidden,-18.2,1311066,same-group GAL
max_isogeny_degree,18,frac_zero,b0,0,41.9,forbidden,-18.2,1311066,T18/T5 (mod-l image fixes a_p mod l; c4=0 or c6=0 is CM)
two_adic_label,X36n,n_nonsurj_primes,2,0,41.9,forbidden,-18.2,1841734,same-group GAL
two_adic_label,X13h,n_bad_primes,1,0,41.7,forbidden,-18.1,1841734,family L: torsion/isogeny constrains local data (T4/T13/T17 type)
two_adic_label,X8d,n_bad_primes,1,0,41.7,forbidden,-18.1,1841734,family L: torsion/isogeny constrains local data (T4/T13/T17 type)
two_adic_label,X13f,n_bad_primes,1,0,41.7,forbidden,-18.1,1841734,family L: torsion/isogeny constrains local data (T4/T13/T17 type)
two_adic_label,X13d,n_bad_primes,1,0,41.7,forbidden,-18.1,1841734,family L: torsion/isogeny constrains local data (T4/T13/T17 type)
max_isogeny_degree,15,log_j_height,b5,0,41.6,forbidden,-18.1,1889364,family L: torsion/isogeny constrains local data (T4/T13/T17 type)
n_nonsurj_primes,2,v2_torsion,3,0,41.6,forbidden,-18.1,1889364,same-group GAL
two_adic_label,X44,n_torsion_gens,2,0,41.6,forbidden,-18.1,1841734,same-group GAL
max_isogeny_degree,18,frac_zero,b1,0,41.4,forbidden,-18.0,1311066,T18/T5 (mod-l image fixes a_p mod l; c4=0 or c6=0 is CM)
two_adic_label,X36n,n_nonsplit_mult,4,0,41.4,forbidden,-18.0,1841734,family L: torsion/isogeny constrains local data (T4/T13/T17 type)
two_adic_label,X36l,n_nonsplit_mult,4,0,41.4,forbidden,-18.0,1841734,family L: torsion/isogeny constrains local data (T4/T13/T17 type)
max_isogeny_degree,8,c4_sign,0,0,41.4,forbidden,-18.0,1889364,family L: torsion/isogeny constrains local data (T4/T13/T17 type)
max_isogeny_degree,18,frac_even,b2,0,41.6,forbidden,-18.0,1311066,T18/T5 (mod-l image fixes a_p mod l; c4=0 or c6=0 is CM)
torsion_structure,[8],max_isogeny_degree,2,0,41.5,forbidden,-18.0,1889364,same-group GAL
torsion_structure,[4],two_adic_label,CM,3,51.6,depleted,-18.0,1841734,same-group GAL
torsion_structure,"[2,2]",two_adic_label,X44,0,41.5,forbidden,-18.0,1841734,same-group GAL
torsion_structure,[6],two_adic_level,16,0,41.2,forbidden,-17.9,1885114,same-group GAL
two_adic_level,4,max_isogeny_degree,13,0,41.3,forbidden,-17.9,1885114,same-group GAL
torsion_structure,[6],two_adic_log_index,5,0,41.2,forbidden,-17.9,1885114,same-group GAL
max_isogeny_degree,16,v3_tamagawa,3,0,41.3,forbidden,-17.9,1889364,family L: torsion/isogeny constrains local data (T4/T13/T17 type)
n_kod_Ins,2,v5_tamagawa,3,0,41.1,forbidden,-17.9,1889364,same-group LOC
max_isogeny_degree,15,two_adic_log_index,2,0,41.3,forbidden,-17.9,1885114,same-group GAL
torsion_structure,[7],log_odd_tamagawa,b0,0,41.2,forbidden,-17.9,1889364,family L: torsion/isogeny constrains local data (T4/T13/T17 type)
odd_torsion,7,log_odd_tamagawa,b0,0,41.2,forbidden,-17.9,1889364,family L: torsion/isogeny constrains local data (T4/T13/T17 type)
two_adic_label,CM,has_5_isog,1,0,41.3,forbidden,-17.9,1841734,same-group GAL
torsion_structure,"[2,2]",two_adic_label,X32,0,40.9,forbidden,-17.8,1841734,same-group GAL
two_adic_label,X36,n_kod_In,0,0,40.9,forbidden,-17.8,1841734,family L: torsion/isogeny constrains local data (T4/T13/T17 type)
max_isogeny_degree,3,v5_tamagawa,3,2,48.0,depleted,-17.8,1889364,family L: torsion/isogeny constrains local data (T4/T13/T17 type)
two_adic_label,X32,n_torsion_gens,2,0,41.0,forbidden,-17.8,1841734,same-group GAL
v3_sha,3+,log_regulator,b5,0,40.9,forbidden,-17.8,1889364,same-group AN
two_adic_log_index,4,rank_c,3,4,53.7,depleted,-17.8,1885114,"C6 (rank and 2-, 3-torsion structure)"
two_adic_label,X8c,class_size,6,0,40.7,forbidden,-17.7,1841734,same-group GAL
two_adic_label,X13c,class_size,6,0,40.7,forbidden,-17.7,1841734,same-group GAL
two_adic_log_index,4,n_kod_IV,2,0,40.8,forbidden,-17.7,1885114,family L: torsion/isogeny constrains local data (T4/T13/T17 type)
n_torsion_gens,2,v7_tamagawa,2,5,56.2,depleted,-17.7,1889364,family L: torsion/isogeny constrains local data (T4/T13/T17 type)
max_isogeny_degree,18,frac_even,b3,0,40.8,forbidden,-17.7,1311066,T18/T5 (mod-l image fixes a_p mod l; c4=0 or c6=0 is CM)
two_adic_label,X13e,class_size,6,0,40.7,forbidden,-17.7,1841734,same-group GAL
two_adic_label,X13g,class_size,6,0,40.7,forbidden,-17.7,1841734,same-group GAL
two_adic_label,X3,max_isogeny_degree,9,0,40.7,forbidden,-17.7,1841734,same-group GAL
v2_torsion,3,odd_torsion,3,0,40.6,forbidden,-17.6,1889364,same-group GAL
two_adic_label,X17,two_adic_log_index,4,0,40.5,forbidden,-17.6,1837484,same-group GAL
n_kod_In,3+,n_kod_III,3+,0,40.4,forbidden,-17.6,1889364,same-group LOC
two_adic_label,X6,max_isogeny_degree,14,0,40.6,forbidden,-17.6,1841734,same-group GAL
two_adic_label,X16,two_adic_log_index,4,0,40.5,forbidden,-17.6,1837484,same-group GAL
max_isogeny_degree,6,n_kod_IV,2,0,40.2,forbidden,-17.5,1889364,family L: torsion/isogeny constrains local data (T4/T13/T17 type)
two_adic_label,X9d,n_bad_primes,6+,1,44.1,depleted,-17.5,1841734,family L: torsion/isogeny constrains local data (T4/T13/T17 type)
torsion_structure,[4],max_isogeny_degree,7,0,40.4,forbidden,-17.5,1889364,same-group GAL
two_adic_label,X10d,n_bad_primes,6+,1,44.1,depleted,-17.5,1841734,family L: torsion/isogeny constrains local data (T4/T13/T17 type)
max_isogeny_degree,15,log_j_height,b6,0,40.3,forbidden,-17.5,1889364,family L: torsion/isogeny constrains local data (T4/T13/T17 type)
two_adic_level,16,v5_tamagawa,2,0,40.3,forbidden,-17.5,1885114,family L: torsion/isogeny constrains local data (T4/T13/T17 type)
two_adic_label,X8,has_7_isog,1,0,40.1,forbidden,-17.4,1841734,same-group GAL
two_adic_label,X36,v3_tamagawa,3,0,40.0,forbidden,-17.4,1841734,family L: torsion/isogeny constrains local data (T4/T13/T17 type)
max_isogeny_degree,11,v2_tamagawa,4+,0,40.0,forbidden,-17.4,1889364,family L: torsion/isogeny constrains local data (T4/T13/T17 type)
v2_moddeg,2,n_kod_IIIs,2,0,40.1,forbidden,-17.4,1889364,"family P: Dummigan, Caro-Pasten bounds on v2(moddeg) from multiplicative primes"
v2_moddeg,0,v5_tamagawa,1,1,43.6,depleted,-17.3,1889364,"U1 (check Agashe-Ribet-Stein, Emerton: component groups and the congruence number)"
class_size,3,n_kod_III,2,0,39.9,forbidden,-17.3,1889364,family L: torsion/isogeny constrains local data (T4/T13/T17 type)
has_5_isog,1,v3_tamagawa,4+,0,39.9,forbidden,-17.3,1889364,family L: torsion/isogeny constrains local data (T4/T13/T17 type)
torsion_structure,"[2,2]",v7_tamagawa,2,5,55.1,depleted,-17.3,1889364,T13
two_adic_label,X9d,n_kod_In,0,0,39.6,forbidden,-17.2,1841734,family L: torsion/isogeny constrains local data (T4/T13/T17 type)
two_adic_label,X33,max_isogeny_degree,6,0,39.6,forbidden,-17.2,1841734,same-group GAL
two_adic_log_index,5,v5_tamagawa,2,0,39.6,forbidden,-17.2,1885114,family L: torsion/isogeny constrains local data (T4/T13/T17 type)
torsion_structure,"[2,6]",n_torsion_gens,1,0,39.7,forbidden,-17.2,1889364,I
two_adic_label,X10d,n_kod_In,0,0,39.6,forbidden,-17.2,1841734,family L: torsion/isogeny constrains local data (T4/T13/T17 type)
two_adic_label,X4,class_size,6,0,39.4,forbidden,-17.1,1841734,same-group GAL
max_isogeny_degree,6,has_5_isog,1,0,39.1,forbidden,-17.0,1311066,same-group GAL
is_cm,1,n_nonsplit_mult,4,0,39.0,forbidden,-17.0,1311066,T10
max_isogeny_degree,6,two_adic_log_index,6,0,39.2,forbidden,-17.0,1885114,same-group GAL
v3_sha,3+,log_regulator,b4,0,39.2,forbidden,-17.0,1889364,same-group AN
two_adic_label,X8,n_kod_IV,2,0,39.0,forbidden,-16.9,1841734,family L: torsion/isogeny constrains local data (T4/T13/T17 type)
two_adic_label,X6,max_isogeny_degree,11,0,38.9,forbidden,-16.9,1841734,same-group GAL
class_size,6,n_kod_IV,2,0,39.0,forbidden,-16.9,1889364,family L: torsion/isogeny constrains local data (T4/T13/T17 type)
two_adic_label,X15,is_cm,1,0,38.6,forbidden,-16.8,1841734,same-group GAL
two_adic_label,X19,is_cm,1,0,38.6,forbidden,-16.8,1841734,same-group GAL
v3_sha,3+,log_omega,b3,0,38.3,forbidden,-16.7,1889364,same-group AN
two_adic_label,X19,n_kod_III,2,0,38.1,forbidden,-16.6,1841734,family L: torsion/isogeny constrains local data (T4/T13/T17 type)
max_isogeny_degree,9,n_kod_III,2,0,38.3,forbidden,-16.6,1889364,family L: torsion/isogeny constrains local data (T4/T13/T17 type)
two_adic_label,X15,n_kod_III,2,0,38.1,forbidden,-16.6,1841734,family L: torsion/isogeny constrains local data (T4/T13/T17 type)
v3_sha,3+,log_regulator,b3,0,38.3,forbidden,-16.6,1889364,same-group AN
v3_sha,3+,st_mean,b0,0,38.3,forbidden,-16.6,1889364,"C7 (trace summaries are rank proxies; Sha and integral points follow rank by C4, T15)"
two_adic_label,X19,v2_moddeg,1,0,37.9,forbidden,-16.5,1841734,"family E: Eisenstein congruence, rational torsion/isogeny divides the congruence number"
max_isogeny_degree,15,log_j_height,b7,0,38.0,forbidden,-16.5,1889364,family L: torsion/isogeny constrains local data (T4/T13/T17 type)
v2_moddeg,1,n_intpts_x,8,0,37.9,forbidden,-16.5,1889364,U3 (likely via model size: T15)
n_kod_I0s,2,v3_tamagawa,4+,0,37.9,forbidden,-16.5,1889364,same-group LOC
max_isogeny_degree,27,v2_tamagawa,3,0,38.0,forbidden,-16.5,1889364,family L: torsion/isogeny constrains local data (T4/T13/T17 type)
two_adic_label,X13,c6_sign,0,0,37.9,forbidden,-16.5,1841734,family L: torsion/isogeny constrains local data (T4/T13/T17 type)
v3_sha,3+,n_intpts_x,2,1,41.6,depleted,-16.5,1889364,"U3 (likely via rank and period: T15, I1)"
class_size,3,n_kod_IIIs,2,0,38.0,forbidden,-16.5,1889364,family L: torsion/isogeny constrains local data (T4/T13/T17 type)
two_adic_label,X15,v2_moddeg,1,0,37.9,forbidden,-16.5,1841734,"family E: Eisenstein congruence, rational torsion/isogeny divides the congruence number"
two_adic_label,X13c,exceptional_image,1,0,37.7,forbidden,-16.4,1841734,same-group GAL
two_adic_label,X13g,exceptional_image,1,0,37.7,forbidden,-16.4,1841734,same-group GAL
two_adic_label,X8c,exceptional_image,1,0,37.7,forbidden,-16.4,1841734,same-group GAL
two_adic_label,X13e,exceptional_image,1,0,37.7,forbidden,-16.4,1841734,same-group GAL
max_isogeny_degree,5,n_kod_IVs,2,0,37.8,forbidden,-16.4,1889364,family L: torsion/isogeny constrains local data (T4/T13/T17 type)
torsion_structure,[4],rank_c,3,2,44.8,depleted,-16.4,1889364,"C6 (rank and 2-, 3-torsion structure)"
torsion_structure,[3],max_isogeny_degree,10,0,37.6,forbidden,-16.3,1889364,same-group GAL
has_7_isog,1,v3_tamagawa,3,0,37.6,forbidden,-16.3,1889364,family L: torsion/isogeny constrains local data (T4/T13/T17 type)
two_adic_level,32,n_nonsurj_primes,2,0,37.6,forbidden,-16.3,1885114,same-group GAL
v3_sha,3+,log_omega,b4,0,37.6,forbidden,-16.3,1889364,same-group AN
two_adic_label,X5,max_isogeny_degree,6,0,37.5,forbidden,-16.3,1841734,same-group GAL
torsion_structure,[4],c4_sign,0,0,37.5,forbidden,-16.3,1889364,family L: torsion/isogeny constrains local data (T4/T13/T17 type)
has_2_isog,1,v5_moddeg,6,4,49.9,depleted,-16.3,1889364,"family E: Eisenstein congruence, rational torsion/isogeny divides the congruence number"
max_isogeny_degree,16,st_m2,b1,5,52.5,depleted,-16.3,1311066,T18/T5 (mod-l image fixes a_p mod l)
two_adic_log_index,6,v3_moddeg,5,0,37.6,forbidden,-16.3,1885114,"family E: Eisenstein congruence, rational torsion/isogeny divides the congruence number"
two_adic_label,X3,has_5_isog,1,0,37.6,forbidden,-16.3,1841734,same-group GAL
v3_sha,3+,log_odd_moddeg,b3,0,37.2,forbidden,-16.2,1889364,same-group AN
v2_moddeg,0,n_kod_IIIs,1,2,44.1,depleted,-16.2,1889364,"family P: Dummigan, Caro-Pasten bounds on v2(moddeg) from multiplicative primes"
v3_sha,3+,log_odd_moddeg,b1,0,37.3,forbidden,-16.2,1889364,same-group AN
two_adic_label,X9c,class_size,3,0,37.1,forbidden,-16.1,1841734,same-group GAL
two_adic_label,X15,n_kod_IIIs,2,0,37.0,forbidden,-16.1,1841734,family L: torsion/isogeny constrains local data (T4/T13/T17 type)
max_isogeny_degree,10,two_adic_log_index,4,0,37.1,forbidden,-16.1,1885114,same-group GAL
two_adic_label,X19,n_kod_IIIs,2,0,37.0,forbidden,-16.1,1841734,family L: torsion/isogeny constrains local data (T4/T13/T17 type)
two_adic_label,X10a,class_size,3,0,37.1,forbidden,-16.1,1841734,same-group GAL
v3_sha,3+,log_abs_c4,b2,0,37.0,forbidden,-16.1,1889364,"I1+T11 (large Sha needs a small period, hence large c4 and Delta)"
v3_sha,3+,log_omega,b5,0,37.0,forbidden,-16.1,1889364,same-group AN
two_adic_label,X7,n_torsion_gens,2,0,36.9,forbidden,-16.0,1841734,same-group GAL
v3_sha,3+,log_area,b5,0,36.9,forbidden,-16.0,1889364,same-group AN
max_isogeny_degree,8,n_kod_IV,2,0,36.8,forbidden,-16.0,1889364,family L: torsion/isogeny constrains local data (T4/T13/T17 type)
two_adic_label,X7,v7_tamagawa,1,4,49.3,depleted,-16.0,1841734,family L: torsion/isogeny constrains local data (T4/T13/T17 type)
v2_moddeg,0,n_kod_II,1,1,40.5,depleted,-16.0,1889364,"family P: Dummigan, Caro-Pasten bounds on v2(moddeg) from multiplicative primes"
torsion_structure,"[2,2]",two_adic_label,X7,0,36.8,forbidden,-16.0,1841734,same-group GAL
v2_moddeg,0,n_kod_III,1,2,43.5,depleted,-15.9,1889364,"family P: Dummigan, Caro-Pasten bounds on v2(moddeg) from multiplicative primes"
max_isogeny_degree,25,n_kod_IV,1,0,36.5,forbidden,-15.9,1889364,family L: torsion/isogeny constrains local data (T4/T13/T17 type)
torsion_structure,[3],two_adic_label,X36n,0,36.7,forbidden,-15.9,1841734,same-group GAL
torsion_structure,[3],two_adic_label,X36l,0,36.7,forbidden,-15.9,1841734,same-group GAL
c6_sign,0,v7_tamagawa,1,0,36.7,forbidden,-15.9,1889364,T4 (local data and equation)
two_adic_label,X48,n_torsion_gens,2,0,36.6,forbidden,-15.9,1841734,same-group GAL
v7_tamagawa,3,log_odd_tamagawa,b0,0,36.6,forbidden,-15.9,1889364,same-group LOC
max_isogeny_degree,14,v3_tamagawa,1,0,36.6,forbidden,-15.9,1889364,family L: torsion/isogeny constrains local data (T4/T13/T17 type)
torsion_structure,"[2,2]",two_adic_label,X48,0,36.6,forbidden,-15.9,1841734,same-group GAL
torsion_structure,[4],v3_moddeg,8+,5,51.4,depleted,-15.8,1889364,"family E: Eisenstein congruence, rational torsion/isogeny divides the congruence number"
max_isogeny_degree,9,n_kod_IIIs,2,0,36.5,forbidden,-15.8,1889364,family L: torsion/isogeny constrains local data (T4/T13/T17 type)
torsion_structure,"[2,6]",max_isogeny_degree,1,0,36.0,forbidden,-15.7,1889364,same-group GAL
torsion_structure,"[2,6]",class_size,1,0,36.0,forbidden,-15.7,1889364,same-group GAL
max_isogeny_degree,37,n_kod_In,3+,0,36.2,forbidden,-15.7,1889364,family L: torsion/isogeny constrains local data (T4/T13/T17 type)
max_isogeny_degree,16,st_m2,b7,5,51.1,depleted,-15.7,1311066,T18/T5 (mod-l image fixes a_p mod l)
torsion_structure,[8],two_adic_level,2,0,36.2,forbidden,-15.7,1885114,same-group GAL
two_adic_label,X8,c4_sign,0,0,35.8,forbidden,-15.6,1841734,family L: torsion/isogeny constrains local data (T4/T13/T17 type)
max_isogeny_degree,13,frac_even,b0,0,35.8,forbidden,-15.6,1311066,T18/T5 (mod-l image fixes a_p mod l; c4=0 or c6=0 is CM)
torsion_structure,"[2,6]",n_nonsurj_primes,0,0,36.0,forbidden,-15.6,1889364,same-group GAL
v3_sha,3+,log_omega,b6,0,35.9,forbidden,-15.6,1889364,same-group AN
two_adic_label,X16,has_7_isog,1,0,36.0,forbidden,-15.6,1841734,same-group GAL
two_adic_label,X13f,two_adic_log_index,4,0,35.8,forbidden,-15.6,1837484,same-group GAL
two_adic_label,X10,v5_tamagawa,2,5,50.9,depleted,-15.6,1841734,family L: torsion/isogeny constrains local data (T4/T13/T17 type)
two_adic_label,X9,v5_tamagawa,2,5,50.9,depleted,-15.6,1841734,family L: torsion/isogeny constrains local data (T4/T13/T17 type)
two_adic_label,X17,has_7_isog,1,0,36.0,forbidden,-15.6,1841734,same-group GAL
torsion_structure,"[2,4]",n_nonsurj_primes,2,0,36.0,forbidden,-15.6,1889364,same-group GAL
torsion_structure,[8],two_adic_log_index,1,0,35.9,forbidden,-15.6,1885114,same-group GAL
two_adic_label,X8d,two_adic_log_index,4,0,35.8,forbidden,-15.6,1837484,same-group GAL
v5_sha,2,n_intpts_x,9,0,35.9,forbidden,-15.6,1889364,"U3 (likely via rank and period: T15, I1)"
v3_sha,3+,log_area,b6,0,35.8,forbidden,-15.6,1889364,same-group AN
two_adic_label,X13h,two_adic_log_index,4,0,35.8,forbidden,-15.6,1837484,same-group GAL
two_adic_label,X13d,two_adic_log_index,4,0,35.8,forbidden,-15.6,1837484,same-group GAL
v3_sha,3+,log_abs_c4,b1,0,35.7,forbidden,-15.5,1889364,"I1+T11 (large Sha needs a small period, hence large c4 and Delta)"
two_adic_label,X11,n_nonsplit_mult,4,0,35.8,forbidden,-15.5,1841734,family L: torsion/isogeny constrains local data (T4/T13/T17 type)
max_isogeny_degree,21,v3_moddeg,0,0,35.6,forbidden,-15.5,1889364,"family E: Eisenstein congruence, rational torsion/isogeny divides the congruence number"
torsion_structure,[8],n_bad_primes,3,3,45.2,depleted,-15.5,1889364,family L: torsion/isogeny constrains local data (T4/T13/T17 type)
max_isogeny_degree,2,n_kod_IVs,3+,0,35.7,forbidden,-15.5,1889364,family L: torsion/isogeny constrains local data (T4/T13/T17 type)
two_adic_level,4,max_isogeny_degree,15,0,35.7,forbidden,-15.5,1885114,same-group GAL
max_isogeny_degree,25,v2_torsion,2,0,35.8,forbidden,-15.5,1889364,same-group GAL
two_adic_label,X15,n_bad_primes,1,0,35.5,forbidden,-15.4,1841734,family L: torsion/isogeny constrains local data (T4/T13/T17 type)
torsion_structure,"[2,6]",v2_torsion,1,0,35.5,forbidden,-15.4,1889364,I
two_adic_label,X7,n_split_mult,4,0,35.4,forbidden,-15.4,1841734,family L: torsion/isogeny constrains local data (T4/T13/T17 type)
v3_sha,3+,nagao_1000,b0,1,39.1,depleted,-15.4,1889364,"C7 (trace summaries are rank proxies; Sha and integral points follow rank by C4, T15)"
torsion_structure,[6],max_isogeny_degree,5,0,35.6,forbidden,-15.4,1889364,same-group GAL
two_adic_label,X19,n_bad_primes,1,0,35.5,forbidden,-15.4,1841734,family L: torsion/isogeny constrains local data (T4/T13/T17 type)
torsion_structure,[10],has_5_isog,0,0,35.3,forbidden,-15.3,1889364,same-group GAL
two_adic_label,X9c,max_isogeny_degree,9,0,35.2,forbidden,-15.3,1841734,same-group GAL
two_adic_label,X10a,max_isogeny_degree,9,0,35.2,forbidden,-15.3,1841734,same-group GAL
two_adic_label,X8,max_isogeny_degree,7,0,35.3,forbidden,-15.3,1841734,same-group GAL
torsion_structure,"[2,4]",odd_torsion,3,0,35.3,forbidden,-15.3,1889364,I
n_kod_II,2,n_intpts_x,9,1,38.9,depleted,-15.3,1889364,U3 (likely via model size: T15)
exceptional_image,1,n_kod_Ins,3+,0,35.2,forbidden,-15.3,1889364,family L: torsion/isogeny constrains local data (T4/T13/T17 type)
two_adic_level,32,odd_torsion,3,0,35.2,forbidden,-15.3,1885114,same-group GAL
max_isogeny_degree,13,two_adic_log_index,3,0,35.3,forbidden,-15.3,1885114,same-group GAL
v3_moddeg,5,c6_sign,0,0,35.0,forbidden,-15.2,1889364,T10 (c4=0 or c6=0 is a CM curve with j=0 or 1728)
max_isogeny_degree,15,n_additive,1,2,41.8,depleted,-15.2,1311066,family L: torsion/isogeny constrains local data (T4/T13/T17 type)
max_isogeny_degree,12,n_bad_primes,2,0,34.7,forbidden,-15.1,1311066,family L: torsion/isogeny constrains local data (T4/T13/T17 type)
max_isogeny_degree,11,c4_sign,-1,0,34.8,forbidden,-15.1,1889364,family L: torsion/isogeny constrains local data (T4/T13/T17 type)
max_isogeny_degree,14,c4_sign,-1,0,34.7,forbidden,-15.1,1889364,family L: torsion/isogeny constrains local data (T4/T13/T17 type)
v3_sha,3+,log_regulator,b0,0,34.7,forbidden,-15.1,1889364,same-group AN
v3_sha,3+,log_abs_c4,b4,1,38.3,depleted,-15.0,1889364,"I1+T11 (large Sha needs a small period, hence large c4 and Delta)"
torsion_structure,[],v5_tamagawa,4+,4,46.7,depleted,-15.0,1889364,T13
n_torsion_gens,0,v5_tamagawa,4+,4,46.7,depleted,-15.0,1889364,family L: torsion/isogeny constrains local data (T4/T13/T17 type)
two_adic_label,X34,v3_tamagawa,3,0,34.6,forbidden,-15.0,1841734,family L: torsion/isogeny constrains local data (T4/T13/T17 type)
torsion_structure,[3],max_isogeny_degree,18,0,34.5,forbidden,-15.0,1889364,same-group GAL
max_isogeny_degree,13,log_j_height,b7,4,46.7,depleted,-15.0,1889364,family L: torsion/isogeny constrains local data (T4/T13/T17 type)
torsion_structure,[10],odd_torsion,1,0,34.4,forbidden,-14.9,1889364,I
two_adic_log_index,4,n_kod_IIs,2,0,34.2,forbidden,-14.9,1885114,family L: torsion/isogeny constrains local data (T4/T13/T17 type)
two_adic_label,X34,v3_moddeg,6,4,46.4,depleted,-14.9,1841734,"family E: Eisenstein congruence, rational torsion/isogeny divides the congruence number"
torsion_structure,[2],v5_tamagawa,4+,0,34.3,forbidden,-14.9,1889364,T13
max_isogeny_degree,13,v5_tamagawa,1,0,34.4,forbidden,-14.9,1889364,family L: torsion/isogeny constrains local data (T4/T13/T17 type)
torsion_structure,[4],n_kod_IV,2,0,34.1,forbidden,-14.8,1889364,family L: torsion/isogeny constrains local data (T4/T13/T17 type)
v3_sha,3+,log_area,b4,1,37.7,depleted,-14.8,1889364,same-group AN
two_adic_label,X9,n_kod_II,2,0,34.2,forbidden,-14.8,1841734,family L: torsion/isogeny constrains local data (T4/T13/T17 type)
two_adic_label,X10,n_kod_II,2,0,34.2,forbidden,-14.8,1841734,family L: torsion/isogeny constrains local data (T4/T13/T17 type)
v3_sha,3+,log_abs_c4,b3,1,37.6,depleted,-14.8,1889364,"I1+T11 (large Sha needs a small period, hence large c4 and Delta)"
max_isogeny_degree,11,n_bad_primes,4,0,34.2,forbidden,-14.8,1311066,family L: torsion/isogeny constrains local data (T4/T13/T17 type)
two_adic_label,X13g,max_isogeny_degree,8,0,33.7,forbidden,-14.7,1841734,same-group GAL
two_adic_label,X13e,max_isogeny_degree,8,0,33.7,forbidden,-14.7,1841734,same-group GAL
two_adic_label,X13c,max_isogeny_degree,8,0,33.7,forbidden,-14.7,1841734,same-group GAL
two_adic_label,X8c,max_isogeny_degree,8,0,33.7,forbidden,-14.7,1841734,same-group GAL
max_isogeny_degree,6,n_kod_IIs,2,0,33.9,forbidden,-14.7,1889364,family L: torsion/isogeny constrains local data (T4/T13/T17 type)
v2_moddeg,0,n_intpts_x,3,4,45.9,depleted,-14.7,1889364,U3 (likely via model size: T15)
rank_c,2,v3_sha,3+,0,33.8,forbidden,-14.7,1889364,C4
n_kod_In,3+,n_kod_II,3+,0,33.9,forbidden,-14.7,1889364,same-group LOC
torsion_structure,[8],v2_tamagawa,1,0,33.8,forbidden,-14.7,1889364,family L: torsion/isogeny constrains local data (T4/T13/T17 type)
v2_torsion,2,v5_tamagawa,3,0,33.8,forbidden,-14.7,1889364,family L: torsion/isogeny constrains local data (T4/T13/T17 type)
torsion_structure,[8],n_kod_In,2,3,43.1,depleted,-14.6,1889364,family L: torsion/isogeny constrains local data (T4/T13/T17 type)
torsion_structure,[4],two_adic_label,X2,0,33.5,forbidden,-14.6,1841734,same-group GAL
two_adic_label,X8,n_kod_IIs,2,0,33.5,forbidden,-14.6,1841734,family L: torsion/isogeny constrains local data (T4/T13/T17 type)
max_isogeny_degree,18,two_adic_log_index,4,0,33.6,forbidden,-14.6,1885114,same-group GAL
max_isogeny_degree,27,v3_moddeg,0,1,37.2,depleted,-14.6,1889364,"family E: Eisenstein congruence, rational torsion/isogeny divides the congruence number"
n_additive,1,n_kod_IIIs,3+,0,33.6,forbidden,-14.6,1889364,same-group LOC
two_adic_label,X25,odd_torsion,3,0,33.5,forbidden,-14.5,1841734,same-group GAL
two_adic_label,X33,v3_moddeg,6,2,40.2,depleted,-14.5,1841734,"family E: Eisenstein congruence, rational torsion/isogeny divides the congruence number"
torsion_structure,[8],v2_tamagawa,2,0,33.5,forbidden,-14.5,1889364,family L: torsion/isogeny constrains local data (T4/T13/T17 type)
v3_sha,3+,log_omega,b7,0,33.3,forbidden,-14.5,1889364,same-group AN
v3_moddeg,7,n_kod_III,2,0,33.5,forbidden,-14.5,1889364,family M: valuations track the size of moddeg (T12)
two_adic_label,X10a,has_5_isog,1,0,33.1,forbidden,-14.4,1841734,same-group GAL
torsion_structure,[10],v5_tamagawa,0,0,33.2,forbidden,-14.4,1889364,T13
max_isogeny_degree,11,n_nonsplit_mult,1,0,33.1,forbidden,-14.4,1311066,family L: torsion/isogeny constrains local data (T4/T13/T17 type)
max_isogeny_degree,7,v3_tamagawa,3,0,33.2,forbidden,-14.4,1889364,family L: torsion/isogeny constrains local data (T4/T13/T17 type)
torsion_structure,[3],v2_torsion,3,0,33.1,forbidden,-14.4,1889364,I
v3_moddeg,1,n_kod_IVs,3+,0,33.1,forbidden,-14.4,1889364,family M: valuations track the size of moddeg (T12)
two_adic_label,X44,v2_moddeg,3,0,33.1,forbidden,-14.4,1841734,"family E: Eisenstein congruence, rational torsion/isogeny divides the congruence number"
two_adic_label,X38,v2_moddeg,3,0,33.1,forbidden,-14.4,1841734,"family E: Eisenstein congruence, rational torsion/isogeny divides the congruence number"
two_adic_label,X9c,has_5_isog,1,0,33.1,forbidden,-14.4,1841734,same-group GAL
two_adic_label,X25,v2_moddeg,3,0,32.8,forbidden,-14.3,1841734,"family E: Eisenstein congruence, rational torsion/isogeny divides the congruence number"
max_isogeny_degree,18,st_m2,b5,0,32.8,forbidden,-14.3,1311066,T18/T5 (mod-l image fixes a_p mod l)
two_adic_level,16,n_kod_IVs,2,0,33.0,forbidden,-14.3,1885114,family L: torsion/isogeny constrains local data (T4/T13/T17 type)
two_adic_label,X19,class_size,8,0,33.0,forbidden,-14.3,1841734,same-group GAL
two_adic_label,X15,max_isogeny_degree,12,0,33.0,forbidden,-14.3,1841734,same-group GAL
v2_torsion,1,v5_moddeg,6,4,44.9,depleted,-14.3,1889364,"family E: Eisenstein congruence, rational torsion/isogeny divides the congruence number"
two_adic_label,X15,class_size,8,0,33.0,forbidden,-14.3,1841734,same-group GAL
two_adic_label,X19,max_isogeny_degree,12,0,33.0,forbidden,-14.3,1841734,same-group GAL
class_size,3,max_isogeny_degree,6,0,32.9,forbidden,-14.3,1311066,same-group GAL
torsion_structure,[2],v5_moddeg,6,4,44.7,depleted,-14.2,1889364,"family E: Eisenstein congruence, rational torsion/isogeny divides the congruence number"
two_adic_label,X4,max_isogeny_degree,8,0,32.6,forbidden,-14.2,1841734,same-group GAL
v2_torsion,3,n_nonsplit_mult,4,0,32.7,forbidden,-14.2,1889364,family L: torsion/isogeny constrains local data (T4/T13/T17 type)
torsion_structure,[8],n_additive,2,0,32.7,forbidden,-14.2,1889364,family L: torsion/isogeny constrains local data (T4/T13/T17 type)
v3_sha,3+,log_area,b7,0,32.8,forbidden,-14.2,1889364,same-group AN
class_size,6,n_kod_IIs,2,0,32.7,forbidden,-14.2,1889364,family L: torsion/isogeny constrains local data (T4/T13/T17 type)
two_adic_log_index,5,n_kod_IVs,2,0,32.6,forbidden,-14.1,1885114,family L: torsion/isogeny constrains local data (T4/T13/T17 type)
v3_sha,3+,log_odd_moddeg,b2,0,32.5,forbidden,-14.1,1889364,same-group AN
max_isogeny_degree,11,n_split_mult,1,0,32.5,forbidden,-14.1,1311066,family L: torsion/isogeny constrains local data (T4/T13/T17 type)
exceptional_image,1,n_split_mult,5+,0,32.4,forbidden,-14.1,1889364,family L: torsion/isogeny constrains local data (T4/T13/T17 type)
two_adic_label,X6,n_kod_I0s,3+,2,39.2,depleted,-14.1,1841734,family L: torsion/isogeny constrains local data (T4/T13/T17 type)
two_adic_level,16,v7_moddeg,3,0,32.4,forbidden,-14.1,1885114,"family E: Eisenstein congruence, rational torsion/isogeny divides the congruence number"
max_isogeny_degree,18,st_m2,b6,0,32.3,forbidden,-14.0,1311066,T18/T5 (mod-l image fixes a_p mod l)
v7_sha,2,n_intpts_x,5,0,32.2,forbidden,-14.0,1889364,"U3 (likely via rank and period: T15, I1)"
torsion_structure,[7],has_2_isog,1,0,32.1,forbidden,-14.0,1889364,same-group GAL
v2_torsion,3,v2_moddeg,3,4,44.2,depleted,-14.0,1889364,"family E: Eisenstein congruence, rational torsion/isogeny divides the congruence number"
class_size,1,max_isogeny_degree,27,0,32.3,forbidden,-14.0,1311066,same-group GAL
has_2_isog,1,odd_torsion,7,0,32.1,forbidden,-14.0,1889364,same-group GAL
v3_sha,3+,log_omega,b2,2,39.0,depleted,-14.0,1889364,same-group AN
two_adic_label,X38,odd_torsion,3,0,32.1,forbidden,-13.9,1841734,same-group GAL
max_isogeny_degree,3,v2_moddeg,0,2,38.6,depleted,-13.9,1889364,"family E: Eisenstein congruence, rational torsion/isogeny divides the congruence number"
n_kod_Ins,3+,v5_tamagawa,2,0,32.0,forbidden,-13.9,1889364,same-group LOC
n_additive,0,n_kod_IVs,3+,0,31.9,forbidden,-13.9,1889364,same-group LOC
class_size,1,max_isogeny_degree,21,0,32.0,forbidden,-13.9,1311066,same-group GAL
max_isogeny_degree,5,v3_tamagawa,4+,0,32.1,forbidden,-13.9,1889364,family L: torsion/isogeny constrains local data (T4/T13/T17 type)
two_adic_label,X13d,has_7_isog,1,0,32.0,forbidden,-13.9,1841734,same-group GAL
two_adic_label,X13h,has_7_isog,1,0,32.0,forbidden,-13.9,1841734,same-group GAL
two_adic_label,X44,odd_torsion,3,0,32.1,forbidden,-13.9,1841734,same-group GAL
two_adic_label,X8d,has_7_isog,1,0,32.0,forbidden,-13.9,1841734,same-group GAL
two_adic_label,X13f,has_7_isog,1,0,32.0,forbidden,-13.9,1841734,same-group GAL
v3_sha,3+,st_mean,b1,1,35.4,depleted,-13.8,1889364,"C7 (trace summaries are rank proxies; Sha and integral points follow rank by C4, T15)"
n_split_mult,1,v5_tamagawa,4+,0,31.8,forbidden,-13.8,1889364,same-group LOC
n_torsion_gens,0,odd_torsion,7,0,31.8,forbidden,-13.8,1889364,same-group GAL
torsion_structure,[4],two_adic_label,X36,0,31.7,forbidden,-13.8,1841734,same-group GAL
max_isogeny_degree,15,two_adic_log_index,3,0,31.8,forbidden,-13.8,1885114,same-group GAL
max_isogeny_degree,13,n_bad_primes,5,0,31.8,forbidden,-13.8,1311066,family L: torsion/isogeny constrains local data (T4/T13/T17 type)
torsion_structure,[],odd_torsion,7,0,31.8,forbidden,-13.8,1889364,I
torsion_structure,[7],n_torsion_gens,0,0,31.8,forbidden,-13.8,1889364,I
torsion_structure,[8],n_split_mult,0,0,31.6,forbidden,-13.7,1889364,family L: torsion/isogeny constrains local data (T4/T13/T17 type)
torsion_structure,"[2,6]",class_size,2,0,31.5,forbidden,-13.7,1889364,same-group GAL
torsion_structure,[4],n_additive,4+,0,31.2,forbidden,-13.6,1889364,family L: torsion/isogeny constrains local data (T4/T13/T17 type)
two_adic_label,X8d,rank_c,3,1,34.9,depleted,-13.6,1841734,"C6 (rank and 2-, 3-torsion structure)"
exceptional_image,1,n_nonsplit_mult,5+,0,31.3,forbidden,-13.6,1889364,family L: torsion/isogeny constrains local data (T4/T13/T17 type)
max_isogeny_degree,14,log_odd_tamagawa,b1,0,31.2,forbidden,-13.6,1889364,family L: torsion/isogeny constrains local data (T4/T13/T17 type)
two_adic_label,X13d,rank_c,3,1,34.9,depleted,-13.6,1841734,"C6 (rank and 2-, 3-torsion structure)"
two_adic_label,X13h,rank_c,3,1,34.9,depleted,-13.6,1841734,"C6 (rank and 2-, 3-torsion structure)"
two_adic_label,X10,v3_tamagawa,4+,2,37.9,depleted,-13.6,1841734,family L: torsion/isogeny constrains local data (T4/T13/T17 type)
two_adic_label,X13f,rank_c,3,1,34.9,depleted,-13.6,1841734,"C6 (rank and 2-, 3-torsion structure)"
two_adic_label,X9,v3_tamagawa,4+,2,37.9,depleted,-13.6,1841734,family L: torsion/isogeny constrains local data (T4/T13/T17 type)
two_adic_label,X10,v5_moddeg,4,4,42.9,depleted,-13.5,1841734,"family E: Eisenstein congruence, rational torsion/isogeny divides the congruence number"
two_adic_label,X9,v5_moddeg,4,4,42.9,depleted,-13.5,1841734,"family E: Eisenstein congruence, rational torsion/isogeny divides the congruence number"
n_kod_IIs,2,n_intpts_x,7,0,31.1,forbidden,-13.5,1889364,U3 (likely via model size: T15)
max_isogeny_degree,12,two_adic_log_index,5,0,31.2,forbidden,-13.5,1885114,same-group GAL
v3_moddeg,2,n_kod_IVs,3+,0,31.0,forbidden,-13.4,1889364,family M: valuations track the size of moddeg (T12)
two_adic_label,X16,c4_sign,0,0,30.9,forbidden,-13.4,1841734,family L: torsion/isogeny constrains local data (T4/T13/T17 type)
two_adic_label,X17,c4_sign,0,0,30.9,forbidden,-13.4,1841734,family L: torsion/isogeny constrains local data (T4/T13/T17 type)
two_adic_label,X17,max_isogeny_degree,7,0,31.0,forbidden,-13.4,1841734,same-group GAL
two_adic_label,X11,odd_torsion,3,0,31.0,forbidden,-13.4,1841734,same-group GAL
two_adic_level,16,v5_moddeg,4,0,30.7,forbidden,-13.4,1885114,"family E: Eisenstein congruence, rational torsion/isogeny divides the congruence number"
two_adic_label,X16,max_isogeny_degree,7,0,31.0,forbidden,-13.4,1841734,same-group GAL
max_isogeny_degree,16,has_3_isog,1,0,30.8,forbidden,-13.4,1311066,same-group GAL
max_isogeny_degree,8,n_kod_IIs,2,0,30.9,forbidden,-13.4,1889364,family L: torsion/isogeny constrains local data (T4/T13/T17 type)
v5_tamagawa,4+,n_intpts_x,0,0,30.8,forbidden,-13.4,1889364,"U3 (likely via torsion: T13, T15)"
two_adic_label,X19,two_adic_log_index,4,0,30.7,forbidden,-13.3,1837484,same-group GAL
v7_sha,2,n_split_mult,4,3,39.9,depleted,-13.3,1889364,C9/I1 (Sha and Tamagawa enter BSD as a product)
n_nonsurj_primes,2,v7_tamagawa,2,0,30.6,forbidden,-13.3,1889364,family L: torsion/isogeny constrains local data (T4/T13/T17 type)
two_adic_label,X11,v2_moddeg,3,0,30.7,forbidden,-13.3,1841734,"family E: Eisenstein congruence, rational torsion/isogeny divides the congruence number"
two_adic_label,X15,two_adic_log_index,4,0,30.7,forbidden,-13.3,1837484,same-group GAL
max_isogeny_degree,25,v3_tamagawa,2,0,30.7,forbidden,-13.3,1889364,family L: torsion/isogeny constrains local data (T4/T13/T17 type)
two_adic_label,X6,n_kod_IVs,3+,0,30.7,forbidden,-13.3,1841734,family L: torsion/isogeny constrains local data (T4/T13/T17 type)
two_adic_label,X33,v3_tamagawa,3,0,30.3,forbidden,-13.2,1841734,family L: torsion/isogeny constrains local data (T4/T13/T17 type)
two_adic_label,X36l,max_isogeny_degree,6,0,30.3,forbidden,-13.2,1841734,same-group GAL
two_adic_level,16,max_isogeny_degree,12,0,30.4,forbidden,-13.2,1885114,same-group GAL
torsion_structure,[6],exceptional_image,1,0,30.4,forbidden,-13.2,1889364,same-group GAL
two_adic_label,X25,n_nonsurj_primes,2,0,30.3,forbidden,-13.2,1841734,same-group GAL
n_additive,3,v5_tamagawa,3,0,30.4,forbidden,-13.2,1889364,same-group LOC
two_adic_label,X36n,max_isogeny_degree,6,0,30.3,forbidden,-13.2,1841734,same-group GAL
n_nonsplit_mult,4,v7_tamagawa,2,4,41.9,depleted,-13.1,1889364,same-group LOC
two_adic_label,CM,max_isogeny_degree,5,0,30.2,forbidden,-13.1,1841734,same-group GAL
v2_torsion,3,n_kod_In,0,0,30.1,forbidden,-13.1,1889364,family L: torsion/isogeny constrains local data (T4/T13/T17 type)
two_adic_label,X44,n_nonsurj_primes,2,0,30.2,forbidden,-13.1,1841734,same-group GAL
torsion_structure,[5],odd_torsion,3,0,30.2,forbidden,-13.1,1889364,I
two_adic_label,X38,n_nonsurj_primes,2,0,30.2,forbidden,-13.1,1841734,same-group GAL
n_bad_primes,2,v5_tamagawa,3,0,30.2,forbidden,-13.1,1889364,same-group LOC
two_adic_log_index,1,n_kod_I0s,3+,2,36.5,depleted,-13.0,1885114,family L: torsion/isogeny constrains local data (T4/T13/T17 type)
v3_sha,3+,log_abs_c4,b0,1,33.5,depleted,-13.0,1889364,"I1+T11 (large Sha needs a small period, hence large c4 and Delta)"
v3_sha,3+,nagao_1000,b3,3,39.2,depleted,-13.0,1889364,"C7 (trace summaries are rank proxies; Sha and integral points follow rank by C4, T15)"
torsion_structure,"[2,4]",v2_moddeg,3,3,38.5,depleted,-12.8,1889364,"family E: Eisenstein congruence, rational torsion/isogeny divides the congruence number"
n_kod_IVs,3+,v2_tamagawa,4+,1,32.9,depleted,-12.8,1889364,same-group LOC
class_size,1,v5_tamagawa,4+,4,41.2,depleted,-12.8,1889364,family L: torsion/isogeny constrains local data (T4/T13/T17 type)
max_isogeny_degree,1,v5_tamagawa,4+,4,41.2,depleted,-12.8,1889364,family L: torsion/isogeny constrains local data (T4/T13/T17 type)
v3_sha,3+,nagao_1000,b1,1,32.7,depleted,-12.7,1889364,"C7 (trace summaries are rank proxies; Sha and integral points follow rank by C4, T15)"
two_adic_log_index,5,v2_moddeg,1,4,41.0,depleted,-12.7,1885114,"family E: Eisenstein congruence, rational torsion/isogeny divides the congruence number"
torsion_structure,"[2,6]",n_split_mult,1,1,32.7,depleted,-12.7,1889364,family L: torsion/isogeny constrains local data (T4/T13/T17 type)
v3_sha,3+,log_area,b3,3,38.4,depleted,-12.7,1889364,same-group AN
two_adic_label,X36l,n_intpts_x,10+,3,38.3,depleted,-12.7,1841734,T15 (torsion points are integral)
n_nonsurj_primes,0,v5_tamagawa,4+,4,41.0,depleted,-12.7,1889364,family L: torsion/isogeny constrains local data (T4/T13/T17 type)
two_adic_label,X44,n_split_mult,4,4,40.7,depleted,-12.6,1841734,family L: torsion/isogeny constrains local data (T4/T13/T17 type)
max_isogeny_degree,11,n_additive,1,3,38.2,depleted,-12.6,1311066,family L: torsion/isogeny constrains local data (T4/T13/T17 type)
v3_moddeg,7,n_kod_IIIs,2,1,32.6,depleted,-12.6,1889364,family M: valuations track the size of moddeg (T12)
two_adic_label,X38,n_split_mult,4,4,40.7,depleted,-12.6,1841734,family L: torsion/isogeny constrains local data (T4/T13/T17 type)
n_split_mult,2,n_kod_IVs,3+,2,35.4,depleted,-12.6,1889364,same-group LOC
v3_sha,3+,mur_lo,b0,3,37.8,depleted,-12.5,1889364,"C7 (trace summaries are rank proxies; Sha and integral points follow rank by C4, T15)"
n_nonsplit_mult,2,n_kod_IVs,3+,2,35.0,depleted,-12.4,1889364,same-group LOC
two_adic_level,2,n_kod_I0s,3+,3,37.4,depleted,-12.3,1885114,family L: torsion/isogeny constrains local data (T4/T13/T17 type)
n_kod_I0s,2,n_kod_IIIs,2,1,31.9,depleted,-12.3,1889364,same-group LOC
n_kod_IIIs,2,n_intpts_x,9,3,36.1,depleted,-11.8,1889364,U3 (likely via model size: T15)
two_adic_label,X19,v3_moddeg,8+,3,36.0,depleted,-11.7,1841734,"family E: Eisenstein congruence, rational torsion/isogeny divides the congruence number"
two_adic_label,X15,v3_moddeg,8+,3,36.0,depleted,-11.7,1841734,"family E: Eisenstein congruence, rational torsion/isogeny divides the congruence number"
n_kod_II,2,n_kod_I0s,2,3,34.5,depleted,-11.1,1889364,same-group LOC
v5_moddeg,6,v2_tamagawa,4+,2,31.9,depleted,-11.1,1889364,"U1 (check Agashe-Ribet-Stein, Emerton: component groups and the congruence number)"
two_adic_log_index,5,v7_moddeg,3,2,31.4,depleted,-10.9,1885114,"family E: Eisenstein congruence, rational torsion/isogeny divides the congruence number"
max_isogeny_degree,11,v3_moddeg,0,2,31.0,depleted,-10.8,1889364,"family E: Eisenstein congruence, rational torsion/isogeny divides the congruence number"
max_isogeny_degree,18,frac_zero,b2,3,33.6,depleted,-10.8,1311066,T18/T5 (mod-l image fixes a_p mod l; c4=0 or c6=0 is CM)
torsion_structure,[5],n_nonsurj_primes,2,2,30.9,depleted,-10.8,1889364,same-group GAL
n_kod_III,2,n_kod_I0s,2,3,32.9,depleted,-10.5,1889364,same-group LOC
two_adic_label,X7,v2_moddeg,3,2,30.1,depleted,-10.4,1841734,"family E: Eisenstein congruence, rational torsion/isogeny divides the congruence number"
v7_tamagawa,2,log_odd_sha,b1,3,32.3,depleted,-10.3,1889364,C9/I1 (Sha and Tamagawa enter BSD as a product)
max_isogeny_degree,18,st_m2,b7,3,30.7,depleted,-9.7,1311066,T18/T5 (mod-l image fixes a_p mod l)
two_adic_label,X44,n_intpts_x,10+,3,30.5,depleted,-9.6,1841734,T15 (torsion points are integral)
max_isogeny_degree,25,n_bad_primes,5,3,30.2,depleted,-9.5,1311066,family L: torsion/isogeny constrains local data (T4/T13/T17 type)
